X,Y,Index_,ACCNUM,YEAR,DATE,TIME,Hour,STREET1,STREET2,OFFSET,ROAD_CLASS,District,LATITUDE,LONGITUDE,LOCCOORD,ACCLOC,TRAFFCTL,VISIBILITY,LIGHT,RDSFCOND,ACCLASS,IMPACTYPE,INVTYPE,INVAGE,INJURY,FATAL_NO,INITDIR,VEHTYPE,MANOEUVER,DRIVACT,DRIVCOND,PEDTYPE,PEDACT,PEDCOND,CYCLISTYPE,CYCACT,CYCCOND,PEDESTRIAN,CYCLIST,AUTOMOBILE,MOTORCYCLE,TRUCK,TRSN_CITY_,EMERG_VEH,PASSENGER,SPEEDING,AG_DRIV,REDLIGHT,ALCOHOL,DISABILITY,Division,Ward_Name,Ward_ID,Hood_ID,Hood_Name,ObjectId
-79.344211,43.73693,80721638,6001937894,2016,2016-10-31T04:00:00.000Z,2035,20,LAWRENCE AVE E,DON MILLS RD,45 m West of,Major Arterial,North York,43.73693,-79.344211,Mid-Block,Non Intersection,No Control,Clear,"Dark, artificial",Dry,Non-Fatal Injury,Pedestrian Collisions,Driver,40 to 44,Minimal,0,West,"Automobile, Station Wagon",Going Ahead,Driving Properly,Normal, , , , , , ,Yes, ,Yes, , , , ,Yes,Yes,Yes, ,Yes, ,33,,,42,,1086
-79.344211,43.73693,80721639,6001937894,2016,2016-10-31T04:00:00.000Z,2035,20,LAWRENCE AVE E,DON MILLS RD,45 m West of,Major Arterial,North York,43.73693,-79.344211,Mid-Block,Non Intersection,No Control,Clear,"Dark, artificial",Dry,Non-Fatal Injury,Pedestrian Collisions,Passenger,5 to 9,Minimal,0, , , , , , , , , , , ,Yes, ,Yes, , , , ,Yes,Yes,Yes, ,Yes, ,33,,,42,,1087
-79.344211,43.73693,80721640,6001937894,2016,2016-10-31T04:00:00.000Z,2035,20,LAWRENCE AVE E,DON MILLS RD,45 m West of,Major Arterial,North York,43.73693,-79.344211,Mid-Block,Non Intersection,No Control,Clear,"Dark, artificial",Dry,Non-Fatal Injury,Pedestrian Collisions,Passenger,5 to 9,Minimal,0, , , , , , , , , , , ,Yes, ,Yes, , , , ,Yes,Yes,Yes, ,Yes, ,33,,,42,,1088
-79.344211,43.73693,80721641,6001937894,2016,2016-10-31T04:00:00.000Z,2035,20,LAWRENCE AVE E,DON MILLS RD,45 m West of,Major Arterial,North York,43.73693,-79.344211,Mid-Block,Non Intersection,No Control,Clear,"Dark, artificial",Dry,Non-Fatal Injury,Pedestrian Collisions,Pedestrian,10 to 14,Major,0,Unknown, , , , ,Pedestrian hit on sidewalk or shoulder,On Sidewalk or Shoulder,Normal, , , ,Yes, ,Yes, , , , ,Yes,Yes,Yes, ,Yes, ,33,,,42,,1089
-79.344211,43.73693,80721642,6001937894,2016,2016-10-31T04:00:00.000Z,2035,20,LAWRENCE AVE E,DON MILLS RD,45 m West of,Major Arterial,North York,43.73693,-79.344211,Mid-Block,Non Intersection,No Control,Clear,"Dark, artificial",Dry,Non-Fatal Injury,Pedestrian Collisions,Pedestrian,10 to 14,Major,0,Unknown, , , , ,Pedestrian hit on sidewalk or shoulder,On Sidewalk or Shoulder,Normal, , , ,Yes, ,Yes, , , , ,Yes,Yes,Yes, ,Yes, ,33,,,42,,1090
-79.344211,43.73693,80721643,6001937894,2016,2016-10-31T04:00:00.000Z,2035,20,LAWRENCE AVE E,DON MILLS RD,45 m West of,Major Arterial,North York,43.73693,-79.344211,Mid-Block,Non Intersection,No Control,Clear,"Dark, artificial",Dry,Non-Fatal Injury,Pedestrian Collisions,Pedestrian,10 to 14,Minor,0,Unknown, , , , ,Pedestrian hit on sidewalk or shoulder,On Sidewalk or Shoulder,Normal, , , ,Yes, ,Yes, , , , ,Yes,Yes,Yes, ,Yes, ,33,,,42,,1091
-79.22742,43.729457,80494144,5002074254,2015,2015-12-03T05:00:00.000Z,2038,20,KINGSTON RD,FAIRCROFT BLVD,119 m West of,Major Arterial,Scarborough,43.729457,-79.22742,Mid-Block,Non Intersection,No Control,Clear,"Dark, artificial",Dry,Fatal,SMV Unattended Vehicle,Driver,30 to 34,Fatal,61,West,"Automobile, Station Wagon",Going Ahead,Lost control,Inattentive, , , , , , , , ,Yes, , , , , ,Yes,Yes, , , ,43,,,123,,1092
-79.22742,43.729457,80494145,5002074254,2015,2015-12-03T05:00:00.000Z,2038,20,KINGSTON RD,FAIRCROFT BLVD,119 m West of,Major Arterial,Scarborough,43.729457,-79.22742,Mid-Block,Non Intersection,No Control,Clear,"Dark, artificial",Dry,Fatal,SMV Unattended Vehicle,Other,unknown,None,0,Unknown,Delivery Van,Parked, , , , , , , , , , ,Yes, , , , , ,Yes,Yes, , , ,43,,,123,,1093
-79.55519,43.614345,5242451,1105956,2009,2009-04-29T04:00:00.000Z,2039,20,THE QUEENSWAY Stre,NORTH QUEEN ST, ,Major Arterial,Etobicoke York,43.614345,-79.55519,Mid-Block, ,No Control,Clear,Dark,Dry,Non-Fatal Injury,Turning Movement,Driver,20 to 24,None,0,South,"Automobile, Station Wagon",Turning Right,Improper Turn,Inattentive, , , , , , , , ,Yes,Yes, , , , ,Yes,Yes, , , ,22,,,14,,1094
-79.55519,43.614345,5242452,1105956,2009,2009-04-29T04:00:00.000Z,2039,20,THE QUEENSWAY Stre,NORTH QUEEN ST, ,Major Arterial,Etobicoke York,43.614345,-79.55519,Mid-Block, ,No Control,Clear,Dark,Dry,Non-Fatal Injury,Turning Movement,Motorcycle Driver,25 to 29,Major,0,West,Motorcycle,Going Ahead,Exceeding Speed Limit,Inattentive, , , , , , , , ,Yes,Yes, , , , ,Yes,Yes, , , ,22,,,14,,1095
-79.60159,43.730445,5333191,1026199,2008,2008-02-26T05:00:00.000Z,2040,20,HUMBER COLLEGE BLVD,HIGHWAY 27  S, ,Major Arterial,Etobicoke York,43.730445,-79.60159,Intersection, ,Traffic Signal,Snow,Dark,Wet,Non-Fatal Injury,Rear End,Passenger,20 to 24,Major,0, ,Other, , , , , , , , , , , ,Yes, , , , ,Yes,Yes,Yes, , , ,23,,,1,,1096
-79.60159,43.730445,5333192,1026199,2008,2008-02-26T05:00:00.000Z,2040,20,HUMBER COLLEGE BLVD,HIGHWAY 27  S, ,Major Arterial,Etobicoke York,43.730445,-79.60159,Intersection, ,Traffic Signal,Snow,Dark,Wet,Non-Fatal Injury,Rear End,Driver,20 to 24,Minor,0,East,"Automobile, Station Wagon",Stopped,Driving Properly,Normal, , , , , , , , ,Yes, , , , ,Yes,Yes,Yes, , , ,23,,,1,,1097
-79.60159,43.730445,5333193,1026199,2008,2008-02-26T05:00:00.000Z,2040,20,HUMBER COLLEGE BLVD,HIGHWAY 27  S, ,Major Arterial,Etobicoke York,43.730445,-79.60159,Intersection, ,Traffic Signal,Snow,Dark,Wet,Non-Fatal Injury,Rear End,Driver,30 to 34,None,0,East,Other,Going Ahead,Speed too Fast For Condition,Inattentive, , , , , , , , ,Yes, , , , ,Yes,Yes,Yes, , , ,23,,,1,,1098
-79.40909,43.785745,7558804,1226853,2011,2011-04-07T04:00:00.000Z,2040,20,WILLOWDALE Aven,REVCOE Driv, ,Minor Arterial,North York,43.785745,-79.40909,Intersection, ,No Control,Clear,Dark,Dry,Non-Fatal Injury,Rear End,Vehicle Owner,unknown, ,0, ,Other, , , , , , , , , , , ,Yes, , , , , ,Yes,Yes, , ,Yes,32,,,50,,1099
-79.40909,43.785745,7558805,1226853,2011,2011-04-07T04:00:00.000Z,2040,20,WILLOWDALE Aven,REVCOE Driv, ,Minor Arterial,North York,43.785745,-79.40909,Intersection, ,No Control,Clear,Dark,Dry,Non-Fatal Injury,Rear End,Driver,55 to 59,Minor,0,North,"Automobile, Station Wagon",Going Ahead,Driving Properly,Normal, , , , , , , , ,Yes, , , , , ,Yes,Yes, , ,Yes,32,,,50,,1100
-79.40909,43.785745,7558806,1226853,2011,2011-04-07T04:00:00.000Z,2040,20,WILLOWDALE Aven,REVCOE Driv, ,Minor Arterial,North York,43.785745,-79.40909,Intersection, ,No Control,Clear,Dark,Dry,Non-Fatal Injury,Rear End,Driver,75 to 79,Major,0,North,"Automobile, Station Wagon",Going Ahead,Following too Close,Medical or Physical Disability, , , , , , , , ,Yes, , , , , ,Yes,Yes, , ,Yes,32,,,50,,1101
-79.29679,43.689245,5299382,1130772,2009,2009-09-19T04:00:00.000Z,2047,20,DANFORTH Aven,DAWES Road, ,Major Arterial,Toronto and East York,43.689245,-79.29679,Intersection,At Intersection,Traffic Signal,Clear,Dark,Dry,Non-Fatal Injury,Pedestrian Collisions,Driver,20 to 24,None,0,North,"Automobile, Station Wagon",Turning Left,Failed to Yield Right of Way,Normal, , , , , , ,Yes, ,Yes, , , , , ,Yes,Yes, , , ,"54,55",,,62,,1102
-79.29679,43.689245,5299383,1130772,2009,2009-09-19T04:00:00.000Z,2047,20,DANFORTH Aven,DAWES Road, ,Major Arterial,Toronto and East York,43.689245,-79.29679,Intersection,At Intersection,Traffic Signal,Clear,Dark,Dry,Non-Fatal Injury,Pedestrian Collisions,Pedestrian,55 to 59,Major,0,South,Other, , , ,Vehicle turns left while ped crosses with ROW at inter.,Crossing with right of way,Normal, , , ,Yes, ,Yes, , , , , ,Yes,Yes, , , ,"54,55",,,62,,1103
-79.55219,43.769145,7514246,1279961,2012,2012-02-10T05:00:00.000Z,1850,18,STEELES Ave W,KLONDIKE Dr, ,Major Arterial,Etobicoke York,43.769145,-79.55219,Intersection, ,No Control,Clear,"Dark, artificial",Dry,Non-Fatal Injury,Rear End,Driver,35 to 39,Minimal,0,West,"Automobile, Station Wagon",Going Ahead,Following too Close,Normal, , , , , , , , ,Yes, , , , ,Yes,Yes,Yes, , , ,31,,,0,,1104
-79.16969,43.854145,5873130,128407,2009,2009-09-01T04:00:00.000Z,2140,21,PICKERING TOWN LINE,STEELES AVE E, ,Local,Scarborough,43.854145,-79.16969,Mid-Block, ,No Control,Clear,Dark,Dry,Non-Fatal Injury,SMV Other,Passenger,15 to 19,Major,0,South,"Automobile, Station Wagon", , , , , , , , , , , ,Yes, , , , ,Yes,Yes,Yes, , , ,42,,,0,,1105
-79.28551,43.691847,80489801,5001665605,2015,2015-09-26T04:00:00.000Z,1718,17,DANFORTH AVE,ST DUNSTAN DR, ,Major Arterial,Scarborough,43.691847,-79.28551,Intersection,Intersection Related,No Control,Clear,Daylight,Dry,Non-Fatal Injury,Turning Movement,Passenger,50 to 54,Minor,0, , , , , , , , , , , , , ,Yes,Yes, , , ,Yes,Yes,Yes, , , ,41,,,121,,1106
-79.418346,43.791163,80217102,4002788366,2014,2014-08-27T04:00:00.000Z,1719,17,YONGE ST,HOMEWOOD AVE, ,Major Arterial,North York,43.791163,-79.418346,Intersection,Non Intersection,No Control,Clear,Daylight,Dry,Non-Fatal Injury,Rear End,Driver,20 to 24,None,0,South,"Automobile, Station Wagon",Going Ahead,Following too Close,Normal, , , , , , , , ,Yes, , , , , ,Yes,Yes, , , ,32,,,50,,1107
-79.16969,43.854145,5873131,128407,2009,2009-09-01T04:00:00.000Z,2140,21,PICKERING TOWN LINE,STEELES AVE E, ,Local,Scarborough,43.854145,-79.16969,Mid-Block, ,No Control,Clear,Dark,Dry,Non-Fatal Injury,SMV Other,Passenger,15 to 19,Major,0,South,"Automobile, Station Wagon", , , , , , , , , , , ,Yes, , , , ,Yes,Yes,Yes, , , ,42,,,0,,1108
-79.55219,43.769145,7514247,1279961,2012,2012-02-10T05:00:00.000Z,1850,18,STEELES Ave W,KLONDIKE Dr, ,Major Arterial,Etobicoke York,43.769145,-79.55219,Intersection, ,No Control,Clear,"Dark, artificial",Dry,Non-Fatal Injury,Rear End,Passenger,10 to 14,Minimal,0, ,Other, , , , , , , , , , , ,Yes, , , , ,Yes,Yes,Yes, , , ,31,,,0,,1109
-79.55219,43.769145,7514248,1279961,2012,2012-02-10T05:00:00.000Z,1850,18,STEELES Ave W,KLONDIKE Dr, ,Major Arterial,Etobicoke York,43.769145,-79.55219,Intersection, ,No Control,Clear,"Dark, artificial",Dry,Non-Fatal Injury,Rear End,Passenger,5 to 9,Minimal,0, ,Other, , , , , , , , , , , ,Yes, , , , ,Yes,Yes,Yes, , , ,31,,,0,,1110
-79.55759,43.656545,7393164,1284881,2012,2012-03-18T04:00:00.000Z,1604,16,RATHBURN Road,WEST DEANE PARK Driv, ,Minor Arterial,Etobicoke York,43.656545,-79.55759,Intersection,At Intersection,No Control,Clear,Daylight,Dry,Non-Fatal Injury,Turning Movement,Motorcycle Driver,25 to 29,Major,0,West,Motorcycle,Going Ahead,Exceeding Speed Limit,Normal, , , , , , , , ,Yes,Yes, , , , ,Yes,Yes, , , ,22,,,11,,1111
-79.30189,43.707845,6670079,1251421,2011,2011-08-09T04:00:00.000Z,2141,21,ST CLAIR AVE E,VICROSS RD, ,Major Arterial,Toronto and East York,43.707845,-79.30189,Intersection, ,No Control,Clear,Dark,Dry,Non-Fatal Injury,Pedestrian Collisions,Vehicle Owner,unknown, ,0, ,Other, , , , , , , , , ,Yes, ,Yes, , , , , ,Yes,Yes, , , ,54,,,54,,1112
-79.418346,43.791163,80217103,4002788366,2014,2014-08-27T04:00:00.000Z,1719,17,YONGE ST,HOMEWOOD AVE, ,Major Arterial,North York,43.791163,-79.418346,Intersection,Non Intersection,No Control,Clear,Daylight,Dry,Non-Fatal Injury,Rear End,Driver,35 to 39,Major,0,South, ,Slowing or Stopping,Driving Properly,Normal, , , , , , , , ,Yes, , , , , ,Yes,Yes, , , ,32,,,50,,1113
-79.233508,43.776007,7533591,1338584,2012,2012-12-07T05:00:00.000Z,1510,15,ELLESMERE RD,MARKHAM RD, ,Major Arterial,Scarborough,43.776007,-79.233508,Mid-Block,At Intersection,No Control,Rain,Daylight,Wet,Non-Fatal Injury,Rear End,Driver,60 to 64,Minor,0,East,"Automobile, Station Wagon",Stopped,Driving Properly,Normal, , , , , , , , ,Yes, , , , ,Yes,Yes,Yes, , , ,43,,,137,,1114
-79.55219,43.769145,7514249,1279961,2012,2012-02-10T05:00:00.000Z,1850,18,STEELES Ave W,KLONDIKE Dr, ,Major Arterial,Etobicoke York,43.769145,-79.55219,Intersection, ,No Control,Clear,"Dark, artificial",Dry,Non-Fatal Injury,Rear End,Passenger,60 to 64,None,0, ,Other, , , , , , , , , , , ,Yes, , , , ,Yes,Yes,Yes, , , ,31,,,0,,1115
-79.55759,43.656545,7393165,1284881,2012,2012-03-18T04:00:00.000Z,1604,16,RATHBURN Road,WEST DEANE PARK Driv, ,Minor Arterial,Etobicoke York,43.656545,-79.55759,Intersection,At Intersection,No Control,Clear,Daylight,Dry,Non-Fatal Injury,Turning Movement,Driver,75 to 79,None,0,West,"Automobile, Station Wagon",Turning Right,Driving Properly,Normal, , , , , , , , ,Yes,Yes, , , , ,Yes,Yes, , , ,22,,,11,,1116
-79.359813,43.714595,80206575,4001858374,2014,2014-04-09T04:00:00.000Z,1604,16,EGLINTON AVE E,BRENTCLIFFE RD, ,Major Arterial,North York,43.714595,-79.359813,Intersection,At Intersection,Traffic Signal,Clear,Daylight,Dry,Non-Fatal Injury,Turning Movement,Driver,45 to 49,None,0,West,"Automobile, Station Wagon",Turning Left,Failed to Yield Right of Way,Normal, , , , , , , , ,Yes,Yes, , , , ,Yes,Yes,Yes, , ,53,,,55,,1117
-79.359813,43.714595,80206576,4001858374,2014,2014-04-09T04:00:00.000Z,1604,16,EGLINTON AVE E,BRENTCLIFFE RD, ,Major Arterial,North York,43.714595,-79.359813,Intersection,At Intersection,Traffic Signal,Clear,Daylight,Dry,Non-Fatal Injury,Turning Movement,Motorcycle Driver,35 to 39,Major,0,East,Motorcycle,Going Ahead,Disobeyed Traffic Control,Unknown, , , , , , , , ,Yes,Yes, , , , ,Yes,Yes,Yes, , ,53,,,55,,1118
-79.227138,43.760459,80769457,6001792200,2016,2016-10-08T04:00:00.000Z,1604,16,678 MARKHAM RD, , , ,Scarborough,43.760459,-79.227138,"Park, Private Property, Public Lane",Parking Lot,No Control,Clear,Daylight,Dry,Non-Fatal Injury,SMV Unattended Vehicle,Driver,65 to 69,Major,0,East,"Automobile, Station Wagon",Reversing,Other,Unknown, , , , , , , , ,Yes, , , , , ,Yes,Yes, , , ,43,,,137,,1119
-79.227138,43.760459,80769458,6001792200,2016,2016-10-08T04:00:00.000Z,1604,16,678 MARKHAM RD, , , ,Scarborough,43.760459,-79.227138,"Park, Private Property, Public Lane",Parking Lot,No Control,Clear,Daylight,Dry,Non-Fatal Injury,SMV Unattended Vehicle,Other,unknown,None,0,East,Passenger Van,Parked, , , , , , , , , , ,Yes, , , , , ,Yes,Yes, , , ,43,,,137,,1120
-79.227138,43.760459,80769459,6001792200,2016,2016-10-08T04:00:00.000Z,1604,16,678 MARKHAM RD, , , ,Scarborough,43.760459,-79.227138,"Park, Private Property, Public Lane",Parking Lot,No Control,Clear,Daylight,Dry,Non-Fatal Injury,SMV Unattended Vehicle,Other,unknown,None,0,East,"Automobile, Station Wagon",Parked, , , , , , , , , , ,Yes, , , , , ,Yes,Yes, , , ,43,,,137,,1121
-79.492366,43.768675,80715908,6001455596,2016,2016-08-17T04:00:00.000Z,1606,16,KEELE ST,MURRAY ROSS PKWY,219 m North of,Major Arterial,North York,43.768675,-79.492366,Mid-Block,Non Intersection,No Control,Clear,Daylight,Dry,Non-Fatal Injury,Approaching,Driver,55 to 59,Major,0,North,"Automobile, Station Wagon",Going Ahead,Lost control,Medical or Physical Disability, , , , , , , , ,Yes, , , , ,Yes,Yes,Yes, , ,Yes,31,,,27,,1122
-79.492366,43.768675,80715909,6001455596,2016,2016-08-17T04:00:00.000Z,1606,16,KEELE ST,MURRAY ROSS PKWY,219 m North of,Major Arterial,North York,43.768675,-79.492366,Mid-Block,Non Intersection,No Control,Clear,Daylight,Dry,Non-Fatal Injury,Approaching,Driver,40 to 44,Minimal,0,South,"Automobile, Station Wagon",Going Ahead,Driving Properly,Normal, , , , , , , , ,Yes, , , , ,Yes,Yes,Yes, , ,Yes,31,,,27,,1123
-79.492366,43.768675,80715910,6001455596,2016,2016-08-17T04:00:00.000Z,1606,16,KEELE ST,MURRAY ROSS PKWY,219 m North of,Major Arterial,North York,43.768675,-79.492366,Mid-Block,Non Intersection,No Control,Clear,Daylight,Dry,Non-Fatal Injury,Approaching,Driver,35 to 39,Minimal,0,South,"Automobile, Station Wagon",Going Ahead,Driving Properly,Normal, , , , , , , , ,Yes, , , , ,Yes,Yes,Yes, , ,Yes,31,,,27,,1124
-79.492366,43.768675,80715911,6001455596,2016,2016-08-17T04:00:00.000Z,1606,16,KEELE ST,MURRAY ROSS PKWY,219 m North of,Major Arterial,North York,43.768675,-79.492366,Mid-Block,Non Intersection,No Control,Clear,Daylight,Dry,Non-Fatal Injury,Approaching,Passenger,15 to 19,Minimal,0, , , , , , , , , , , , , ,Yes, , , , ,Yes,Yes,Yes, , ,Yes,31,,,27,,1125
-79.492366,43.768675,80715912,6001455596,2016,2016-08-17T04:00:00.000Z,1606,16,KEELE ST,MURRAY ROSS PKWY,219 m North of,Major Arterial,North York,43.768675,-79.492366,Mid-Block,Non Intersection,No Control,Clear,Daylight,Dry,Non-Fatal Injury,Approaching,Passenger,5 to 9,Minimal,0, , , , , , , , , , , , , ,Yes, , , , ,Yes,Yes,Yes, , ,Yes,31,,,27,,1126
-79.492366,43.768675,80715913,6001455596,2016,2016-08-17T04:00:00.000Z,1606,16,KEELE ST,MURRAY ROSS PKWY,219 m North of,Major Arterial,North York,43.768675,-79.492366,Mid-Block,Non Intersection,No Control,Clear,Daylight,Dry,Non-Fatal Injury,Approaching,Passenger,30 to 34,Minimal,0, , , , , , , , , , , , , ,Yes, , , , ,Yes,Yes,Yes, , ,Yes,31,,,27,,1127
-79.35499,43.689345,5234111,1102106,2009,2009-04-07T04:00:00.000Z,1608,16,BROADVIEW AVE,GAMBLE AVE, ,Minor Arterial,Toronto and East York,43.689345,-79.35499,Intersection, ,No Control,Clear,Daylight,Dry,Non-Fatal Injury,SMV Other,Vehicle Owner,unknown, ,0, ,Other, , , , , , , , , , , ,Yes, , , , , ,Yes,Yes, ,Yes, ,54,,,57,,1128
-79.35499,43.689345,5234112,1102106,2009,2009-04-07T04:00:00.000Z,1608,16,BROADVIEW AVE,GAMBLE AVE, ,Minor Arterial,Toronto and East York,43.689345,-79.35499,Intersection, ,No Control,Clear,Daylight,Dry,Non-Fatal Injury,SMV Other,Driver,55 to 59,Major,0,South,"Automobile, Station Wagon",Going Ahead,Exceeding Speed Limit,"Ability Impaired, Alcohol Over .08", , , , , , , , ,Yes, , , , , ,Yes,Yes, ,Yes, ,54,,,57,,1129
-79.145709,43.788512,80720236,6001802808,2016,2016-10-10T04:00:00.000Z,1608,16,391 LAWSON RD, , ,Collector,Scarborough,43.788512,-79.145709,Mid-Block,At/Near Private Drive,No Control,Clear,Daylight,Dry,Non-Fatal Injury,Rear End,Driver,20 to 24,None,0,East,"Automobile, Station Wagon",Going Ahead,Following too Close,Normal, , , , , , , , ,Yes, , , , , ,Yes,Yes, , , ,43,,,133,,1130
-79.145709,43.788512,80720237,6001802808,2016,2016-10-10T04:00:00.000Z,1608,16,391 LAWSON RD, , ,Collector,Scarborough,43.788512,-79.145709,Mid-Block,At/Near Private Drive,No Control,Clear,Daylight,Dry,Non-Fatal Injury,Rear End,Driver,25 to 29,Minimal,0,East,"Automobile, Station Wagon",Turning Left,Driving Properly,Normal, , , , , , , , ,Yes, , , , , ,Yes,Yes, , , ,43,,,133,,1131
-79.145709,43.788512,80720238,6001802808,2016,2016-10-10T04:00:00.000Z,1608,16,391 LAWSON RD, , ,Collector,Scarborough,43.788512,-79.145709,Mid-Block,At/Near Private Drive,No Control,Clear,Daylight,Dry,Non-Fatal Injury,Rear End,Driver,60 to 64,Major,0,West,"Automobile, Station Wagon",Going Ahead,Driving Properly,Normal, , , , , , , , ,Yes, , , , , ,Yes,Yes, , , ,43,,,133,,1132
-79.42939,43.652945,6719329,1273001,2011,2011-11-02T04:00:00.000Z,1610,16,COLLEGE ST,HAVELOCK ST, ,Major Arterial,Toronto and East York,43.652945,-79.42939,Intersection,At Intersection,Stop Sign,Clear,Daylight,Dry,Non-Fatal Injury,Turning Movement,Motorcycle Driver,65 to 69,Major,0,West,Motorcycle,Going Ahead,Driving Properly,Normal, , , , , , , , ,Yes,Yes, , , , ,Yes,Yes, , , ,14,,,84,,1133
-79.42939,43.652945,6719330,1273001,2011,2011-11-02T04:00:00.000Z,1610,16,COLLEGE ST,HAVELOCK ST, ,Major Arterial,Toronto and East York,43.652945,-79.42939,Intersection,At Intersection,Stop Sign,Clear,Daylight,Dry,Non-Fatal Injury,Turning Movement,Vehicle Owner,unknown, ,0, ,Other, , , , , , , , , , , ,Yes,Yes, , , , ,Yes,Yes, , , ,14,,,84,,1134
-79.42939,43.652945,6719331,1273001,2011,2011-11-02T04:00:00.000Z,1610,16,COLLEGE ST,HAVELOCK ST, ,Major Arterial,Toronto and East York,43.652945,-79.42939,Intersection,At Intersection,Stop Sign,Clear,Daylight,Dry,Non-Fatal Injury,Turning Movement,Driver,15 to 19,None,0,South,"Automobile, Station Wagon",Turning Right,Failed to Yield Right of Way,Normal, , , , , , , , ,Yes,Yes, , , , ,Yes,Yes, , , ,14,,,84,,1135
-79.572528,43.695151,80774281,7000633254,2017,2017-04-10T04:00:00.000Z,1610,16,MARTIN GROVE RD,DOSCO RD,7 m South of MARTIN GROVE RD,Major Arterial,Etobicoke York,43.695151,-79.572528,Intersection,At Intersection,No Control,Clear,Daylight,Wet,Non-Fatal Injury,Turning Movement,Driver,45 to 49,None,0,East,Passenger Van,Turning Left,Failed to Yield Right of Way,Inattentive, , , , , , , , ,Yes, , , , , ,Yes,Yes, , , ,23,,,1,,1136
-79.572528,43.695151,80774282,7000633254,2017,2017-04-10T04:00:00.000Z,1610,16,MARTIN GROVE RD,DOSCO RD,7 m South of MARTIN GROVE RD,Major Arterial,Etobicoke York,43.695151,-79.572528,Intersection,At Intersection,No Control,Clear,Daylight,Wet,Non-Fatal Injury,Turning Movement,Driver,20 to 24,Major,0,South,"Automobile, Station Wagon",Going Ahead,Driving Properly,Inattentive, , , , , , , , ,Yes, , , , , ,Yes,Yes, , , ,23,,,1,,1137
-79.549732,43.687316,80949467,8001538973,2018,2018-08-20T04:00:00.000Z,1616,16,THE WESTWAY,WINCOTT DR, ,Minor Arterial,Etobicoke York,43.687316,-79.549732,Intersection,At Intersection,Traffic Signal,Clear,Daylight,Dry,Non-Fatal Injury,Angle,Passenger,45 to 49,None,0, , , , , , , , , , , , , ,Yes, , ,Yes, ,Yes,Yes,Yes,Yes, , ,23,,,7,,1138
-79.549732,43.687316,80949468,8001538973,2018,2018-08-20T04:00:00.000Z,1616,16,THE WESTWAY,WINCOTT DR, ,Minor Arterial,Etobicoke York,43.687316,-79.549732,Intersection,At Intersection,Traffic Signal,Clear,Daylight,Dry,Non-Fatal Injury,Angle,Driver,25 to 29,Minor,0,West,"Automobile, Station Wagon",Going Ahead,Disobeyed Traffic Control,Unknown, , , , , , , , ,Yes, , ,Yes, ,Yes,Yes,Yes,Yes, , ,23,,,7,,1139
-79.549732,43.687316,80949469,8001538973,2018,2018-08-20T04:00:00.000Z,1616,16,THE WESTWAY,WINCOTT DR, ,Minor Arterial,Etobicoke York,43.687316,-79.549732,Intersection,At Intersection,Traffic Signal,Clear,Daylight,Dry,Non-Fatal Injury,Angle,Driver,55 to 59,Major,0,South,"Automobile, Station Wagon",Going Ahead,Driving Properly,Normal, , , , , , , , ,Yes, , ,Yes, ,Yes,Yes,Yes,Yes, , ,23,,,7,,1140
-79.549732,43.687316,80949470,8001538973,2018,2018-08-20T04:00:00.000Z,1616,16,THE WESTWAY,WINCOTT DR, ,Minor Arterial,Etobicoke York,43.687316,-79.549732,Intersection,At Intersection,Traffic Signal,Clear,Daylight,Dry,Non-Fatal Injury,Angle,Driver,45 to 49,None,0,East,Municipal Transit Bus (TTC),Stopped,Driving Properly,Normal, , , , , , , , ,Yes, , ,Yes, ,Yes,Yes,Yes,Yes, , ,23,,,7,,1141
-79.549732,43.687316,80949471,8001538973,2018,2018-08-20T04:00:00.000Z,1616,16,THE WESTWAY,WINCOTT DR, ,Minor Arterial,Etobicoke York,43.687316,-79.549732,Intersection,At Intersection,Traffic Signal,Clear,Daylight,Dry,Non-Fatal Injury,Angle,Passenger,25 to 29,Minor,0, , , , , , , , , , , , , ,Yes, , ,Yes, ,Yes,Yes,Yes,Yes, , ,23,,,7,,1142
-79.55511,43.725997,80000050,143022510,2014,2014-10-01T04:00:00.000Z,1620,16,35 IRWIN RD, , ,Local,Etobicoke York,43.725997,-79.55511,Mid-Block, ,No Control,Clear,Daylight,Wet,Fatal,SMV Other,Motorcycle Driver,20 to 24,Fatal,31,East,Motorcycle,Going Ahead,Lost control,Unknown, , , , , , , , , ,Yes, , , , ,Yes,Yes, , , ,23,,,5,,1143
-79.43949,43.669545,7444491,1306710,2012,2012-06-16T04:00:00.000Z,1623,16,DUFFERIN ST,GEARY AVE, ,Major Arterial,Toronto and East York,43.669545,-79.43949,Intersection, ,No Control,Clear,Daylight,Dry,Non-Fatal Injury,Turning Movement,Motorcycle Passenger,25 to 29,Major,0, ,Other, , , , , , , , , , , ,Yes,Yes, , , ,Yes,Yes,Yes, , , ,13,,,93,,1144