X,Y,Index_,ACCNUM,YEAR,DATE,TIME,Hour,STREET1,STREET2,OFFSET,ROAD_CLASS,District,LATITUDE,LONGITUDE,LOCCOORD,ACCLOC,TRAFFCTL,VISIBILITY,LIGHT,RDSFCOND,ACCLASS,IMPACTYPE,INVTYPE,INVAGE,INJURY,FATAL_NO,INITDIR,VEHTYPE,MANOEUVER,DRIVACT,DRIVCOND,PEDTYPE,PEDACT,PEDCOND,CYCLISTYPE,CYCACT,CYCCOND,PEDESTRIAN,CYCLIST,AUTOMOBILE,MOTORCYCLE,TRUCK,TRSN_CITY_,EMERG_VEH,PASSENGER,SPEEDING,AG_DRIV,REDLIGHT,ALCOHOL,DISABILITY,Division,Ward_Name,Ward_ID,Hood_ID,Hood_Name,ObjectId
-79.43949,43.669545,7444492,1306710,2012,2012-06-16T04:00:00.000Z,1623,16,DUFFERIN ST,GEARY AVE, ,Major Arterial,Toronto and East York,43.669545,-79.43949,Intersection, ,No Control,Clear,Daylight,Dry,Non-Fatal Injury,Turning Movement,Motorcycle Driver,35 to 39,Major,0,South,Motorcycle,Going Ahead,Driving Properly,Normal, , , , , , , , ,Yes,Yes, , , ,Yes,Yes,Yes, , , ,13,,,93,,1145
-79.43949,43.669545,7444493,1306710,2012,2012-06-16T04:00:00.000Z,1623,16,DUFFERIN ST,GEARY AVE, ,Major Arterial,Toronto and East York,43.669545,-79.43949,Intersection, ,No Control,Clear,Daylight,Dry,Non-Fatal Injury,Turning Movement,Vehicle Owner,unknown, ,0, ,Other, , , , , , , , , , , ,Yes,Yes, , , ,Yes,Yes,Yes, , , ,13,,,93,,1146
-79.43949,43.669545,7444494,1306710,2012,2012-06-16T04:00:00.000Z,1623,16,DUFFERIN ST,GEARY AVE, ,Major Arterial,Toronto and East York,43.669545,-79.43949,Intersection, ,No Control,Clear,Daylight,Dry,Non-Fatal Injury,Turning Movement,Driver,60 to 64,None,0,North,"Automobile, Station Wagon",Making U Turn,Improper Turn,Inattentive, , , , , , , , ,Yes,Yes, , , ,Yes,Yes,Yes, , , ,13,,,93,,1147
-79.269771,43.711009,80784505,7001762491,2017,2017-09-28T04:00:00.000Z,1630,16,BIRCHMOUNT RD,ZENITH DR, ,Minor Arterial,Scarborough,43.711009,-79.269771,Intersection,Intersection Related,No Control,Clear,Daylight,Dry,Fatal,Pedestrian Collisions,Driver,45 to 49,None,0,South,Delivery Van,Going Ahead,Lost control,"Ability Impaired, Alcohol Over .08", , , , , , ,Yes, ,Yes, , , , ,Yes,Yes,Yes, ,Yes, ,41,,,120,,1148
-79.269771,43.711009,80784506,7001762491,2017,2017-09-28T04:00:00.000Z,1630,16,BIRCHMOUNT RD,ZENITH DR, ,Minor Arterial,Scarborough,43.711009,-79.269771,Intersection,Intersection Related,No Control,Clear,Daylight,Dry,Fatal,Pedestrian Collisions,Passenger,40 to 44,Minor,0, , , , , , , , , , , ,Yes, ,Yes, , , , ,Yes,Yes,Yes, ,Yes, ,41,,,120,,1149
-79.269771,43.711009,80784507,7001762491,2017,2017-09-28T04:00:00.000Z,1630,16,BIRCHMOUNT RD,ZENITH DR, ,Minor Arterial,Scarborough,43.711009,-79.269771,Intersection,Intersection Related,No Control,Clear,Daylight,Dry,Fatal,Pedestrian Collisions,Pedestrian,55 to 59,Fatal,45,Unknown, , , , ,Pedestrian hit on sidewalk or shoulder,On Sidewalk or Shoulder,Normal, , , ,Yes, ,Yes, , , , ,Yes,Yes,Yes, ,Yes, ,41,,,120,,1150
-79.269771,43.711009,80784509,7001762491,2017,2017-09-28T04:00:00.000Z,1630,16,BIRCHMOUNT RD,ZENITH DR, ,Minor Arterial,Scarborough,43.711009,-79.269771,Intersection,Intersection Related,No Control,Clear,Daylight,Dry,Fatal,Pedestrian Collisions,Driver,50 to 54,Minor,0,West,"Automobile, Station Wagon",Turning Left,Driving Properly,Normal, , , , , , ,Yes, ,Yes, , , , ,Yes,Yes,Yes, ,Yes, ,41,,,120,,1151
-79.446124,43.780692,80973016,8001848907,2018,2018-10-06T04:00:00.000Z,1630,16,ANTIBES DR,ANTIBES DR,15 m East of,Collector,North York,43.780692,-79.446124,Intersection,Intersection Related,No Control,Clear,Daylight,Dry,Non-Fatal Injury,SMV Other,Driver,30 to 34,Major,0,North,"Automobile, Station Wagon",Going Ahead,Lost control,"Ability Impaired, Drugs", , , , , , , , ,Yes, , , , , ,Yes,Yes, , , ,32,,,35,,1152
-79.399905,43.659789,80920030,7001512799,2017,2017-08-21T04:00:00.000Z,1634,16,SPADINA CRES,RUSSELL ST,30 m South of,Major Arterial,Toronto and East York,43.659789,-79.399905,Intersection,At Intersection,No Control,Clear,Daylight,Dry,Non-Fatal Injury,Cyclist Collisions,Cyclist,35 to 39,Major,0,North,Bicycle,Going Ahead, , , , , ,Cyclist and Driver travelling in same direction. One vehicle sideswipes the other.,Driving Properly,Unknown, ,Yes,Yes, , , , , ,Yes,Yes, , , ,52,,,79,,1153
-79.399905,43.659789,80920031,7001512799,2017,2017-08-21T04:00:00.000Z,1634,16,SPADINA CRES,RUSSELL ST,30 m South of,Major Arterial,Toronto and East York,43.659789,-79.399905,Intersection,At Intersection,No Control,Clear,Daylight,Dry,Non-Fatal Injury,Cyclist Collisions,Driver,25 to 29,None,0,North,Delivery Van,Going Ahead,Other,Unknown, , , , , , , ,Yes,Yes, , , , , ,Yes,Yes, , , ,52,,,79,,1154
-79.620067,43.722979,80717845,6001582808,2016,2016-09-06T04:00:00.000Z,1643,16,HULLRICK DR,CINRICKBAR DR, ,Local,Etobicoke York,43.722979,-79.620067,Intersection,At Intersection,Stop Sign,Clear,Daylight,Dry,Non-Fatal Injury,Angle,Driver,25 to 29,None,0,South,"Automobile, Station Wagon",Going Ahead,Disobeyed Traffic Control,Normal, , , , , , , , ,Yes, , , , ,Yes,Yes,Yes, , , ,23,,,1,,1155
-79.620067,43.722979,80717846,6001582808,2016,2016-09-06T04:00:00.000Z,1643,16,HULLRICK DR,CINRICKBAR DR, ,Local,Etobicoke York,43.722979,-79.620067,Intersection,At Intersection,Stop Sign,Clear,Daylight,Dry,Non-Fatal Injury,Angle,Driver,50 to 54,Major,0,West,"Automobile, Station Wagon",Going Ahead,Driving Properly,Normal, , , , , , , , ,Yes, , , , ,Yes,Yes,Yes, , , ,23,,,1,,1156
-79.620067,43.722979,80717847,6001582808,2016,2016-09-06T04:00:00.000Z,1643,16,HULLRICK DR,CINRICKBAR DR, ,Local,Etobicoke York,43.722979,-79.620067,Intersection,At Intersection,Stop Sign,Clear,Daylight,Dry,Non-Fatal Injury,Angle,Passenger,25 to 29,None,0, , , , , , , , , , , , , ,Yes, , , , ,Yes,Yes,Yes, , , ,23,,,1,,1157
-79.620067,43.722979,80717848,6001582808,2016,2016-09-06T04:00:00.000Z,1643,16,HULLRICK DR,CINRICKBAR DR, ,Local,Etobicoke York,43.722979,-79.620067,Intersection,At Intersection,Stop Sign,Clear,Daylight,Dry,Non-Fatal Injury,Angle,Passenger,15 to 19,None,0, , , , , , , , , , , , , ,Yes, , , , ,Yes,Yes,Yes, , , ,23,,,1,,1158
-79.49119,43.665745,6279257,1177531,2010,2010-07-16T04:00:00.000Z,1647,16,JANE ST,DUNDAS ST W, ,Major Arterial,Toronto and East York,43.665745,-79.49119,Intersection,At Intersection,Traffic Signal,Clear,Daylight,Dry,Fatal,Turning Movement,Driver,75 to 79,Major,0,South,"Automobile, Station Wagon",Turning Left,Improper Turn,Unknown, , , , , , , , ,Yes, , ,Yes, ,Yes,Yes,Yes, , , ,11,,,89,,1159
-79.49119,43.665745,6279258,1177531,2010,2010-07-16T04:00:00.000Z,1647,16,JANE ST,DUNDAS ST W, ,Major Arterial,Toronto and East York,43.665745,-79.49119,Intersection,At Intersection,Traffic Signal,Clear,Daylight,Dry,Fatal,Turning Movement,Passenger,85 to 89,Fatal,25, ,Other, , , , , , , , , , , ,Yes, , ,Yes, ,Yes,Yes,Yes, , , ,11,,,89,,1160
-79.49119,43.665745,6279259,1177531,2010,2010-07-16T04:00:00.000Z,1647,16,JANE ST,DUNDAS ST W, ,Major Arterial,Toronto and East York,43.665745,-79.49119,Intersection,At Intersection,Traffic Signal,Clear,Daylight,Dry,Fatal,Turning Movement,Passenger,90 to 94,Fatal,24, ,Other, , , , , , , , , , , ,Yes, , ,Yes, ,Yes,Yes,Yes, , , ,11,,,89,,1161
-79.49119,43.665745,6279260,1177531,2010,2010-07-16T04:00:00.000Z,1647,16,JANE ST,DUNDAS ST W, ,Major Arterial,Toronto and East York,43.665745,-79.49119,Intersection,At Intersection,Traffic Signal,Clear,Daylight,Dry,Fatal,Turning Movement,Driver,25 to 29,None,0,South,"Automobile, Station Wagon",Stopped,Driving Properly,Normal, , , , , , , , ,Yes, , ,Yes, ,Yes,Yes,Yes, , , ,11,,,89,,1162
-79.49119,43.665745,6279261,1177531,2010,2010-07-16T04:00:00.000Z,1647,16,JANE ST,DUNDAS ST W, ,Major Arterial,Toronto and East York,43.665745,-79.49119,Intersection,At Intersection,Traffic Signal,Clear,Daylight,Dry,Fatal,Turning Movement,Vehicle Owner,unknown, ,0, ,Other, , , , , , , , , , , ,Yes, , ,Yes, ,Yes,Yes,Yes, , , ,11,,,89,,1163
-79.49119,43.665745,6279262,1177531,2010,2010-07-16T04:00:00.000Z,1647,16,JANE ST,DUNDAS ST W, ,Major Arterial,Toronto and East York,43.665745,-79.49119,Intersection,At Intersection,Traffic Signal,Clear,Daylight,Dry,Fatal,Turning Movement,Driver,45 to 49,None,0,North,Municipal Transit Bus (TTC),Going Ahead,Driving Properly,Normal, , , , , , , , ,Yes, , ,Yes, ,Yes,Yes,Yes, , , ,11,,,89,,1164
-79.358073,43.701869,5369445,1042639,2008,2008-05-28T04:00:00.000Z,1648,16,MILLWOOD RD,VILLAGE STATION RD, ,Major Arterial,North York,43.701869,-79.358073,Intersection,At Intersection,Traffic Signal,Clear,Daylight,Dry,Non-Fatal Injury,Turning Movement,Motorcycle Driver,45 to 49,Major,0,East,Motorcycle,Going Ahead,Exceeding Speed Limit,Normal, , , , , , , , ,Yes,Yes, , , , ,Yes,Yes, , , ,53,,,56,,1165
-79.358073,43.701869,5369446,1042639,2008,2008-05-28T04:00:00.000Z,1648,16,MILLWOOD RD,VILLAGE STATION RD, ,Major Arterial,North York,43.701869,-79.358073,Intersection,At Intersection,Traffic Signal,Clear,Daylight,Dry,Non-Fatal Injury,Turning Movement,Driver,50 to 54,None,0,West,"Automobile, Station Wagon",Turning Left,Driving Properly,Normal, , , , , , , , ,Yes,Yes, , , , ,Yes,Yes, , , ,53,,,56,,1166
-79.393062,43.726966,80984325,8002260892,2018,2018-12-09T05:00:00.000Z,1650,16,176 LAWRENCE AVE E, ,50 m East of,Major Arterial, ,43.726966,-79.393062,Mid-Block,Non Intersection,No Control,Clear,Daylight,Dry,Non-Fatal Injury,SMV Unattended Vehicle,Driver,65 to 69,Major,0,West,"Automobile, Station Wagon",Going Ahead,Lost control,Unknown, , , , , , , , ,Yes, , , , , ,Yes,Yes, , , ,"32,53",,,103,,1167
-79.154285,43.802382,80717811,6001622859,2016,2016-09-12T04:00:00.000Z,1651,16,SHEPPARD AVE E,VANDORF ST,1 m East of,Minor Arterial,Scarborough,43.802382,-79.154285,Mid-Block,Non Intersection,No Control,Clear,Daylight,Dry,Non-Fatal Injury,Rear End,Driver,50 to 54,None,0,East,"Automobile, Station Wagon",Changing Lanes,Improper Lane Change,Normal, , , , , , , , ,Yes, , , , , ,Yes,Yes, , , ,42,,,131,,1168
-79.154285,43.802382,80717812,6001622859,2016,2016-09-12T04:00:00.000Z,1651,16,SHEPPARD AVE E,VANDORF ST,1 m East of,Minor Arterial,Scarborough,43.802382,-79.154285,Mid-Block,Non Intersection,No Control,Clear,Daylight,Dry,Non-Fatal Injury,Rear End,Driver,55 to 59,Major,0,East,"Automobile, Station Wagon",Going Ahead,Speed too Fast For Condition,Normal, , , , , , , , ,Yes, , , , , ,Yes,Yes, , , ,42,,,131,,1169
-79.619922,43.723643,80218467,4002915951,2014,2014-09-15T04:00:00.000Z,1655,16,HUMBERWOOD BLVD,HULLRICK DR,15 m East of,Collector,Etobicoke York,43.723643,-79.619922,Intersection,Non Intersection,No Control,Rain,Daylight,Wet,Non-Fatal Injury,Approaching,Driver,25 to 29,Major,0,West,"Automobile, Station Wagon",Overtaking,Speed too Fast For Condition,Normal, , , , , , , , ,Yes, , , , , ,Yes,Yes, , , ,23,,,1,,1170
-79.619922,43.723643,80218468,4002915951,2014,2014-09-15T04:00:00.000Z,1655,16,HUMBERWOOD BLVD,HULLRICK DR,15 m East of,Collector,Etobicoke York,43.723643,-79.619922,Intersection,Non Intersection,No Control,Rain,Daylight,Wet,Non-Fatal Injury,Approaching,Driver,30 to 34,Minor,0,East,"Automobile, Station Wagon",Going Ahead,Driving Properly,Normal, , , , , , , , ,Yes, , , , , ,Yes,Yes, , , ,23,,,1,,1171
-79.520641,43.683287,80975832,8001758367,2018,2018-09-22T04:00:00.000Z,1655,16,EGLINTON AV W,RICHVIEW RD,400 m East of,Major Arterial,Etobicoke York,43.683287,-79.520641,Mid-Block,Non Intersection,Stop Sign,Clear,Daylight,Dry,Non-Fatal Injury,Turning Movement,Motorcycle Driver,35 to 39,Major,0,East,Motorcycle,Going Ahead,Driving Properly,Normal, , , , , , , , ,Yes,Yes, , , , ,Yes,Yes, , , ,"23,22",,,9,,1172
-79.520641,43.683287,80975833,8001758367,2018,2018-09-22T04:00:00.000Z,1655,16,EGLINTON AV W,RICHVIEW RD,400 m East of,Major Arterial,Etobicoke York,43.683287,-79.520641,Mid-Block,Non Intersection,Stop Sign,Clear,Daylight,Dry,Non-Fatal Injury,Turning Movement,Driver,45 to 49,None,0,North,"Automobile, Station Wagon",Turning Right,Failed to Yield Right of Way,Normal, , , , , , , , ,Yes,Yes, , , , ,Yes,Yes, , , ,"23,22",,,9,,1173
-79.273326,43.798335,80775986,7000466331,2017,2017-03-15T04:00:00.000Z,1658,16,BRIMLEY RD,HUNTINGWOOD DR, ,Major Arterial,Scarborough,43.798335,-79.273326,Intersection,At Intersection,Traffic Signal,Clear,Daylight,Dry,Non-Fatal Injury,Angle,Driver,15 to 19,Minimal,0,South,"Automobile, Station Wagon",Going Ahead,Disobeyed Traffic Control,Inattentive, , , , , , , , ,Yes, , , , ,Yes,Yes,Yes,Yes, , ,42,,,129,,1174
-79.273326,43.798335,80775987,7000466331,2017,2017-03-15T04:00:00.000Z,1658,16,BRIMLEY RD,HUNTINGWOOD DR, ,Major Arterial,Scarborough,43.798335,-79.273326,Intersection,At Intersection,Traffic Signal,Clear,Daylight,Dry,Non-Fatal Injury,Angle,Driver,30 to 34,Major,0,East,"Automobile, Station Wagon",Going Ahead,Driving Properly,Normal, , , , , , , , ,Yes, , , , ,Yes,Yes,Yes,Yes, , ,42,,,129,,1175
-79.273326,43.798335,80775988,7000466331,2017,2017-03-15T04:00:00.000Z,1658,16,BRIMLEY RD,HUNTINGWOOD DR, ,Major Arterial,Scarborough,43.798335,-79.273326,Intersection,At Intersection,Traffic Signal,Clear,Daylight,Dry,Non-Fatal Injury,Angle,Driver,45 to 49,Minimal,0,North,"Automobile, Station Wagon",Stopped,Driving Properly,Normal, , , , , , , , ,Yes, , , , ,Yes,Yes,Yes,Yes, , ,42,,,129,,1176
-79.273326,43.798335,80775989,7000466331,2017,2017-03-15T04:00:00.000Z,1658,16,BRIMLEY RD,HUNTINGWOOD DR, ,Major Arterial,Scarborough,43.798335,-79.273326,Intersection,At Intersection,Traffic Signal,Clear,Daylight,Dry,Non-Fatal Injury,Angle,Passenger,15 to 19,None,0, , , , , , , , , , , , , ,Yes, , , , ,Yes,Yes,Yes,Yes, , ,42,,,129,,1177
-79.32479,43.770945,5333904,1026562,2008,2008-03-07T05:00:00.000Z,1700,17,CONSUMERS RD,YORKLAND BLVD, ,Minor Arterial,North York,43.770945,-79.32479,Mid-Block, ,No Control,Snow,Daylight,Loose Snow,Non-Fatal Injury,Approaching,Driver,25 to 29,None,0,West,"Automobile, Station Wagon",Going Ahead,Speed too Fast For Condition,Normal, , , , , , , , ,Yes, , , , , ,Yes,Yes, , , ,33,,,53,,1178
-79.32479,43.770945,5333905,1026562,2008,2008-03-07T05:00:00.000Z,1700,17,CONSUMERS RD,YORKLAND BLVD, ,Minor Arterial,North York,43.770945,-79.32479,Mid-Block, ,No Control,Snow,Daylight,Loose Snow,Non-Fatal Injury,Approaching,Driver,50 to 54,Major,0,East,"Automobile, Station Wagon",Going Ahead,Driving Properly,Normal, , , , , , , , ,Yes, , , , , ,Yes,Yes, , , ,33,,,53,,1179
-79.14622,43.798911,6125621,1161266,2010,2010-03-01T05:00:00.000Z,1700,17,KINGSTON RD,SHEPPARD AVE E, ,Major Arterial,Scarborough,43.798911,-79.14622,Intersection,At Intersection,Traffic Signal,Clear,Daylight,Dry,Non-Fatal Injury,Turning Movement,Vehicle Owner,unknown, ,0, ,Other, , , , , , , , , , , ,Yes, , , , ,Yes,Yes,Yes, , , ,42,,,133,,1180
-79.14622,43.798911,6125622,1161266,2010,2010-03-01T05:00:00.000Z,1700,17,KINGSTON RD,SHEPPARD AVE E, ,Major Arterial,Scarborough,43.798911,-79.14622,Intersection,At Intersection,Traffic Signal,Clear,Daylight,Dry,Non-Fatal Injury,Turning Movement,Passenger,70 to 74,Major,0, ,Other, , , , , , , , , , , ,Yes, , , , ,Yes,Yes,Yes, , , ,42,,,133,,1181
-79.14622,43.798911,6125623,1161266,2010,2010-03-01T05:00:00.000Z,1700,17,KINGSTON RD,SHEPPARD AVE E, ,Major Arterial,Scarborough,43.798911,-79.14622,Intersection,At Intersection,Traffic Signal,Clear,Daylight,Dry,Non-Fatal Injury,Turning Movement,Driver,20 to 24,None,0,East,"Automobile, Station Wagon",Turning Left,Failed to Yield Right of Way,Inattentive, , , , , , , , ,Yes, , , , ,Yes,Yes,Yes, , , ,42,,,133,,1182
-79.14622,43.798911,6125624,1161266,2010,2010-03-01T05:00:00.000Z,1700,17,KINGSTON RD,SHEPPARD AVE E, ,Major Arterial,Scarborough,43.798911,-79.14622,Intersection,At Intersection,Traffic Signal,Clear,Daylight,Dry,Non-Fatal Injury,Turning Movement,Vehicle Owner,unknown, ,0, ,Other, , , , , , , , , , , ,Yes, , , , ,Yes,Yes,Yes, , , ,42,,,133,,1183
-79.14622,43.798911,6125625,1161266,2010,2010-03-01T05:00:00.000Z,1700,17,KINGSTON RD,SHEPPARD AVE E, ,Major Arterial,Scarborough,43.798911,-79.14622,Intersection,At Intersection,Traffic Signal,Clear,Daylight,Dry,Non-Fatal Injury,Turning Movement,Driver,55 to 59,Minimal,0,West,"Automobile, Station Wagon",Going Ahead,Driving Properly,Normal, , , , , , , , ,Yes, , , , ,Yes,Yes,Yes, , , ,42,,,133,,1184
-79.14622,43.798911,6125626,1161266,2010,2010-03-01T05:00:00.000Z,1700,17,KINGSTON RD,SHEPPARD AVE E, ,Major Arterial,Scarborough,43.798911,-79.14622,Intersection,At Intersection,Traffic Signal,Clear,Daylight,Dry,Non-Fatal Injury,Turning Movement,Other Property Owner,unknown, ,0, ,Other, , , , , , , , , , , ,Yes, , , , ,Yes,Yes,Yes, , , ,42,,,133,,1185
-79.14622,43.798911,6125627,1161266,2010,2010-03-01T05:00:00.000Z,1700,17,KINGSTON RD,SHEPPARD AVE E, ,Major Arterial,Scarborough,43.798911,-79.14622,Intersection,At Intersection,Traffic Signal,Clear,Daylight,Dry,Non-Fatal Injury,Turning Movement,Other Property Owner,unknown, ,0, ,Other, , , , , , , , , , , ,Yes, , , , ,Yes,Yes,Yes, , , ,42,,,133,,1186
-79.21269,43.771045,6265154,1213166,2010,2010-12-10T05:00:00.000Z,1700,17,911 BRIMORTON Dr, , ,Collector,Scarborough,43.771045,-79.21269,Mid-Block, ,No Control,Snow,Dark,Slush,Non-Fatal Injury,SMV Other,Driver,30 to 34,Major,0,West,"Automobile, Station Wagon",Going Ahead,Lost control,Unknown, , , , , , , , ,Yes, , , , , ,Yes,Yes, , , ,43,,,137,,1187
-79.385654,43.667491,80943630,8000956490,2018,2018-05-27T04:00:00.000Z,1700,17,YONGE  ST,ISABELLA  ST, ,Major Arterial,Toronto and East York,43.667491,-79.385654,Intersection,Intersection Related,No Control,Clear,Daylight,Dry,Non-Fatal Injury,Turning Movement,Driver,50 to 54,None,0,South,"Automobile, Station Wagon",Turning Left,Failed to Yield Right of Way,Normal, , , , , , , , ,Yes,Yes, , , , ,Yes,Yes, , , ,"51,52",,,75,,1188
-79.385654,43.667491,80943631,8000956490,2018,2018-05-27T04:00:00.000Z,1700,17,YONGE  ST,ISABELLA  ST, ,Major Arterial,Toronto and East York,43.667491,-79.385654,Intersection,Intersection Related,No Control,Clear,Daylight,Dry,Non-Fatal Injury,Turning Movement,Motorcycle Driver,30 to 34,Major,0,North,Motorcycle,Going Ahead,Driving Properly,Normal, , , , , , , , ,Yes,Yes, , , , ,Yes,Yes, , , ,"51,52",,,75,,1189
-79.257442,43.720404,80000064,5000212905,2015,2015-02-05T05:00:00.000Z,1701,17,750 DANFORTH RD, , ,Major Arterial,Scarborough,43.720404,-79.257442,Mid-Block, ,No Control,Clear,"Daylight, artificial",Wet,Fatal,Pedestrian Collisions,Driver,40 to 44,None,0,West,"Automobile, Station Wagon",Going Ahead,Driving Properly,Unknown, , , , , , ,Yes, ,Yes, , , , , ,Yes,Yes, , , ,41,,,124,,1190
-79.257442,43.720404,80000091,5000212905,2015,2015-02-05T05:00:00.000Z,1701,17,750 DANFORTH RD, , ,Major Arterial,Scarborough,43.720404,-79.257442,Mid-Block, ,No Control,Clear,"Daylight, artificial",Wet,Fatal,Pedestrian Collisions,Pedestrian,85 to 89,Fatal,4,North, , , , ,Pedestrian hit at mid-block,"Crossing, no Traffic Control",Unknown, , , ,Yes, ,Yes, , , , , ,Yes,Yes, , , ,41,,,124,,1191
-79.256786,43.697543,80200914,4001374034,2014,2014-01-19T05:00:00.000Z,1702,17,KINGSTON RD,GLEN EVEREST RD, ,Major Arterial,Scarborough,43.697543,-79.256786,Intersection,At Intersection,Traffic Signal,Snow,"Dark, artificial",Ice,Non-Fatal Injury,SMV Other,Driver,50 to 54,Minor,0,East,"Automobile, Station Wagon",Going Ahead,Speed too Fast For Condition,Normal, , , , , , , , ,Yes, , , , ,Yes,Yes,Yes, , , ,41,,,122,,1192
-79.256786,43.697543,80200915,4001374034,2014,2014-01-19T05:00:00.000Z,1702,17,KINGSTON RD,GLEN EVEREST RD, ,Major Arterial,Scarborough,43.697543,-79.256786,Intersection,At Intersection,Traffic Signal,Snow,"Dark, artificial",Ice,Non-Fatal Injury,SMV Other,Passenger,60 to 64,Major,0, , , , , , , , , , , , , ,Yes, , , , ,Yes,Yes,Yes, , , ,41,,,122,,1193
-79.498981,43.697261,80632066,6001288485,2016,2016-07-22T04:00:00.000Z,1702,17,TRETHEWEY DR,PLATINUM DR, ,Minor Arterial,Etobicoke York,43.697261,-79.498981,Intersection,At Intersection,Stop Sign,Clear,Daylight,Dry,Non-Fatal Injury,Angle,Driver,50 to 54,None,0,South,"Automobile, Station Wagon",Going Ahead,Failed to Yield Right of Way,Inattentive, , , , , , , , ,Yes,Yes, , , , ,Yes,Yes, , , ,12,,,30,,1194
-79.498981,43.697261,80632067,6001288485,2016,2016-07-22T04:00:00.000Z,1702,17,TRETHEWEY DR,PLATINUM DR, ,Minor Arterial,Etobicoke York,43.697261,-79.498981,Intersection,At Intersection,Stop Sign,Clear,Daylight,Dry,Non-Fatal Injury,Angle,Motorcycle Driver,40 to 44,Major,0,East,Motorcycle,Going Ahead,Speed too Fast For Condition,Normal, , , , , , , , ,Yes,Yes, , , , ,Yes,Yes, , , ,12,,,30,,1195
-79.36769,43.674045,6280810,1205176,2010,2010-10-14T04:00:00.000Z,1703,17,BLOOR ST E,CASTLE FRANK RD, ,Major Arterial,Toronto and East York,43.674045,-79.36769,Mid-Block, ,No Control,Rain,Daylight,Wet,Non-Fatal Injury,Approaching,Vehicle Owner,unknown, ,0, ,Other, , , , , , , , , , , ,Yes, , , , , ,Yes,Yes, , , ,"51,53",,,71,,1196
-79.36769,43.674045,6280811,1205176,2010,2010-10-14T04:00:00.000Z,1703,17,BLOOR ST E,CASTLE FRANK RD, ,Major Arterial,Toronto and East York,43.674045,-79.36769,Mid-Block, ,No Control,Rain,Daylight,Wet,Non-Fatal Injury,Approaching,Driver,15 to 19,Minimal,0,East,"Automobile, Station Wagon",Going Ahead,Speed too Fast For Condition,Inattentive, , , , , , , , ,Yes, , , , , ,Yes,Yes, , , ,"51,53",,,71,,1197
-79.36769,43.674045,6280812,1205176,2010,2010-10-14T04:00:00.000Z,1703,17,BLOOR ST E,CASTLE FRANK RD, ,Major Arterial,Toronto and East York,43.674045,-79.36769,Mid-Block, ,No Control,Rain,Daylight,Wet,Non-Fatal Injury,Approaching,Vehicle Owner,unknown, ,0, ,Other, , , , , , , , , , , ,Yes, , , , , ,Yes,Yes, , , ,"51,53",,,71,,1198
-79.36769,43.674045,6280813,1205176,2010,2010-10-14T04:00:00.000Z,1703,17,BLOOR ST E,CASTLE FRANK RD, ,Major Arterial,Toronto and East York,43.674045,-79.36769,Mid-Block, ,No Control,Rain,Daylight,Wet,Non-Fatal Injury,Approaching,Driver,30 to 34,Major,0,West,"Automobile, Station Wagon",Going Ahead,Driving Properly,Normal, , , , , , , , ,Yes, , , , , ,Yes,Yes, , , ,"51,53",,,71,,1199
-79.474895,43.68981,80942257,8000720463,2018,2018-04-22T04:00:00.000Z,1706,17,1854 KEELE ST, , ,Major Arterial,Etobicoke York,43.68981,-79.474895,Mid-Block,Non Intersection,No Control,Clear,"Dark, artificial",Dry,Non-Fatal Injury,Pedestrian Collisions,Pedestrian,60 to 64,Major,0,West, , , , ,Pedestrian hit at mid-block,"Crossing, no Traffic Control",Other, , , ,Yes, , ,Yes, , , , ,Yes,Yes, , , ,12,,,110,,1200
-79.474895,43.68981,80942258,8000720463,2018,2018-04-22T04:00:00.000Z,1706,17,1854 KEELE ST, , ,Major Arterial,Etobicoke York,43.68981,-79.474895,Mid-Block,Non Intersection,No Control,Clear,"Dark, artificial",Dry,Non-Fatal Injury,Pedestrian Collisions,Motorcycle Driver,unknown,None,0,South,Motorcycle,Going Ahead,Exceeding Speed Limit,Other, , , , , , ,Yes, , ,Yes, , , , ,Yes,Yes, , , ,12,,,110,,1201
-79.394687,43.784339,80486901,5001215897,2015,2015-07-17T04:00:00.000Z,1714,17,FINCH AVE E,MANORCREST DR, ,Major Arterial,North York,43.784339,-79.394687,Intersection,Intersection Related,No Control,Clear,Daylight,Dry,Non-Fatal Injury,Rear End,Driver,25 to 29,None,0,East,"Automobile, Station Wagon",Going Ahead,Speed too Fast For Condition,Inattentive, , , , , , , , ,Yes, , , , , ,Yes,Yes, , , ,32,,,51,,1202
-79.394687,43.784339,80486902,5001215897,2015,2015-07-17T04:00:00.000Z,1714,17,FINCH AVE E,MANORCREST DR, ,Major Arterial,North York,43.784339,-79.394687,Intersection,Intersection Related,No Control,Clear,Daylight,Dry,Non-Fatal Injury,Rear End,Driver,55 to 59,Major,0,East,"Automobile, Station Wagon",Stopped,Driving Properly,Normal, , , , , , , , ,Yes, , , , , ,Yes,Yes, , , ,32,,,51,,1203