X,Y,Index_,ACCNUM,YEAR,DATE,TIME,Hour,STREET1,STREET2,OFFSET,ROAD_CLASS,District,LATITUDE,LONGITUDE,LOCCOORD,ACCLOC,TRAFFCTL,VISIBILITY,LIGHT,RDSFCOND,ACCLASS,IMPACTYPE,INVTYPE,INVAGE,INJURY,FATAL_NO,INITDIR,VEHTYPE,MANOEUVER,DRIVACT,DRIVCOND,PEDTYPE,PEDACT,PEDCOND,CYCLISTYPE,CYCACT,CYCCOND,PEDESTRIAN,CYCLIST,AUTOMOBILE,MOTORCYCLE,TRUCK,TRSN_CITY_,EMERG_VEH,PASSENGER,SPEEDING,AG_DRIV,REDLIGHT,ALCOHOL,DISABILITY,Division,Ward_Name,Ward_ID,Hood_ID,Hood_Name,ObjectId
-79.394687,43.784339,80486903,5001215897,2015,2015-07-17T04:00:00.000Z,1714,17,FINCH AVE E,MANORCREST DR, ,Major Arterial,North York,43.784339,-79.394687,Intersection,Intersection Related,No Control,Clear,Daylight,Dry,Non-Fatal Injury,Rear End,Driver,unknown,None,0,East,"Automobile, Station Wagon",Stopped,Driving Properly,Unknown, , , , , , , , ,Yes, , , , , ,Yes,Yes, , , ,32,,,51,,1204
-79.22049,43.810045,6199854,1193206,2010,2010-09-02T04:00:00.000Z,1715,17,MCLEVIN AVE,HUPFIELD TRL, ,Minor Arterial,Scarborough,43.810045,-79.22049,Mid-Block, ,No Control,Clear,Daylight,Dry,Non-Fatal Injury,Rear End,Driver,45 to 49,Minimal,0,West,Other,Parked,Driving Properly,Unknown, , , , , , , , ,Yes, , , , ,Yes,Yes,Yes, , , ,42,,,132,,1205
-79.22049,43.810045,6199855,1193206,2010,2010-09-02T04:00:00.000Z,1715,17,MCLEVIN AVE,HUPFIELD TRL, ,Minor Arterial,Scarborough,43.810045,-79.22049,Mid-Block, ,No Control,Clear,Daylight,Dry,Non-Fatal Injury,Rear End,Passenger,25 to 29,Major,0, ,Other, , , , , , , , , , , ,Yes, , , , ,Yes,Yes,Yes, , , ,42,,,132,,1206
-79.22049,43.810045,6199856,1193206,2010,2010-09-02T04:00:00.000Z,1715,17,MCLEVIN AVE,HUPFIELD TRL, ,Minor Arterial,Scarborough,43.810045,-79.22049,Mid-Block, ,No Control,Clear,Daylight,Dry,Non-Fatal Injury,Rear End,Driver,20 to 24,Major,0,West,"Automobile, Station Wagon",Going Ahead,Speed too Fast For Condition,Normal, , , , , , , , ,Yes, , , , ,Yes,Yes,Yes, , , ,42,,,132,,1207
-79.56819,43.714845,6683697,1257535,2011,2011-10-04T04:00:00.000Z,1716,17,KIPLING AVE,REDWATER DR, ,Major Arterial,Etobicoke York,43.714845,-79.56819,Mid-Block, ,No Control,Clear,Daylight,Dry,Non-Fatal Injury,SMV Other,Passenger,70 to 74,Major,0, ,Other, , , , , , , , , , , ,Yes, , , , ,Yes,Yes,Yes, , , ,23,,,4,,1208
-79.56819,43.714845,6683698,1257535,2011,2011-10-04T04:00:00.000Z,1716,17,KIPLING AVE,REDWATER DR, ,Major Arterial,Etobicoke York,43.714845,-79.56819,Mid-Block, ,No Control,Clear,Daylight,Dry,Non-Fatal Injury,SMV Other,Driver,70 to 74,Major,0,North,"Automobile, Station Wagon",Going Ahead,Lost control,Unknown, , , , , , , , ,Yes, , , , ,Yes,Yes,Yes, , , ,23,,,4,,1209
-79.470783,43.66247,80946679,8001115979,2018,2018-06-19T04:00:00.000Z,1717,17,ANNETTE ST,QUEBEC AVE, ,Minor Arterial,Toronto and East York,43.66247,-79.470783,Intersection,At Intersection,Stop Sign,Clear,Daylight,Dry,Non-Fatal Injury,Angle,Driver,55 to 59,Minimal,0,East,"Automobile, Station Wagon",Going Ahead,Speed too Fast For Condition,Normal, , , , , , , , ,Yes, , , , , ,Yes,Yes, , , ,11,,,90,,1210
-79.470783,43.66247,80946680,8001115979,2018,2018-06-19T04:00:00.000Z,1717,17,ANNETTE ST,QUEBEC AVE, ,Minor Arterial,Toronto and East York,43.66247,-79.470783,Intersection,At Intersection,Stop Sign,Clear,Daylight,Dry,Non-Fatal Injury,Angle,Driver,50 to 54,Major,0,South,"Automobile, Station Wagon",Going Ahead,Driving Properly,Normal, , , , , , , , ,Yes, , , , , ,Yes,Yes, , , ,11,,,90,,1211
-79.470783,43.66247,80946681,8001115979,2018,2018-06-19T04:00:00.000Z,1717,17,ANNETTE ST,QUEBEC AVE, ,Minor Arterial,Toronto and East York,43.66247,-79.470783,Intersection,At Intersection,Stop Sign,Clear,Daylight,Dry,Non-Fatal Injury,Angle,Driver,50 to 54,Minimal,0,West,"Automobile, Station Wagon",Going Ahead,Driving Properly,Normal, , , , , , , , ,Yes, , , , , ,Yes,Yes, , , ,11,,,90,,1212
-79.28551,43.691847,80489799,5001665605,2015,2015-09-26T04:00:00.000Z,1718,17,DANFORTH AVE,ST DUNSTAN DR, ,Major Arterial,Scarborough,43.691847,-79.28551,Intersection,Intersection Related,No Control,Clear,Daylight,Dry,Non-Fatal Injury,Turning Movement,Driver,50 to 54,Minimal,0,East,"Automobile, Station Wagon",Turning Left,Improper Turn,Inattentive, , , , , , , , ,Yes,Yes, , , ,Yes,Yes,Yes, , , ,41,,,121,,1213
-79.570628,43.651934,80770719,7001165135,2017,2017-06-29T04:00:00.000Z,1808,18,THE WEST MALL,CAMBRIAN RD,98 m South of,Minor Arterial,Etobicoke York,43.651934,-79.570628,Mid-Block,Non Intersection,No Control,Clear,Daylight,Dry,Non-Fatal Injury,Angle,Driver,15 to 19,Minor,0,West,Passenger Van,Going Ahead,Failed to Yield Right of Way,Normal, , , , , , , , ,Yes, , ,Yes, ,Yes,Yes,Yes, , , ,22,,,13,,1214
-79.30189,43.707845,6670080,1251421,2011,2011-08-09T04:00:00.000Z,2141,21,ST CLAIR AVE E,VICROSS RD, ,Major Arterial,Toronto and East York,43.707845,-79.30189,Intersection, ,No Control,Clear,Dark,Dry,Non-Fatal Injury,Pedestrian Collisions,Driver,30 to 34,None,0,East,"Automobile, Station Wagon",Going Ahead,Driving Properly,Normal, , , , , , ,Yes, ,Yes, , , , , ,Yes,Yes, , , ,54,,,54,,1215
-79.570628,43.651934,80770720,7001165135,2017,2017-06-29T04:00:00.000Z,1808,18,THE WEST MALL,CAMBRIAN RD,98 m South of,Minor Arterial,Etobicoke York,43.651934,-79.570628,Mid-Block,Non Intersection,No Control,Clear,Daylight,Dry,Non-Fatal Injury,Angle,Driver,40 to 44,Minor,0,North,Municipal Transit Bus (TTC),Going Ahead,Driving Properly,Normal, , , , , , , , ,Yes, , ,Yes, ,Yes,Yes,Yes, , , ,22,,,13,,1216
-79.55219,43.769145,7514250,1279961,2012,2012-02-10T05:00:00.000Z,1850,18,STEELES Ave W,KLONDIKE Dr, ,Major Arterial,Etobicoke York,43.769145,-79.55219,Intersection, ,No Control,Clear,"Dark, artificial",Dry,Non-Fatal Injury,Rear End,Driver,40 to 44,None,0,West,"Automobile, Station Wagon",Going Ahead,Driving Properly,Normal, , , , , , , , ,Yes, , , , ,Yes,Yes,Yes, , , ,31,,,0,,1217
-79.418346,43.791163,80217104,4002788366,2014,2014-08-27T04:00:00.000Z,1719,17,YONGE ST,HOMEWOOD AVE, ,Major Arterial,North York,43.791163,-79.418346,Intersection,Non Intersection,No Control,Clear,Daylight,Dry,Non-Fatal Injury,Rear End,Driver,45 to 49,Minimal,0,South,"Automobile, Station Wagon",Going Ahead,Driving Properly,Unknown, , , , , , , , ,Yes, , , , , ,Yes,Yes, , , ,32,,,50,,1218
-79.570628,43.651934,80770721,7001165135,2017,2017-06-29T04:00:00.000Z,1808,18,THE WEST MALL,CAMBRIAN RD,98 m South of,Minor Arterial,Etobicoke York,43.651934,-79.570628,Mid-Block,Non Intersection,No Control,Clear,Daylight,Dry,Non-Fatal Injury,Angle,Passenger,20 to 24,Minor,0, , , , , , , , , , , , , ,Yes, , ,Yes, ,Yes,Yes,Yes, , , ,22,,,13,,1219
-79.508113,43.719008,80875567,8000662467,2018,2018-04-13T04:00:00.000Z,1512,15,JANE ST,BEVERLY HILLS DR, ,Major Arterial,North York,43.719008,-79.508113,Intersection,At Intersection,Traffic Signal, ,Daylight, ,Fatal,Pedestrian Collisions,Driver,55 to 59,Minor,0,North,Passenger Van,Turning Left,Failed to Yield Right of Way,Unknown, , , , , , ,Yes, ,Yes, , , , , ,Yes,Yes, , , ,31,,,26,,1220
-79.55219,43.769145,7514251,1279961,2012,2012-02-10T05:00:00.000Z,1850,18,STEELES Ave W,KLONDIKE Dr, ,Major Arterial,Etobicoke York,43.769145,-79.55219,Intersection, ,No Control,Clear,"Dark, artificial",Dry,Non-Fatal Injury,Rear End,Vehicle Owner,unknown, ,0, ,Other, , , , , , , , , , , ,Yes, , , , ,Yes,Yes,Yes, , , ,31,,,0,,1221
-79.30189,43.707845,6670081,1251421,2011,2011-08-09T04:00:00.000Z,2141,21,ST CLAIR AVE E,VICROSS RD, ,Major Arterial,Toronto and East York,43.707845,-79.30189,Intersection, ,No Control,Clear,Dark,Dry,Non-Fatal Injury,Pedestrian Collisions,Driver,unknown,None,0,Unknown,"Automobile, Station Wagon",Unknown,Other,Other, , , , , , ,Yes, ,Yes, , , , , ,Yes,Yes, , , ,54,,,54,,1222
-79.570628,43.651934,80770722,7001165135,2017,2017-06-29T04:00:00.000Z,1808,18,THE WEST MALL,CAMBRIAN RD,98 m South of,Minor Arterial,Etobicoke York,43.651934,-79.570628,Mid-Block,Non Intersection,No Control,Clear,Daylight,Dry,Non-Fatal Injury,Angle,Passenger,20 to 24,Major,0, , , , , , , , , , , , , ,Yes, , ,Yes, ,Yes,Yes,Yes, , , ,22,,,13,,1223
-79.244525,43.746295,80946941,8001217493,2018,2018-07-04T04:00:00.000Z,1720,17,DANFORTH RD,CARSLAKE CRES,10 m South of,Major Arterial,Scarborough,43.746295,-79.244525,Intersection,Intersection Related,No Control,Clear,Daylight,Dry,Non-Fatal Injury,Approaching,Driver,70 to 74,Major,0,South,"Automobile, Station Wagon",Going Ahead,Lost control,Normal, , , , , , , , ,Yes, , , , , ,Yes,Yes, , , ,43,,,127,,1224
-79.30189,43.707845,6670082,1251421,2011,2011-08-09T04:00:00.000Z,2141,21,ST CLAIR AVE E,VICROSS RD, ,Major Arterial,Toronto and East York,43.707845,-79.30189,Intersection, ,No Control,Clear,Dark,Dry,Non-Fatal Injury,Pedestrian Collisions,Pedestrian,55 to 59,Major,0,South,Other, , , ,Pedestrian hit at mid-block,"Crossing, no Traffic Control",Normal, , , ,Yes, ,Yes, , , , , ,Yes,Yes, , , ,54,,,54,,1225
-79.570628,43.651934,80770723,7001165135,2017,2017-06-29T04:00:00.000Z,1808,18,THE WEST MALL,CAMBRIAN RD,98 m South of,Minor Arterial,Etobicoke York,43.651934,-79.570628,Mid-Block,Non Intersection,No Control,Clear,Daylight,Dry,Non-Fatal Injury,Angle,Passenger,20 to 24,Minor,0, , , , , , , , , , , , , ,Yes, , ,Yes, ,Yes,Yes,Yes, , , ,22,,,13,,1226
-79.508113,43.719008,80875568,8000662467,2018,2018-04-13T04:00:00.000Z,1512,15,JANE ST,BEVERLY HILLS DR, ,Major Arterial,North York,43.719008,-79.508113,Intersection,At Intersection,Traffic Signal, ,Daylight, ,Fatal,Pedestrian Collisions,Pedestrian,40 to 44,Fatal,19,South, , , , ,Vehicle turns left while ped crosses with ROW at inter.,Crossing with right of way,Normal, , , ,Yes, ,Yes, , , , , ,Yes,Yes, , , ,31,,,26,,1227
-79.570628,43.651934,80770724,7001165135,2017,2017-06-29T04:00:00.000Z,1808,18,THE WEST MALL,CAMBRIAN RD,98 m South of,Minor Arterial,Etobicoke York,43.651934,-79.570628,Mid-Block,Non Intersection,No Control,Clear,Daylight,Dry,Non-Fatal Injury,Angle,Passenger,20 to 24,Minor,0, , , , , , , , , , , , , ,Yes, , ,Yes, ,Yes,Yes,Yes, , , ,22,,,13,,1228
-79.244525,43.746295,80946942,8001217493,2018,2018-07-04T04:00:00.000Z,1720,17,DANFORTH RD,CARSLAKE CRES,10 m South of,Major Arterial,Scarborough,43.746295,-79.244525,Intersection,Intersection Related,No Control,Clear,Daylight,Dry,Non-Fatal Injury,Approaching,Driver,50 to 54,Major,0,North,"Automobile, Station Wagon",Going Ahead,Driving Properly,Normal, , , , , , , , ,Yes, , , , , ,Yes,Yes, , , ,43,,,127,,1229
-79.33229,43.740145,6688487,1259641,2011,2011-10-18T04:00:00.000Z,2145,21,DON VALLEY PARKWAY  S,LAWRENCE AVE E, ,Expressway,North York,43.740145,-79.33229,Mid-Block, ,No Control,Clear,Dark,Dry,Non-Fatal Injury,Rear End,Passenger,60 to 64,Major,0, ,Other, , , , , , , , , , , ,Yes, ,Yes, , ,Yes,Yes,Yes, , , ,33,,,42,,1230
-79.55219,43.769145,7514252,1279961,2012,2012-02-10T05:00:00.000Z,1850,18,STEELES Ave W,KLONDIKE Dr, ,Major Arterial,Etobicoke York,43.769145,-79.55219,Intersection, ,No Control,Clear,"Dark, artificial",Dry,Non-Fatal Injury,Rear End,Driver,20 to 24,Minimal,0,East,"Automobile, Station Wagon",Going Ahead,Driving Properly,Unknown, , , , , , , , ,Yes, , , , ,Yes,Yes,Yes, , , ,31,,,0,,1231
-79.33229,43.740145,6688488,1259641,2011,2011-10-18T04:00:00.000Z,2145,21,DON VALLEY PARKWAY  S,LAWRENCE AVE E, ,Expressway,North York,43.740145,-79.33229,Mid-Block, ,No Control,Clear,Dark,Dry,Non-Fatal Injury,Rear End,Vehicle Owner,unknown, ,0, ,Other, , , , , , , , , , , ,Yes, ,Yes, , ,Yes,Yes,Yes, , , ,33,,,42,,1232
-79.261302,43.716452,80892809,7003285352,2017,2017-12-29T05:00:00.000Z,1515,15,ST CLAIR AVE E,KENNEDY  RD,2 m East of,Major Arterial,Scarborough,43.716452,-79.261302,Intersection,At Intersection,Traffic Signal,Snow,Daylight,Loose Snow,Non-Fatal Injury,Other,Passenger,65 to 69,Major,0, , , , , , , , , , , , , , , , ,Yes, ,Yes,Yes,Yes, , , ,41,,,120,,1233
-79.570628,43.651934,80770780,7001165135,2017,2017-06-29T04:00:00.000Z,1808,18,THE WEST MALL,CAMBRIAN RD,98 m South of,Minor Arterial,Etobicoke York,43.651934,-79.570628,Mid-Block,Non Intersection,No Control,Clear,Daylight,Dry,Non-Fatal Injury,Angle,Passenger,15 to 19,Minor,0, , , , , , , , , , , , , ,Yes, , ,Yes, ,Yes,Yes,Yes, , , ,22,,,13,,1234
-79.261302,43.716452,80892810,7003285352,2017,2017-12-29T05:00:00.000Z,1515,15,ST CLAIR AVE E,KENNEDY  RD,2 m East of,Major Arterial,Scarborough,43.716452,-79.261302,Intersection,At Intersection,Traffic Signal,Snow,Daylight,Loose Snow,Non-Fatal Injury,Other,Driver,45 to 49,None,0,East,Intercity Bus,Going Ahead,Driving Properly,Normal, , , , , , , , , , , ,Yes, ,Yes,Yes,Yes, , , ,41,,,120,,1235
-79.570628,43.651934,80770781,7001165135,2017,2017-06-29T04:00:00.000Z,1808,18,THE WEST MALL,CAMBRIAN RD,98 m South of,Minor Arterial,Etobicoke York,43.651934,-79.570628,Mid-Block,Non Intersection,No Control,Clear,Daylight,Dry,Non-Fatal Injury,Angle,Passenger,15 to 19,Minor,0, , , , , , , , , , , , , ,Yes, , ,Yes, ,Yes,Yes,Yes, , , ,22,,,13,,1236
-79.261302,43.716452,80892811,7003285352,2017,2017-12-29T05:00:00.000Z,1515,15,ST CLAIR AVE E,KENNEDY  RD,2 m East of,Major Arterial,Scarborough,43.716452,-79.261302,Intersection,At Intersection,Traffic Signal,Snow,Daylight,Loose Snow,Non-Fatal Injury,Other,Driver,unknown, ,0, , , , , , , , , , , , , , , , ,Yes, ,Yes,Yes,Yes, , , ,41,,,120,,1237
-79.33229,43.740145,6688489,1259641,2011,2011-10-18T04:00:00.000Z,2145,21,DON VALLEY PARKWAY  S,LAWRENCE AVE E, ,Expressway,North York,43.740145,-79.33229,Mid-Block, ,No Control,Clear,Dark,Dry,Non-Fatal Injury,Rear End,Truck Driver,35 to 39,None,0,South,Truck - Open,Going Ahead,Lost control,"Ability Impaired, Drugs", , , , , , , , ,Yes, ,Yes, , ,Yes,Yes,Yes, , , ,33,,,42,,1238
-79.38649,43.639545,5053643,1139528,2009,2009-11-28T05:00:00.000Z,1810,18,F G GARDINER Expr E,REES Stre, ,Expressway,Toronto and East York,43.639545,-79.38649,Mid-Block, ,No Control,Clear,Dark,Dry,Non-Fatal Injury,SMV Other,Motorcycle Driver,25 to 29,Major,0,East,Motorcycle,Going Ahead,Speed too Fast For Condition,Normal, , , , , , , , , ,Yes, , , , ,Yes,Yes, , , ,52,,,77,,1239
-79.320262,43.675269,80972995,8001842377,2018,2018-10-05T04:00:00.000Z,1515,15,GERRARD ST E,COXWELL AVE,25 m East of,Minor Arterial,Toronto and East York,43.675269,-79.320262,Intersection,Intersection Related,Traffic Signal,Clear,Daylight,Dry,Non-Fatal Injury,SMV Other,Driver,30 to 34,None,0,West,Pick Up Truck,Going Ahead,Speed too Fast For Condition,Had Been Drinking, , , , , , , , ,Yes, , , , ,Yes,Yes,Yes, , , ,55,,,64,,1240
-79.55219,43.769145,7514253,1279961,2012,2012-02-10T05:00:00.000Z,1850,18,STEELES Ave W,KLONDIKE Dr, ,Major Arterial,Etobicoke York,43.769145,-79.55219,Intersection, ,No Control,Clear,"Dark, artificial",Dry,Non-Fatal Injury,Rear End,Driver,45 to 49,None,0,West,"Automobile, Station Wagon",Changing Lanes,Improper Lane Change,Unknown, , , , , , , , ,Yes, , , , ,Yes,Yes,Yes, , , ,31,,,0,,1241
-79.58919,43.741045,5862853,1137440,2009,2009-10-25T04:00:00.000Z,1722,17,ALBION RD,FINCH AVE W, ,Major Arterial,Etobicoke York,43.741045,-79.58919,Intersection,At Intersection,Traffic Signal,Clear,Daylight,Dry,Non-Fatal Injury,Turning Movement,Driver,20 to 24,Major,0,West,Taxi,Turning Left,Improper Turn,Normal, , , , , , , , ,Yes, , , , , ,Yes,Yes, , , ,23,,,2,,1242
-79.55219,43.769145,7514254,1279961,2012,2012-02-10T05:00:00.000Z,1850,18,STEELES Ave W,KLONDIKE Dr, ,Major Arterial,Etobicoke York,43.769145,-79.55219,Intersection, ,No Control,Clear,"Dark, artificial",Dry,Non-Fatal Injury,Rear End,Vehicle Owner,unknown, ,0, ,Other, , , , , , , , , , , ,Yes, , , , ,Yes,Yes,Yes, , , ,31,,,0,,1243
-79.58919,43.741045,5862854,1137440,2009,2009-10-25T04:00:00.000Z,1722,17,ALBION RD,FINCH AVE W, ,Major Arterial,Etobicoke York,43.741045,-79.58919,Intersection,At Intersection,Traffic Signal,Clear,Daylight,Dry,Non-Fatal Injury,Turning Movement,Driver,25 to 29,Minor,0,East,"Automobile, Station Wagon",Going Ahead,Driving Properly,Normal, , , , , , , , ,Yes, , , , , ,Yes,Yes, , , ,23,,,2,,1244
-79.55219,43.769145,7514255,1279961,2012,2012-02-10T05:00:00.000Z,1850,18,STEELES Ave W,KLONDIKE Dr, ,Major Arterial,Etobicoke York,43.769145,-79.55219,Intersection, ,No Control,Clear,"Dark, artificial",Dry,Non-Fatal Injury,Rear End,Other,unknown,None,0, ,"Automobile, Station Wagon", , , , , , , , , , , ,Yes, , , , ,Yes,Yes,Yes, , , ,31,,,0,,1245
-79.33229,43.740145,6688490,1259641,2011,2011-10-18T04:00:00.000Z,2145,21,DON VALLEY PARKWAY  S,LAWRENCE AVE E, ,Expressway,North York,43.740145,-79.33229,Mid-Block, ,No Control,Clear,Dark,Dry,Non-Fatal Injury,Rear End,Driver,35 to 39,Minor,0,South,"Automobile, Station Wagon",Going Ahead,Driving Properly,Normal, , , , , , , , ,Yes, ,Yes, , ,Yes,Yes,Yes, , , ,33,,,42,,1246
-79.55149,43.638145,7412467,1293088,2012,2012-03-18T04:00:00.000Z,1810,18,BLOOR Stre W,LAUREL Aven, ,Major Arterial,Etobicoke York,43.638145,-79.55149,Intersection,At Intersection,No Control,Clear,Daylight,Dry,Non-Fatal Injury,Rear End,Vehicle Owner,unknown, ,0, ,Other, , , , , , , , , , , ,Yes,Yes, , , , ,Yes,Yes, , , ,22,,,14,,1247
-79.33229,43.740145,6688491,1259641,2011,2011-10-18T04:00:00.000Z,2145,21,DON VALLEY PARKWAY  S,LAWRENCE AVE E, ,Expressway,North York,43.740145,-79.33229,Mid-Block, ,No Control,Clear,Dark,Dry,Non-Fatal Injury,Rear End,Passenger,20 to 24,Minor,0, ,Other, , , , , , , , , , , ,Yes, ,Yes, , ,Yes,Yes,Yes, , , ,33,,,42,,1248
-79.55149,43.638145,7412468,1293088,2012,2012-03-18T04:00:00.000Z,1810,18,BLOOR Stre W,LAUREL Aven, ,Major Arterial,Etobicoke York,43.638145,-79.55149,Intersection,At Intersection,No Control,Clear,Daylight,Dry,Non-Fatal Injury,Rear End,Motorcycle Driver,25 to 29,Major,0,East,Motorcycle,Going Ahead,Speed too Fast For Condition,Normal, , , , , , , , ,Yes,Yes, , , , ,Yes,Yes, , , ,22,,,14,,1249
-79.33229,43.740145,6688492,1259641,2011,2011-10-18T04:00:00.000Z,2145,21,DON VALLEY PARKWAY  S,LAWRENCE AVE E, ,Expressway,North York,43.740145,-79.33229,Mid-Block, ,No Control,Clear,Dark,Dry,Non-Fatal Injury,Rear End,Driver,60 to 64,Minor,0,South,"Automobile, Station Wagon",Going Ahead,Driving Properly,Normal, , , , , , , , ,Yes, ,Yes, , ,Yes,Yes,Yes, , , ,33,,,42,,1250
-79.21767,43.798106,80485493,4002616805,2014,2014-08-01T04:00:00.000Z,1722,17,SHEPPARD AVE E,NEILSON RD, ,Major Arterial,Scarborough,43.798106,-79.21767,Intersection,Intersection Related,Traffic Signal,Clear,Daylight,Dry,Fatal,Cyclist Collisions,Driver,15 to 19,None,0,West,"Automobile, Station Wagon",Going Ahead,Speed too Fast For Condition,Normal, , , , , , , ,Yes,Yes, , , , , ,Yes,Yes, , , ,42,,,132,,1251
-79.55149,43.638145,7412469,1293088,2012,2012-03-18T04:00:00.000Z,1810,18,BLOOR Stre W,LAUREL Aven, ,Major Arterial,Etobicoke York,43.638145,-79.55149,Intersection,At Intersection,No Control,Clear,Daylight,Dry,Non-Fatal Injury,Rear End,Driver,55 to 59,None,0,East,"Automobile, Station Wagon",Stopped,Driving Properly,Normal, , , , , , , , ,Yes,Yes, , , , ,Yes,Yes, , , ,22,,,14,,1252
-79.44079,43.764945,6174443,1182503,2010,2010-06-27T04:00:00.000Z,2050,20,BATHURST ST,WILD GINGERWAY Aven, ,Major Arterial,North York,43.764945,-79.44079,Mid-Block, ,No Control,Rain,Dark,Wet,Non-Fatal Injury,Approaching,Vehicle Owner,unknown, ,0, ,Other, , , , , , , , , , , ,Yes, , , , ,Yes,Yes,Yes, ,Yes, ,32,,,37,,1253
-79.33229,43.740145,6688493,1259641,2011,2011-10-18T04:00:00.000Z,2145,21,DON VALLEY PARKWAY  S,LAWRENCE AVE E, ,Expressway,North York,43.740145,-79.33229,Mid-Block, ,No Control,Clear,Dark,Dry,Non-Fatal Injury,Rear End,Other Property Owner,unknown, ,0, ,Other, , , , , , , , , , , ,Yes, ,Yes, , ,Yes,Yes,Yes, , , ,33,,,42,,1254
-79.320262,43.675269,80972996,8001842377,2018,2018-10-05T04:00:00.000Z,1515,15,GERRARD ST E,COXWELL AVE,25 m East of,Minor Arterial,Toronto and East York,43.675269,-79.320262,Intersection,Intersection Related,Traffic Signal,Clear,Daylight,Dry,Non-Fatal Injury,SMV Other,Passenger,25 to 29,Major,0, , , , , , , , , , , , , ,Yes, , , , ,Yes,Yes,Yes, , , ,55,,,64,,1255
-79.55219,43.769145,7514256,1279961,2012,2012-02-10T05:00:00.000Z,1850,18,STEELES Ave W,KLONDIKE Dr, ,Major Arterial,Etobicoke York,43.769145,-79.55219,Intersection, ,No Control,Clear,"Dark, artificial",Dry,Non-Fatal Injury,Rear End,Passenger,40 to 44,Major,0, ,Other, , , , , , , , , , , ,Yes, , , , ,Yes,Yes,Yes, , , ,31,,,0,,1256
-79.21767,43.798106,80485494,4002616805,2014,2014-08-01T04:00:00.000Z,1722,17,SHEPPARD AVE E,NEILSON RD, ,Major Arterial,Scarborough,43.798106,-79.21767,Intersection,Intersection Related,Traffic Signal,Clear,Daylight,Dry,Fatal,Cyclist Collisions,Cyclist,15 to 19,Fatal,18,North,Bicycle,Going Ahead, , , , , ,"Motorist without ROW drives into path of cyclist at inter, lnwy, dwy-Driver not turn.",Driving Properly,Inattentive, ,Yes,Yes, , , , , ,Yes,Yes, , , ,42,,,132,,1257
-79.282756,43.71617,80198008,3000983486,2013,2013-11-16T05:00:00.000Z,1516,15,FAIRFAX CR,WARDEN AV, ,Major Arterial,Scarborough,43.71617,-79.282756,Intersection,At Intersection,Traffic Signal,Clear,Daylight,Dry,Non-Fatal Injury,Turning Movement,Driver,75 to 79,Major,0,North,"Automobile, Station Wagon",Turning Left,Failed to Yield Right of Way,Normal, , , , , , , , ,Yes, , , , ,Yes,Yes,Yes, , , ,41,,,120,,1258
-79.55219,43.769145,7514257,1279961,2012,2012-02-10T05:00:00.000Z,1850,18,STEELES Ave W,KLONDIKE Dr, ,Major Arterial,Etobicoke York,43.769145,-79.55219,Intersection, ,No Control,Clear,"Dark, artificial",Dry,Non-Fatal Injury,Rear End,Other,unknown,None,0, ,Other, , , , , , , , , , , ,Yes, , , , ,Yes,Yes,Yes, , , ,31,,,0,,1259
-79.472026,43.683169,80951123,8001732179,2018,2018-09-18T04:00:00.000Z,1850,18,KEELE ST,AILEEN AVE, ,Major Arterial,Etobicoke York,43.683169,-79.472026,Intersection,At Intersection,No Control,Clear,Daylight,Dry,Fatal,Turning Movement,Motorcycle Driver,40 to 44,Fatal,47,North,Motorcycle,Going Ahead,Lost control,Unknown, , , , , , , , ,Yes,Yes, , , , ,Yes,Yes, , , ,12,,,110,,1260
-79.472026,43.683169,80951124,8001732179,2018,2018-09-18T04:00:00.000Z,1850,18,KEELE ST,AILEEN AVE, ,Major Arterial,Etobicoke York,43.683169,-79.472026,Intersection,At Intersection,No Control,Clear,Daylight,Dry,Fatal,Turning Movement,Driver,50 to 54,None,0,South,"Automobile, Station Wagon",Turning Left,Driving Properly,Normal, , , , , , , , ,Yes,Yes, , , , ,Yes,Yes, , , ,12,,,110,,1261
-79.194705,43.761939,80972681,8001849626,2018,2018-10-06T04:00:00.000Z,1850,18,KINGSTON RD,GALLOWAY RD, ,Major Arterial,Scarborough,43.761939,-79.194705,Intersection,At Intersection,Traffic Signal,Clear,Daylight,Dry,Non-Fatal Injury,Turning Movement,Motorcycle Driver,15 to 19,Major,0,West,Motorcycle,Going Ahead,Speed too Fast For Condition,Normal, , , , , , , , ,Yes,Yes, , , ,Yes,Yes,Yes, , , ,43,,,136,,1262
-79.194705,43.761939,80972682,8001849626,2018,2018-10-06T04:00:00.000Z,1850,18,KINGSTON RD,GALLOWAY RD, ,Major Arterial,Scarborough,43.761939,-79.194705,Intersection,At Intersection,Traffic Signal,Clear,Daylight,Dry,Non-Fatal Injury,Turning Movement,Driver,30 to 34,None,0,East,Pick Up Truck,Turning Left,Driving Properly,Normal, , , , , , , , ,Yes,Yes, , , ,Yes,Yes,Yes, , , ,43,,,136,,1263