X,Y,Index_,ACCNUM,YEAR,DATE,TIME,Hour,STREET1,STREET2,OFFSET,ROAD_CLASS,District,LATITUDE,LONGITUDE,LOCCOORD,ACCLOC,TRAFFCTL,VISIBILITY,LIGHT,RDSFCOND,ACCLASS,IMPACTYPE,INVTYPE,INVAGE,INJURY,FATAL_NO,INITDIR,VEHTYPE,MANOEUVER,DRIVACT,DRIVCOND,PEDTYPE,PEDACT,PEDCOND,CYCLISTYPE,CYCACT,CYCCOND,PEDESTRIAN,CYCLIST,AUTOMOBILE,MOTORCYCLE,TRUCK,TRSN_CITY_,EMERG_VEH,PASSENGER,SPEEDING,AG_DRIV,REDLIGHT,ALCOHOL,DISABILITY,Division,Ward_Name,Ward_ID,Hood_ID,Hood_Name,ObjectId
-79.194705,43.761939,80972683,8001849626,2018,2018-10-06T04:00:00.000Z,1850,18,KINGSTON RD,GALLOWAY RD, ,Major Arterial,Scarborough,43.761939,-79.194705,Intersection,At Intersection,Traffic Signal,Clear,Daylight,Dry,Non-Fatal Injury,Turning Movement,Motorcycle Passenger,15 to 19,Major,0, , , , , , , , , , , , , ,Yes,Yes, , , ,Yes,Yes,Yes, , , ,43,,,136,,1264
-79.194705,43.761939,80972684,8001849626,2018,2018-10-06T04:00:00.000Z,1850,18,KINGSTON RD,GALLOWAY RD, ,Major Arterial,Scarborough,43.761939,-79.194705,Intersection,At Intersection,Traffic Signal,Clear,Daylight,Dry,Non-Fatal Injury,Turning Movement,Passenger,30 to 34,Minimal,0, , , , , , , , , , , , , ,Yes,Yes, , , ,Yes,Yes,Yes, , , ,43,,,136,,1265
-79.215091,43.818743,7774164,1334928,2013,2013-01-10T05:00:00.000Z,1851,18,MORNINGSIDE AVE,OLD FINCH AVE, ,Minor Arterial,Scarborough,43.818743,-79.215091,Intersection,At Intersection,Traffic Signal,Clear,Dark,Dry,Fatal,Turning Movement,Driver,35 to 39,None,0,West,Municipal Transit Bus (TTC),Turning Right,Failed to Yield Right of Way,Normal, , , , , , , , ,Yes, , ,Yes, , ,Yes,Yes,Yes, , ,42,,,132,,1266
-79.215091,43.818743,7774165,1334928,2013,2013-01-10T05:00:00.000Z,1851,18,MORNINGSIDE AVE,OLD FINCH AVE, ,Minor Arterial,Scarborough,43.818743,-79.215091,Intersection,At Intersection,Traffic Signal,Clear,Dark,Dry,Fatal,Turning Movement,Driver,70 to 74,Fatal,1,North,"Automobile, Station Wagon",Going Ahead,Disobeyed Traffic Control,Unknown, , , , , , , , ,Yes, , ,Yes, , ,Yes,Yes,Yes, , ,42,,,132,,1267
-79.215091,43.818743,7774166,1334928,2013,2013-01-10T05:00:00.000Z,1851,18,MORNINGSIDE AVE,OLD FINCH AVE, ,Minor Arterial,Scarborough,43.818743,-79.215091,Intersection,At Intersection,Traffic Signal,Clear,Dark,Dry,Fatal,Turning Movement,Other Property Owner,unknown, ,0, , , , , , , , , , , , , ,Yes, , ,Yes, , ,Yes,Yes,Yes, , ,42,,,132,,1268
-79.49049,43.606945,7411074,1292500,2012,2012-03-13T04:00:00.000Z,1855,18,LAKE SHORE BLVD W,LAKE CRES, ,Major Arterial,Etobicoke York,43.606945,-79.49049,Intersection, ,No Control,Clear,Daylight,Dry,Non-Fatal Injury,SMV Other,Driver,50 to 54,Major,0,North,"Automobile, Station Wagon",Going Ahead,Lost control,Unknown, , , , , , , , ,Yes, , , , , ,Yes,Yes, , , ,22,,,17,,1269
-79.49049,43.606945,7411075,1292500,2012,2012-03-13T04:00:00.000Z,1855,18,LAKE SHORE BLVD W,LAKE CRES, ,Major Arterial,Etobicoke York,43.606945,-79.49049,Intersection, ,No Control,Clear,Daylight,Dry,Non-Fatal Injury,SMV Other,Other Property Owner,unknown, ,0, ,Other, , , , , , , , , , , ,Yes, , , , , ,Yes,Yes, , , ,22,,,17,,1270
-79.328784,43.75286,80560996,5000679960,2015,2015-04-24T04:00:00.000Z,1810,18,BROOKBANKS DR,UNDERHILL DR, ,Collector,North York,43.75286,-79.328784,Mid-Block,Trail,No Control,Clear,Daylight,Dry,Non-Fatal Injury,SMV Other,Driver,25 to 29,Major,0,South,Off Road - 2 Wheels,Going Ahead,Speed too Fast For Condition,Normal, , , , , , , , , , , , , , ,Yes,Yes, , , ,33,,,45,,1271
-79.422458,43.653796,80499268,6000324191,2016,2016-02-23T05:00:00.000Z,2146,21,OSSINGTON AVE,COLLEGE ST,67 m South of,Minor Arterial,Toronto and East York,43.653796,-79.422458,Mid-Block,Non Intersection,No Control,Clear,"Dark, artificial",Dry,Non-Fatal Injury,Pedestrian Collisions,Driver,35 to 39,Minor,0,South,"Automobile, Station Wagon",Going Ahead,Lost control,Inattentive, , , , , , ,Yes, ,Yes, , , , , ,Yes,Yes, , , ,14,,,81,,1272
-79.44079,43.764945,6174444,1182503,2010,2010-06-27T04:00:00.000Z,2050,20,BATHURST ST,WILD GINGERWAY Aven, ,Major Arterial,North York,43.764945,-79.44079,Mid-Block, ,No Control,Rain,Dark,Wet,Non-Fatal Injury,Approaching,Driver,60 to 64,Major,0,North,"Automobile, Station Wagon",Going Ahead,Driving Properly,Normal, , , , , , , , ,Yes, , , , ,Yes,Yes,Yes, ,Yes, ,32,,,37,,1273
-79.619815,43.754172,7867899,1377364,2013,2013-09-25T04:00:00.000Z,1859,18,STEELES AVE W,STEINWAY BLVD, ,Major Arterial,Etobicoke York,43.754172,-79.619815,Intersection, ,Stop Sign,Clear,"Dark, artificial",Dry,Fatal,Turning Movement,Motorcycle Driver,55 to 59,Fatal,42,East,Motorcycle,Going Ahead,Driving Properly,Normal, , , , , , , , ,Yes,Yes, , , , ,Yes,Yes, , , ,23,,,1,,1274
-79.619815,43.754172,7867900,1377364,2013,2013-09-25T04:00:00.000Z,1859,18,STEELES AVE W,STEINWAY BLVD, ,Major Arterial,Etobicoke York,43.754172,-79.619815,Intersection, ,Stop Sign,Clear,"Dark, artificial",Dry,Fatal,Turning Movement,Driver,40 to 44,None,0,North,"Automobile, Station Wagon",Turning Left,Failed to Yield Right of Way,Inattentive, , , , , , , , ,Yes,Yes, , , , ,Yes,Yes, , , ,23,,,1,,1275
-79.63839,43.749045,5407885,1059416,2008,2008-09-03T04:00:00.000Z,1900,19,ALBION RD,INDIAN LINE Aven W, ,Major Arterial,Etobicoke York,43.749045,-79.63839,Mid-Block, ,No Control,Clear,Daylight,Dry,Non-Fatal Injury,Rear End,Vehicle Owner,unknown, ,0, ,Other, , , , , , , , , , , ,Yes, , , , ,Yes,Yes,Yes, , , ,23,,,1,,1276
-79.63839,43.749045,5407886,1059416,2008,2008-09-03T04:00:00.000Z,1900,19,ALBION RD,INDIAN LINE Aven W, ,Major Arterial,Etobicoke York,43.749045,-79.63839,Mid-Block, ,No Control,Clear,Daylight,Dry,Non-Fatal Injury,Rear End,Driver,45 to 49,None,0,South,"Automobile, Station Wagon",Going Ahead,Driving Properly,Normal, , , , , , , , ,Yes, , , , ,Yes,Yes,Yes, , , ,23,,,1,,1277
-79.63839,43.749045,5407887,1059416,2008,2008-09-03T04:00:00.000Z,1900,19,ALBION RD,INDIAN LINE Aven W, ,Major Arterial,Etobicoke York,43.749045,-79.63839,Mid-Block, ,No Control,Clear,Daylight,Dry,Non-Fatal Injury,Rear End,Passenger,40 to 44,Major,0, ,Other, , , , , , , , , , , ,Yes, , , , ,Yes,Yes,Yes, , , ,23,,,1,,1278
-79.63839,43.749045,5407888,1059416,2008,2008-09-03T04:00:00.000Z,1900,19,ALBION RD,INDIAN LINE Aven W, ,Major Arterial,Etobicoke York,43.749045,-79.63839,Mid-Block, ,No Control,Clear,Daylight,Dry,Non-Fatal Injury,Rear End,Driver,25 to 29,Minor,0,South,"Automobile, Station Wagon",Pulling Onto Shoulder or towardCurb,Following too Close,Normal, , , , , , , , ,Yes, , , , ,Yes,Yes,Yes, , , ,23,,,1,,1279
-79.552768,43.681307,80917332,7001224557,2017,2017-07-08T04:00:00.000Z,1900,19,KIPLING  AVE,CLEMENT RD, ,Major Arterial,Etobicoke York,43.681307,-79.552768,Intersection,At Intersection,Traffic Signal,Clear,Daylight,Dry,Non-Fatal Injury,Turning Movement,Driver,75 to 79,Minimal,0,North,"Automobile, Station Wagon",Turning Left,Improper Turn,Normal, , , , , , , , ,Yes,Yes, , , , ,Yes,Yes, , , ,23,,,7,,1280
-79.552768,43.681307,80917333,7001224557,2017,2017-07-08T04:00:00.000Z,1900,19,KIPLING  AVE,CLEMENT RD, ,Major Arterial,Etobicoke York,43.681307,-79.552768,Intersection,At Intersection,Traffic Signal,Clear,Daylight,Dry,Non-Fatal Injury,Turning Movement,Motorcycle Driver,20 to 24,Major,0,South,Motorcycle,Going Ahead,Speed too Fast For Condition,Unknown, , , , , , , , ,Yes,Yes, , , , ,Yes,Yes, , , ,23,,,7,,1281
-79.262424,43.697497,80912090,8000781512,2018,2018-05-01T04:00:00.000Z,1905,19,DANFORTH AVE,BIRCHMOUNT RD,180 m East of,Minor Arterial,Scarborough,43.697497,-79.262424,Mid-Block,Non Intersection,No Control,Clear,Daylight,Dry,Non-Fatal Injury,Rear End,Motorcycle Driver,50 to 54,None,0,East,Motorcycle,Going Ahead,Driving Properly,Normal, , , , , , , , , ,Yes, , , , ,Yes,Yes, , , ,41,,,122,,1282
-79.262424,43.697497,80912091,8000781512,2018,2018-05-01T04:00:00.000Z,1905,19,DANFORTH AVE,BIRCHMOUNT RD,180 m East of,Minor Arterial,Scarborough,43.697497,-79.262424,Mid-Block,Non Intersection,No Control,Clear,Daylight,Dry,Non-Fatal Injury,Rear End,Motorcycle Driver,25 to 29,Major,0,East,Motorcycle,Going Ahead,Exceeding Speed Limit,Inattentive, , , , , , , , , ,Yes, , , , ,Yes,Yes, , , ,41,,,122,,1283
-79.34359,43.707445,6662771,1248427,2011,2011-06-26T04:00:00.000Z,1911,19,OVERLEA BLVD,THORNCLIFFE PARK DR, ,Major Arterial,North York,43.707445,-79.34359,Intersection,At Intersection,Traffic Signal,Clear,Daylight,Dry,Non-Fatal Injury,Turning Movement,Driver,40 to 44,None,0,North,"Automobile, Station Wagon",Stopped,Driving Properly,Normal, , , , , , , , ,Yes, , , , , ,Yes,Yes, , , ,53,,,55,,1284
-79.34359,43.707445,6662772,1248427,2011,2011-06-26T04:00:00.000Z,1911,19,OVERLEA BLVD,THORNCLIFFE PARK DR, ,Major Arterial,North York,43.707445,-79.34359,Intersection,At Intersection,Traffic Signal,Clear,Daylight,Dry,Non-Fatal Injury,Turning Movement,Driver,45 to 49,Major,0,East,"Automobile, Station Wagon",Going Ahead,Driving Properly,Normal, , , , , , , , ,Yes, , , , , ,Yes,Yes, , , ,53,,,55,,1285
-79.34359,43.707445,6662773,1248427,2011,2011-06-26T04:00:00.000Z,1911,19,OVERLEA BLVD,THORNCLIFFE PARK DR, ,Major Arterial,North York,43.707445,-79.34359,Intersection,At Intersection,Traffic Signal,Clear,Daylight,Dry,Non-Fatal Injury,Turning Movement,Vehicle Owner,unknown, ,0, ,Other, , , , , , , , , , , ,Yes, , , , , ,Yes,Yes, , , ,53,,,55,,1286
-79.34359,43.707445,6662774,1248427,2011,2011-06-26T04:00:00.000Z,1911,19,OVERLEA BLVD,THORNCLIFFE PARK DR, ,Major Arterial,North York,43.707445,-79.34359,Intersection,At Intersection,Traffic Signal,Clear,Daylight,Dry,Non-Fatal Injury,Turning Movement,Driver,35 to 39,None,0,North,"Automobile, Station Wagon",Stopped,Driving Properly,Normal, , , , , , , , ,Yes, , , , , ,Yes,Yes, , , ,53,,,55,,1287
-79.34359,43.707445,6662775,1248427,2011,2011-06-26T04:00:00.000Z,1911,19,OVERLEA BLVD,THORNCLIFFE PARK DR, ,Major Arterial,North York,43.707445,-79.34359,Intersection,At Intersection,Traffic Signal,Clear,Daylight,Dry,Non-Fatal Injury,Turning Movement,Driver,20 to 24,None,0,West,"Automobile, Station Wagon",Turning Left,Improper Turn,Normal, , , , , , , , ,Yes, , , , , ,Yes,Yes, , , ,53,,,55,,1288
-79.47529,43.696645,7527656,1307651,2012,2012-07-29T04:00:00.000Z,1912,19,KEELE ST,CANON JACKSON DR, ,Major Arterial,Etobicoke York,43.696645,-79.47529,Intersection, ,Traffic Signal,Clear,Daylight,Dry,Non-Fatal Injury,Rear End,Motorcycle Driver,30 to 34,Major,0,North,Motorcycle,Going Ahead,Exceeding Speed Limit,"Ability Impaired, Alcohol", , , , , , , , ,Yes,Yes, , , , ,Yes,Yes, ,Yes, ,12,,,112,,1289
-79.47529,43.696645,7527657,1307651,2012,2012-07-29T04:00:00.000Z,1912,19,KEELE ST,CANON JACKSON DR, ,Major Arterial,Etobicoke York,43.696645,-79.47529,Intersection, ,Traffic Signal,Clear,Daylight,Dry,Non-Fatal Injury,Rear End,Vehicle Owner,unknown, ,0, ,Other, , , , , , , , , , , ,Yes,Yes, , , , ,Yes,Yes, ,Yes, ,12,,,112,,1290
-79.55229,43.749945,5374159,1044781,2008,2008-06-04T04:00:00.000Z,1355,13,FINCH AVE W,MILVAN DR, ,Major Arterial,Etobicoke York,43.749945,-79.55229,Intersection,At Intersection,Traffic Signal,Clear,Daylight,Dry,Non-Fatal Injury,Angle,Driver,50 to 54,Minimal,0,South,"Automobile, Station Wagon",Stopped,Driving Properly,Normal, , , , , , , , ,Yes, , , , , ,Yes,Yes,Yes, , ,31,,,22,,1291
-79.47529,43.696645,7527658,1307651,2012,2012-07-29T04:00:00.000Z,1912,19,KEELE ST,CANON JACKSON DR, ,Major Arterial,Etobicoke York,43.696645,-79.47529,Intersection, ,Traffic Signal,Clear,Daylight,Dry,Non-Fatal Injury,Rear End,Driver,35 to 39,Minimal,0,North,"Automobile, Station Wagon",Going Ahead,Driving Properly,Normal, , , , , , , , ,Yes,Yes, , , , ,Yes,Yes, ,Yes, ,12,,,112,,1292
-79.371478,43.663439,80632178,6001577121,2016,2016-09-05T04:00:00.000Z,1913,19,CARLTON ST,SEATON ST,37 m East of,Minor Arterial,Toronto and East York,43.663439,-79.371478,Intersection,Intersection Related,No Control,Clear,Daylight,Dry,Non-Fatal Injury,Cyclist Collisions,Driver,35 to 39,None,0,East,"Automobile, Station Wagon",Going Ahead,Speed too Fast For Condition,Normal, , , , , , , ,Yes,Yes, , , , , ,Yes,Yes, , , ,51,,,73,,1293
-79.371478,43.663439,80632179,6001577121,2016,2016-09-05T04:00:00.000Z,1913,19,CARLTON ST,SEATON ST,37 m East of,Minor Arterial,Toronto and East York,43.663439,-79.371478,Intersection,Intersection Related,No Control,Clear,Daylight,Dry,Non-Fatal Injury,Cyclist Collisions,Cyclist,45 to 49,Major,0,East,Bicycle,Going Ahead, , , , , ,Cyclist and Driver travelling in same direction. One vehicle rear-ended the other.,Driving Properly,Normal, ,Yes,Yes, , , , , ,Yes,Yes, , , ,51,,,73,,1294
-79.520183,43.768069,80942643,8000535071,2018,2018-03-24T04:00:00.000Z,1914,19,JANE ST,SHOREHAM DR,70 m South of,Major Arterial,Etobicoke York,43.768069,-79.520183,Mid-Block,Non Intersection,No Control,Clear,Daylight,Dry,Non-Fatal Injury,Approaching,Driver,35 to 39,Major,0,South,"Automobile, Station Wagon",Going Ahead,Driving Properly,Normal, , , , , , , , ,Yes, , , , , ,Yes,Yes, , , ,31,,,24,,1295
-79.520183,43.768069,80942644,8000535071,2018,2018-03-24T04:00:00.000Z,1914,19,JANE ST,SHOREHAM DR,70 m South of,Major Arterial,Etobicoke York,43.768069,-79.520183,Mid-Block,Non Intersection,No Control,Clear,Daylight,Dry,Non-Fatal Injury,Approaching,Driver,20 to 24,Major,0,North,"Automobile, Station Wagon",Going Ahead,Exceeding Speed Limit,Unknown, , , , , , , , ,Yes, , , , , ,Yes,Yes, , , ,31,,,24,,1296
-79.280681,43.764498,80497617,6000014911,2016,2016-01-03T05:00:00.000Z,1915,19,1400 KENNEDY RD, ,196 m North of,Major Arterial,Scarborough,43.764498,-79.280681,Mid-Block,Non Intersection,No Control,Clear,"Dark, artificial",Dry,Fatal,Pedestrian Collisions,Driver,40 to 44,None,0,South,"Automobile, Station Wagon",Going Ahead,Driving Properly,Normal, , , , , , ,Yes, ,Yes, , , , ,Yes,Yes,Yes, , , ,41,,,126,,1297
-79.280681,43.764498,80497618,6000014911,2016,2016-01-03T05:00:00.000Z,1915,19,1400 KENNEDY RD, ,196 m North of,Major Arterial,Scarborough,43.764498,-79.280681,Mid-Block,Non Intersection,No Control,Clear,"Dark, artificial",Dry,Fatal,Pedestrian Collisions,Passenger,40 to 44,None,0, , , , , , , , , , , ,Yes, ,Yes, , , , ,Yes,Yes,Yes, , , ,41,,,126,,1298
-79.280681,43.764498,80497619,6000014911,2016,2016-01-03T05:00:00.000Z,1915,19,1400 KENNEDY RD, ,196 m North of,Major Arterial,Scarborough,43.764498,-79.280681,Mid-Block,Non Intersection,No Control,Clear,"Dark, artificial",Dry,Fatal,Pedestrian Collisions,Passenger,5 to 9,None,0, , , , , , , , , , , ,Yes, ,Yes, , , , ,Yes,Yes,Yes, , , ,41,,,126,,1299
-79.280681,43.764498,80497620,6000014911,2016,2016-01-03T05:00:00.000Z,1915,19,1400 KENNEDY RD, ,196 m North of,Major Arterial,Scarborough,43.764498,-79.280681,Mid-Block,Non Intersection,No Control,Clear,"Dark, artificial",Dry,Fatal,Pedestrian Collisions,Passenger,5 to 9,None,0, , , , , , , , , , , ,Yes, ,Yes, , , , ,Yes,Yes,Yes, , , ,41,,,126,,1300
-79.280681,43.764498,80497621,6000014911,2016,2016-01-03T05:00:00.000Z,1915,19,1400 KENNEDY RD, ,196 m North of,Major Arterial,Scarborough,43.764498,-79.280681,Mid-Block,Non Intersection,No Control,Clear,"Dark, artificial",Dry,Fatal,Pedestrian Collisions,Pedestrian,35 to 39,Fatal,1,Unknown, , , , ,Pedestrian hit at mid-block,Crossing without right of way,Had Been Drinking, , , ,Yes, ,Yes, , , , ,Yes,Yes,Yes, , , ,41,,,126,,1301
-79.481639,43.685794,80938973,7001455540,2017,2017-08-12T04:00:00.000Z,1917,19,BLACK CREEK DR,PHOTOGRAPHY DR, ,Major Arterial,Etobicoke York,43.685794,-79.481639,Intersection,At Intersection,Traffic Signal,Clear,Daylight,Dry,Non-Fatal Injury,Turning Movement,Motorcycle Driver,35 to 39,Major,0,North,Motorcycle,Going Ahead,Lost control,Unknown, , , , , , , , ,Yes,Yes, , , , ,Yes,Yes, , , ,12,,,110,,1302
-79.481639,43.685794,80938974,7001455540,2017,2017-08-12T04:00:00.000Z,1917,19,BLACK CREEK DR,PHOTOGRAPHY DR, ,Major Arterial,Etobicoke York,43.685794,-79.481639,Intersection,At Intersection,Traffic Signal,Clear,Daylight,Dry,Non-Fatal Injury,Turning Movement,Driver,35 to 39,None,0,South,"Automobile, Station Wagon",Turning Left,Driving Properly,Normal, , , , , , , , ,Yes,Yes, , , , ,Yes,Yes, , , ,12,,,110,,1303
-79.541393,43.685214,80197054,5001750958,2015,2015-10-10T04:00:00.000Z,1919,19,ISLINGTON AVE,DEERFOOT RD, ,Major Arterial,Etobicoke York,43.685214,-79.541393,Intersection, ,No Control,Clear,Dark,Dry,Fatal,Pedestrian Collisions,Driver,20 to 24,None,0,North,"Automobile, Station Wagon",Going Ahead,Exceeding Speed Limit,Inattentive, , , , , , ,Yes, ,Yes, , , , , ,Yes,Yes, , , ,23,,,7,,1304
-79.541393,43.685214,80197061,5001750958,2015,2015-10-10T04:00:00.000Z,1919,19,ISLINGTON AVE,DEERFOOT RD, ,Major Arterial,Etobicoke York,43.685214,-79.541393,Intersection, ,No Control,Clear,Dark,Dry,Fatal,Pedestrian Collisions,Driver,55 to 59,None,0,South,"Automobile, Station Wagon",Going Ahead,Driving Properly,Normal, , , , , , ,Yes, ,Yes, , , , , ,Yes,Yes, , , ,23,,,7,,1305
-79.541393,43.685214,80197062,5001750958,2015,2015-10-10T04:00:00.000Z,1919,19,ISLINGTON AVE,DEERFOOT RD, ,Major Arterial,Etobicoke York,43.685214,-79.541393,Intersection, ,No Control,Clear,Dark,Dry,Fatal,Pedestrian Collisions,Pedestrian,20 to 24,Fatal,50,Unknown, , , , ,Vehicle is going straight thru inter.while ped cross without ROW,"Crossing, no Traffic Control",Inattentive, , , ,Yes, ,Yes, , , , , ,Yes,Yes, , , ,23,,,7,,1306
-79.59139,43.706245,6728066,1282189,2011,2011-12-27T05:00:00.000Z,1920,19,GRANDSTAND ENT RD,HIGHWAY 27  S, ,Other,Etobicoke York,43.706245,-79.59139,Mid-Block, ,No Control,Snow,Dark,Loose Snow,Non-Fatal Injury,SMV Other,Passenger,60 to 64,Major,0, ,Other, , , , , , , , , , , ,Yes, , , , ,Yes,Yes,Yes, , , ,23,,,1,,1307
-79.59139,43.706245,6728067,1282189,2011,2011-12-27T05:00:00.000Z,1920,19,GRANDSTAND ENT RD,HIGHWAY 27  S, ,Other,Etobicoke York,43.706245,-79.59139,Mid-Block, ,No Control,Snow,Dark,Loose Snow,Non-Fatal Injury,SMV Other,Driver,65 to 69,None,0,West,"Automobile, Station Wagon",Turning Right,Speed too Fast For Condition,Normal, , , , , , , , ,Yes, , , , ,Yes,Yes,Yes, , , ,23,,,1,,1308
-79.372058,43.712084,80565853,6001868616,2016,2016-10-20T04:00:00.000Z,1922,19,EGLINTON AVE E,HANNA RD, ,Major Arterial,North York,43.712084,-79.372058,Intersection,Non Intersection,No Control,Rain,Dark,Wet,Fatal,Pedestrian Collisions,Pedestrian,60 to 64,Fatal,65,Unknown, , , , ,Pedestrian hit at mid-block,"Crossing, no Traffic Control",Inattentive, , , ,Yes, ,Yes, , , , ,Yes,Yes,Yes, , , ,53,,,56,,1309
-79.372058,43.712084,80566369,6001868616,2016,2016-10-20T04:00:00.000Z,1922,19,EGLINTON AVE E,HANNA RD, ,Major Arterial,North York,43.712084,-79.372058,Intersection,Non Intersection,No Control,Rain,Dark,Wet,Fatal,Pedestrian Collisions,Passenger,40 to 44,None,0, , , , , , , , , , , ,Yes, ,Yes, , , , ,Yes,Yes,Yes, , , ,53,,,56,,1310
-79.372058,43.712084,80566370,6001868616,2016,2016-10-20T04:00:00.000Z,1922,19,EGLINTON AVE E,HANNA RD, ,Major Arterial,North York,43.712084,-79.372058,Intersection,Non Intersection,No Control,Rain,Dark,Wet,Fatal,Pedestrian Collisions,Driver,30 to 34,None,0,East,"Automobile, Station Wagon",Going Ahead,Driving Properly,Normal, , , , , , ,Yes, ,Yes, , , , ,Yes,Yes,Yes, , , ,53,,,56,,1311
-79.429454,43.671096,80783715,6001643828,2016,2016-09-15T04:00:00.000Z,1927,19,OSSINGTON AVE,ACORES AVE,40 m South of,Minor Arterial,Toronto and East York,43.671096,-79.429454,Mid-Block,Non Intersection,No Control,Clear,Daylight,Dry,Non-Fatal Injury,Sideswipe,Motorcycle Driver,15 to 19,Major,0,North,Motorcycle,Going Ahead,Lost control,Unknown, , , , , , , , ,Yes,Yes, , , , ,Yes,Yes, , , ,"13,14",,,94,,1312
-79.429454,43.671096,80783716,6001643828,2016,2016-09-15T04:00:00.000Z,1927,19,OSSINGTON AVE,ACORES AVE,40 m South of,Minor Arterial,Toronto and East York,43.671096,-79.429454,Mid-Block,Non Intersection,No Control,Clear,Daylight,Dry,Non-Fatal Injury,Sideswipe,Driver,unknown,None,0,North,"Automobile, Station Wagon",Going Ahead,Speed too Fast For Condition,Unknown, , , , , , , , ,Yes,Yes, , , , ,Yes,Yes, , , ,"13,14",,,94,,1313
-79.43849,43.645445,6805446,1255302,2011,2011-08-30T04:00:00.000Z,1930,19,LANSDOWNE Aven,RIDEAU Aven, ,Minor Arterial,Toronto and East York,43.645445,-79.43849,Mid-Block, ,No Control,Clear,"Dark, artificial",Dry,Non-Fatal Injury,Cyclist Collisions,Vehicle Owner,unknown, ,0, ,Other, , , , , , , , , , ,Yes,Yes, , , , , ,Yes,Yes, , , ,11,,,86,,1314
-79.43849,43.645445,6805447,1255302,2011,2011-08-30T04:00:00.000Z,1930,19,LANSDOWNE Aven,RIDEAU Aven, ,Minor Arterial,Toronto and East York,43.645445,-79.43849,Mid-Block, ,No Control,Clear,"Dark, artificial",Dry,Non-Fatal Injury,Cyclist Collisions,Driver,20 to 24,None,0,South,"Automobile, Station Wagon",Parked,Other,Unknown, , , , , , , ,Yes,Yes, , , , , ,Yes,Yes, , , ,11,,,86,,1315
-79.43849,43.645445,6805448,1255302,2011,2011-08-30T04:00:00.000Z,1930,19,LANSDOWNE Aven,RIDEAU Aven, ,Minor Arterial,Toronto and East York,43.645445,-79.43849,Mid-Block, ,No Control,Clear,"Dark, artificial",Dry,Non-Fatal Injury,Cyclist Collisions,Cyclist,35 to 39,Major,0,South,Bicycle,Going Ahead, , , , , ,Cyclist struck opened vehicle door,Speed too Fast For Condition,Unknown, ,Yes,Yes, , , , , ,Yes,Yes, , , ,11,,,86,,1316
-79.335483,43.792872,80503603,6000566615,2016,2016-04-03T04:00:00.000Z,1930,19,FINCH AVE E,CHEROKEE BLVD,150 m East of,Major Arterial,North York,43.792872,-79.335483,Mid-Block,Non Intersection,No Control,Snow,Dark,Ice,Non-Fatal Injury,Approaching,Driver,25 to 29,None,0,East,"Automobile, Station Wagon",Going Ahead,Speed too Fast For Condition,Normal, , , , , , , , ,Yes, , , , ,Yes,Yes,Yes, , , ,33,,,46,,1317
-79.335483,43.792872,80503604,6000566615,2016,2016-04-03T04:00:00.000Z,1930,19,FINCH AVE E,CHEROKEE BLVD,150 m East of,Major Arterial,North York,43.792872,-79.335483,Mid-Block,Non Intersection,No Control,Snow,Dark,Ice,Non-Fatal Injury,Approaching,Driver,40 to 44,Minor,0,West,"Automobile, Station Wagon",Going Ahead,Driving Properly,Normal, , , , , , , , ,Yes, , , , ,Yes,Yes,Yes, , , ,33,,,46,,1318
-79.335483,43.792872,80503605,6000566615,2016,2016-04-03T04:00:00.000Z,1930,19,FINCH AVE E,CHEROKEE BLVD,150 m East of,Major Arterial,North York,43.792872,-79.335483,Mid-Block,Non Intersection,No Control,Snow,Dark,Ice,Non-Fatal Injury,Approaching,Passenger,50 to 54,Major,0, , , , , , , , , , , , , ,Yes, , , , ,Yes,Yes,Yes, , , ,33,,,46,,1319
-79.335483,43.792872,80503606,6000566615,2016,2016-04-03T04:00:00.000Z,1930,19,FINCH AVE E,CHEROKEE BLVD,150 m East of,Major Arterial,North York,43.792872,-79.335483,Mid-Block,Non Intersection,No Control,Snow,Dark,Ice,Non-Fatal Injury,Approaching,Passenger,65 to 69,Minor,0, , , , , , , , , , , , , ,Yes, , , , ,Yes,Yes,Yes, , , ,33,,,46,,1320
-79.335483,43.792872,80503607,6000566615,2016,2016-04-03T04:00:00.000Z,1930,19,FINCH AVE E,CHEROKEE BLVD,150 m East of,Major Arterial,North York,43.792872,-79.335483,Mid-Block,Non Intersection,No Control,Snow,Dark,Ice,Non-Fatal Injury,Approaching,Passenger,70 to 74,Minor,0, , , , , , , , , , , , , ,Yes, , , , ,Yes,Yes,Yes, , , ,33,,,46,,1321
-79.335483,43.792872,80503608,6000566615,2016,2016-04-03T04:00:00.000Z,1930,19,FINCH AVE E,CHEROKEE BLVD,150 m East of,Major Arterial,North York,43.792872,-79.335483,Mid-Block,Non Intersection,No Control,Snow,Dark,Ice,Non-Fatal Injury,Approaching,Passenger,35 to 39,Minor,0, , , , , , , , , , , , , ,Yes, , , , ,Yes,Yes,Yes, , , ,33,,,46,,1322