X,Y,Index_,ACCNUM,YEAR,DATE,TIME,Hour,STREET1,STREET2,OFFSET,ROAD_CLASS,District,LATITUDE,LONGITUDE,LOCCOORD,ACCLOC,TRAFFCTL,VISIBILITY,LIGHT,RDSFCOND,ACCLASS,IMPACTYPE,INVTYPE,INVAGE,INJURY,FATAL_NO,INITDIR,VEHTYPE,MANOEUVER,DRIVACT,DRIVCOND,PEDTYPE,PEDACT,PEDCOND,CYCLISTYPE,CYCACT,CYCCOND,PEDESTRIAN,CYCLIST,AUTOMOBILE,MOTORCYCLE,TRUCK,TRSN_CITY_,EMERG_VEH,PASSENGER,SPEEDING,AG_DRIV,REDLIGHT,ALCOHOL,DISABILITY,Division,Ward_Name,Ward_ID,Hood_ID,Hood_Name,ObjectId
-79.335483,43.792872,80503609,6000566615,2016,2016-04-03T04:00:00.000Z,1930,19,FINCH AVE E,CHEROKEE BLVD,150 m East of,Major Arterial,North York,43.792872,-79.335483,Mid-Block,Non Intersection,No Control,Snow,Dark,Ice,Non-Fatal Injury,Approaching,Passenger,0 to 4,None,0, , , , , , , , , , , , , ,Yes, , , , ,Yes,Yes,Yes, , , ,33,,,46,,1323
-79.335483,43.792872,80503610,6000566615,2016,2016-04-03T04:00:00.000Z,1930,19,FINCH AVE E,CHEROKEE BLVD,150 m East of,Major Arterial,North York,43.792872,-79.335483,Mid-Block,Non Intersection,No Control,Snow,Dark,Ice,Non-Fatal Injury,Approaching,Passenger,5 to 9,Minor,0, , , , , , , , , , , , , ,Yes, , , , ,Yes,Yes,Yes, , , ,33,,,46,,1324
-79.31089,43.785445,7435503,1303045,2012,2012-05-14T04:00:00.000Z,1936,19,WARDEN AVE,HUNTINGWOOD DR, ,Major Arterial,Scarborough,43.785445,-79.31089,Intersection,At Intersection,Traffic Signal,Clear,Dusk,Dry,Non-Fatal Injury,Turning Movement,Vehicle Owner,unknown, ,0, ,Other, , , , , , , , , , , ,Yes,Yes, , , , ,Yes,Yes, , , ,42,,,118,,1325
-79.31089,43.785445,7435504,1303045,2012,2012-05-14T04:00:00.000Z,1936,19,WARDEN AVE,HUNTINGWOOD DR, ,Major Arterial,Scarborough,43.785445,-79.31089,Intersection,At Intersection,Traffic Signal,Clear,Dusk,Dry,Non-Fatal Injury,Turning Movement,Motorcycle Driver,20 to 24,Major,0,South,Motorcycle,Going Ahead,Exceeding Speed Limit,Normal, , , , , , , , ,Yes,Yes, , , , ,Yes,Yes, , , ,42,,,118,,1326
-79.31089,43.785445,7435505,1303045,2012,2012-05-14T04:00:00.000Z,1936,19,WARDEN AVE,HUNTINGWOOD DR, ,Major Arterial,Scarborough,43.785445,-79.31089,Intersection,At Intersection,Traffic Signal,Clear,Dusk,Dry,Non-Fatal Injury,Turning Movement,Driver,25 to 29,None,0,North,"Automobile, Station Wagon",Turning Left,Driving Properly,Normal, , , , , , , , ,Yes,Yes, , , , ,Yes,Yes, , , ,42,,,118,,1327
-79.33308,43.702536,80485421,4002270913,2014,2014-06-11T04:00:00.000Z,1940,19,DON VALLEY PARKWAY  S,DON MILLS RD,500 m North of,Expressway,Toronto and East York,43.702536,-79.33308,Mid-Block,Non Intersection,No Control,Clear,Daylight,Dry,Non-Fatal Injury,Sideswipe,Driver,35 to 39,None,0,South,"Automobile, Station Wagon",Going Ahead,Lost control,Unknown, , , , , , , , ,Yes, , , , ,Yes,Yes,Yes, , , ,54,,,58,,1328
-79.33308,43.702536,80485422,4002270913,2014,2014-06-11T04:00:00.000Z,1940,19,DON VALLEY PARKWAY  S,DON MILLS RD,500 m North of,Expressway,Toronto and East York,43.702536,-79.33308,Mid-Block,Non Intersection,No Control,Clear,Daylight,Dry,Non-Fatal Injury,Sideswipe,Driver,45 to 49,Minor,0,South,Delivery Van,Going Ahead,Driving Properly,Normal, , , , , , , , ,Yes, , , , ,Yes,Yes,Yes, , , ,54,,,58,,1329
-79.33308,43.702536,80485423,4002270913,2014,2014-06-11T04:00:00.000Z,1940,19,DON VALLEY PARKWAY  S,DON MILLS RD,500 m North of,Expressway,Toronto and East York,43.702536,-79.33308,Mid-Block,Non Intersection,No Control,Clear,Daylight,Dry,Non-Fatal Injury,Sideswipe,Passenger,45 to 49,Major,0, , , , , , , , , , , , , ,Yes, , , , ,Yes,Yes,Yes, , , ,54,,,58,,1330
-79.42009,43.797945,7541928,1280694,2012,2012-02-16T05:00:00.000Z,1942,19,STEELES AVE E,YONGE ST, ,Major Arterial,North York,43.797945,-79.42009,Intersection,At Intersection,Traffic Signal,Clear,Dark,Wet,Non-Fatal Injury,Pedestrian Collisions,Other,unknown,None,0,Unknown,"Automobile, Station Wagon",Parked, , , , , , , , ,Yes, ,Yes, , , , ,Yes,Yes,Yes, , , ,32,,,36,,1331
-79.42009,43.797945,7541929,1280694,2012,2012-02-16T05:00:00.000Z,1942,19,STEELES AVE E,YONGE ST, ,Major Arterial,North York,43.797945,-79.42009,Intersection,At Intersection,Traffic Signal,Clear,Dark,Wet,Non-Fatal Injury,Pedestrian Collisions,Other,unknown,None,0,Unknown,"Automobile, Station Wagon",Parked, , , , , , , , ,Yes, ,Yes, , , , ,Yes,Yes,Yes, , , ,32,,,36,,1332
-79.42009,43.797945,7541930,1280694,2012,2012-02-16T05:00:00.000Z,1942,19,STEELES AVE E,YONGE ST, ,Major Arterial,North York,43.797945,-79.42009,Intersection,At Intersection,Traffic Signal,Clear,Dark,Wet,Non-Fatal Injury,Pedestrian Collisions,Passenger,55 to 59,None,0, ,Other, , , , , , , , , ,Yes, ,Yes, , , , ,Yes,Yes,Yes, , , ,32,,,36,,1333
-79.42009,43.797945,7541931,1280694,2012,2012-02-16T05:00:00.000Z,1942,19,STEELES AVE E,YONGE ST, ,Major Arterial,North York,43.797945,-79.42009,Intersection,At Intersection,Traffic Signal,Clear,Dark,Wet,Non-Fatal Injury,Pedestrian Collisions,Vehicle Owner,unknown, ,0, ,Other, , , , , , , , , ,Yes, ,Yes, , , , ,Yes,Yes,Yes, , , ,32,,,36,,1334
-79.42009,43.797945,7541932,1280694,2012,2012-02-16T05:00:00.000Z,1942,19,STEELES AVE E,YONGE ST, ,Major Arterial,North York,43.797945,-79.42009,Intersection,At Intersection,Traffic Signal,Clear,Dark,Wet,Non-Fatal Injury,Pedestrian Collisions,Driver,55 to 59,None,0,West,"Automobile, Station Wagon",Turning Left,Improper Turn,Unknown, , , , , , ,Yes, ,Yes, , , , ,Yes,Yes,Yes, , , ,32,,,36,,1335
-79.42009,43.797945,7541933,1280694,2012,2012-02-16T05:00:00.000Z,1942,19,STEELES AVE E,YONGE ST, ,Major Arterial,North York,43.797945,-79.42009,Intersection,At Intersection,Traffic Signal,Clear,Dark,Wet,Non-Fatal Injury,Pedestrian Collisions,Passenger,15 to 19,Minor,0, ,Other, , , , , , , , , ,Yes, ,Yes, , , , ,Yes,Yes,Yes, , , ,32,,,36,,1336
-79.42009,43.797945,7541934,1280694,2012,2012-02-16T05:00:00.000Z,1942,19,STEELES AVE E,YONGE ST, ,Major Arterial,North York,43.797945,-79.42009,Intersection,At Intersection,Traffic Signal,Clear,Dark,Wet,Non-Fatal Injury,Pedestrian Collisions,Vehicle Owner,unknown, ,0, ,Other, , , , , , , , , ,Yes, ,Yes, , , , ,Yes,Yes,Yes, , , ,32,,,36,,1337
-79.42009,43.797945,7541935,1280694,2012,2012-02-16T05:00:00.000Z,1942,19,STEELES AVE E,YONGE ST, ,Major Arterial,North York,43.797945,-79.42009,Intersection,At Intersection,Traffic Signal,Clear,Dark,Wet,Non-Fatal Injury,Pedestrian Collisions,Driver,20 to 24,Minimal,0,East,"Automobile, Station Wagon",Going Ahead,Exceeding Speed Limit,Unknown, , , , , , ,Yes, ,Yes, , , , ,Yes,Yes,Yes, , , ,32,,,36,,1338
-79.42009,43.797945,7541936,1280694,2012,2012-02-16T05:00:00.000Z,1942,19,STEELES AVE E,YONGE ST, ,Major Arterial,North York,43.797945,-79.42009,Intersection,At Intersection,Traffic Signal,Clear,Dark,Wet,Non-Fatal Injury,Pedestrian Collisions,Pedestrian,20 to 24,Major,0,Unknown,Other, , , ,Pedestrian hit on sidewalk or shoulder,On Sidewalk or Shoulder,Unknown, , , ,Yes, ,Yes, , , , ,Yes,Yes,Yes, , , ,32,,,36,,1339
-79.42009,43.797945,7541937,1280694,2012,2012-02-16T05:00:00.000Z,1942,19,STEELES AVE E,YONGE ST, ,Major Arterial,North York,43.797945,-79.42009,Intersection,At Intersection,Traffic Signal,Clear,Dark,Wet,Non-Fatal Injury,Pedestrian Collisions,Pedestrian,20 to 24,Major,0,Unknown,Other, , , ,Pedestrian hit on sidewalk or shoulder,On Sidewalk or Shoulder,Unknown, , , ,Yes, ,Yes, , , , ,Yes,Yes,Yes, , , ,32,,,36,,1340
-79.517581,43.661376,80545849,6001289424,2016,2016-07-22T04:00:00.000Z,1948,19,ROYAL YORK RD,STRATH HUMBER CRT,12.5 M S of,Minor Arterial,Etobicoke York,43.661376,-79.517581,Intersection,At Intersection,No Control,Clear,Daylight,Dry,Fatal,Turning Movement,Motorcycle Driver,30 to 34,Fatal,47,South,Motorcycle,Going Ahead,Exceeding Speed Limit,Normal, , , , , , , , ,Yes,Yes, , , ,Yes,Yes,Yes, , , ,22,,,9,,1341
-79.517581,43.661376,80545850,6001289424,2016,2016-07-22T04:00:00.000Z,1948,19,ROYAL YORK RD,STRATH HUMBER CRT,12.5 M S of,Minor Arterial,Etobicoke York,43.661376,-79.517581,Intersection,At Intersection,No Control,Clear,Daylight,Dry,Fatal,Turning Movement,Driver,15 to 19,Minor,0,North,"Automobile, Station Wagon",Turning Left,Failed to Yield Right of Way,Normal, , , , , , , , ,Yes,Yes, , , ,Yes,Yes,Yes, , , ,22,,,9,,1342
-79.517581,43.661376,80545851,6001289424,2016,2016-07-22T04:00:00.000Z,1948,19,ROYAL YORK RD,STRATH HUMBER CRT,12.5 M S of,Minor Arterial,Etobicoke York,43.661376,-79.517581,Intersection,At Intersection,No Control,Clear,Daylight,Dry,Fatal,Turning Movement,Passenger,20 to 24,Major,0, , , , , , , , , , , , , ,Yes,Yes, , , ,Yes,Yes,Yes, , , ,22,,,9,,1343
-79.188243,43.799857,80716604,6001470144,2016,2016-08-19T04:00:00.000Z,1948,19,CONLINS RD,MILNER AVE,139 m South of,Collector,Scarborough,43.799857,-79.188243,Mid-Block,Non Intersection,No Control,Clear,Daylight,Dry,Non-Fatal Injury,Sideswipe,Motorcycle Driver,20 to 24,Major,0,North,Motorcycle,Overtaking,Improper Passing,Inattentive, , , , , , , , ,Yes,Yes, , , , ,Yes,Yes, , , ,42,,,131,,1344
-79.188243,43.799857,80716605,6001470144,2016,2016-08-19T04:00:00.000Z,1948,19,CONLINS RD,MILNER AVE,139 m South of,Collector,Scarborough,43.799857,-79.188243,Mid-Block,Non Intersection,No Control,Clear,Daylight,Dry,Non-Fatal Injury,Sideswipe,Driver,60 to 64,None,0,North,Pick Up Truck,Going Ahead,Driving Properly,Normal, , , , , , , , ,Yes,Yes, , , , ,Yes,Yes, , , ,42,,,131,,1345
-79.244464,43.74924,80209374,4002144979,2014,2014-05-24T04:00:00.000Z,1954,19,1484 DANFORTH RD, ,30 m South of,Major Arterial,Scarborough,43.74924,-79.244464,Intersection,Non Intersection,No Control,Clear,Daylight,Dry,Non-Fatal Injury,Angle,Driver,35 to 39,None,0,East,"Automobile, Station Wagon",Reversing,Other,Inattentive, , , , , , , , ,Yes,Yes, , , , ,Yes,Yes, , , ,43,,,127,,1346
-79.244464,43.74924,80209375,4002144979,2014,2014-05-24T04:00:00.000Z,1954,19,1484 DANFORTH RD, ,30 m South of,Major Arterial,Scarborough,43.74924,-79.244464,Intersection,Non Intersection,No Control,Clear,Daylight,Dry,Non-Fatal Injury,Angle,Motorcycle Driver,20 to 24,Major,0,South,Motorcycle,Going Ahead,Other,Unknown, , , , , , , , ,Yes,Yes, , , , ,Yes,Yes, , , ,43,,,127,,1347
-79.308582,43.710887,80719033,6001650779,2016,2016-09-16T04:00:00.000Z,1955,19,O CONNOR DR,DOHME AVE,50 m North of,Major Arterial,Toronto and East York,43.710887,-79.308582,Mid-Block,Non Intersection,No Control,Clear,"Dark, artificial",Dry,Non-Fatal Injury,Rear End,Driver,20 to 24,Minor,0,North,"Automobile, Station Wagon",Going Ahead,Exceeding Speed Limit,Unknown, , , , , , , , ,Yes, , , , , ,Yes,Yes, , , ,54,,,54,,1348
-79.308582,43.710887,80719034,6001650779,2016,2016-09-16T04:00:00.000Z,1955,19,O CONNOR DR,DOHME AVE,50 m North of,Major Arterial,Toronto and East York,43.710887,-79.308582,Mid-Block,Non Intersection,No Control,Clear,"Dark, artificial",Dry,Non-Fatal Injury,Rear End,Driver,55 to 59,Major,0,North,"Automobile, Station Wagon",Stopped,Driving Properly,Normal, , , , , , , , ,Yes, , , , , ,Yes,Yes, , , ,54,,,54,,1349
-79.36239,43.681845,5310551,1015580,2008,2008-01-17T05:00:00.000Z,1957,19,DON VALLEY PARKWAY  N,PRINCE EDWARD VIADUCT Stre E, ,Expressway,Toronto and East York,43.681845,-79.36239,Mid-Block, ,No Control,Clear,Dark,Wet,Non-Fatal Injury,Sideswipe,Driver,50 to 54,Major,0,North,"Automobile, Station Wagon",Going Ahead,Driving Properly,Normal, , , , , , , , ,Yes, , , , , ,Yes,Yes, , , ,54,,,57,,1350
-79.36239,43.681845,5310552,1015580,2008,2008-01-17T05:00:00.000Z,1957,19,DON VALLEY PARKWAY  N,PRINCE EDWARD VIADUCT Stre E, ,Expressway,Toronto and East York,43.681845,-79.36239,Mid-Block, ,No Control,Clear,Dark,Wet,Non-Fatal Injury,Sideswipe,Driver,20 to 24,None,0,North,"Automobile, Station Wagon",Changing Lanes,Improper Lane Change,Normal, , , , , , , , ,Yes, , , , , ,Yes,Yes, , , ,54,,,57,,1351
-79.59279,43.711345,6196035,1191546,2010,2010-09-26T04:00:00.000Z,2235,22,HIGHWAY 27  N,VICE REGENT BLVD, ,Major Arterial,Etobicoke York,43.711345,-79.59279,Intersection,At Intersection,Stop Sign,Clear,Dark,Dry,Fatal,Turning Movement,Driver,45 to 49,None,0,North,"Automobile, Station Wagon",Going Ahead,Exceeding Speed Limit,"Ability Impaired, Alcohol Over .08", , , , , , , , ,Yes, , , , ,Yes,Yes,Yes, ,Yes, ,23,,,1,,1352
-79.422458,43.653796,80499269,6000324191,2016,2016-02-23T05:00:00.000Z,2146,21,OSSINGTON AVE,COLLEGE ST,67 m South of,Minor Arterial,Toronto and East York,43.653796,-79.422458,Mid-Block,Non Intersection,No Control,Clear,"Dark, artificial",Dry,Non-Fatal Injury,Pedestrian Collisions,Pedestrian,45 to 49,Major,0,Unknown, , , , ,Pedestrian hit at mid-block,Other,Normal, , , ,Yes, ,Yes, , , , , ,Yes,Yes, , , ,14,,,81,,1353
-79.495929,43.676676,80716166,6001501601,2016,2016-08-24T04:00:00.000Z,1811,18,JANE ST,ALLIANCE AVE,66 m North of,Major Arterial,Etobicoke York,43.676676,-79.495929,Mid-Block,Non Intersection,No Control,Clear,Daylight,Dry,Non-Fatal Injury,Rear End,Driver,30 to 34,Major,0,North,"Automobile, Station Wagon",Changing Lanes,Lost control,Normal, , , , , , , , ,Yes, , , , ,Yes,Yes,Yes, , , ,12,,,111,,1354
-79.44079,43.764945,6174445,1182503,2010,2010-06-27T04:00:00.000Z,2050,20,BATHURST ST,WILD GINGERWAY Aven, ,Major Arterial,North York,43.764945,-79.44079,Mid-Block, ,No Control,Rain,Dark,Wet,Non-Fatal Injury,Approaching,Passenger,15 to 19,Minimal,0, ,Other, , , , , , , , , , , ,Yes, , , , ,Yes,Yes,Yes, ,Yes, ,32,,,37,,1355
-79.21767,43.798106,80485495,4002616805,2014,2014-08-01T04:00:00.000Z,1722,17,SHEPPARD AVE E,NEILSON RD, ,Major Arterial,Scarborough,43.798106,-79.21767,Intersection,Intersection Related,Traffic Signal,Clear,Daylight,Dry,Fatal,Cyclist Collisions,Driver,50 to 54,None,0,North,"Automobile, Station Wagon",Going Ahead,Speed too Fast For Condition,Inattentive, , , , , , , ,Yes,Yes, , , , , ,Yes,Yes, , , ,42,,,132,,1356
-79.495929,43.676676,80716167,6001501601,2016,2016-08-24T04:00:00.000Z,1811,18,JANE ST,ALLIANCE AVE,66 m North of,Major Arterial,Etobicoke York,43.676676,-79.495929,Mid-Block,Non Intersection,No Control,Clear,Daylight,Dry,Non-Fatal Injury,Rear End,Driver,40 to 44,None,0,North,"Automobile, Station Wagon",Going Ahead,Driving Properly,Normal, , , , , , , , ,Yes, , , , ,Yes,Yes,Yes, , , ,12,,,111,,1357
-79.282756,43.71617,80198009,3000983486,2013,2013-11-16T05:00:00.000Z,1516,15,FAIRFAX CR,WARDEN AV, ,Major Arterial,Scarborough,43.71617,-79.282756,Intersection,At Intersection,Traffic Signal,Clear,Daylight,Dry,Non-Fatal Injury,Turning Movement,Driver,40 to 44,None,0,South,Pick Up Truck,Going Ahead,Driving Properly,Normal, , , , , , , , ,Yes, , , , ,Yes,Yes,Yes, , , ,41,,,120,,1358
-79.403927,43.673202,80946952,8001252382,2018,2018-07-09T04:00:00.000Z,2148,21,PRIVATE LANEWAY,620 HURON STREET,10 m West of,Local,Toronto and East York,43.673202,-79.403927, ,At/Near Private Drive,No Control,Clear,"Dark, artificial",Dry,Non-Fatal Injury,Pedestrian Collisions,Driver,0 to 4,None,0,South,"Automobile, Station Wagon",Going Ahead,Lost control,Unknown, , , , , , ,Yes, ,Yes, , , , ,Yes,Yes,Yes, , , ,53,,,95,,1359
-79.59279,43.711345,6196036,1191546,2010,2010-09-26T04:00:00.000Z,2235,22,HIGHWAY 27  N,VICE REGENT BLVD, ,Major Arterial,Etobicoke York,43.711345,-79.59279,Intersection,At Intersection,Stop Sign,Clear,Dark,Dry,Fatal,Turning Movement,Passenger,unknown,Minor,0, ,Other, , , , , , , , , , , ,Yes, , , , ,Yes,Yes,Yes, ,Yes, ,23,,,1,,1360
-79.55229,43.749945,5374160,1044781,2008,2008-06-04T04:00:00.000Z,1355,13,FINCH AVE W,MILVAN DR, ,Major Arterial,Etobicoke York,43.749945,-79.55229,Intersection,At Intersection,Traffic Signal,Clear,Daylight,Dry,Non-Fatal Injury,Angle,Driver,25 to 29,Minimal,0,West,"Automobile, Station Wagon",Going Ahead,Disobeyed Traffic Control,Normal, , , , , , , , ,Yes, , , , , ,Yes,Yes,Yes, , ,31,,,22,,1361
-79.495929,43.676676,80716221,6001501601,2016,2016-08-24T04:00:00.000Z,1811,18,JANE ST,ALLIANCE AVE,66 m North of,Major Arterial,Etobicoke York,43.676676,-79.495929,Mid-Block,Non Intersection,No Control,Clear,Daylight,Dry,Non-Fatal Injury,Rear End,Passenger,10 to 14,Minimal,0, , , , , , , , , , , , , ,Yes, , , , ,Yes,Yes,Yes, , , ,12,,,111,,1362
-79.44079,43.764945,6174446,1182503,2010,2010-06-27T04:00:00.000Z,2050,20,BATHURST ST,WILD GINGERWAY Aven, ,Major Arterial,North York,43.764945,-79.44079,Mid-Block, ,No Control,Rain,Dark,Wet,Non-Fatal Injury,Approaching,Driver,45 to 49,Minor,0,North,"Automobile, Station Wagon",Going Ahead,Driving Properly,Normal, , , , , , , , ,Yes, , , , ,Yes,Yes,Yes, ,Yes, ,32,,,37,,1363
-79.55229,43.749945,5374161,1044781,2008,2008-06-04T04:00:00.000Z,1355,13,FINCH AVE W,MILVAN DR, ,Major Arterial,Etobicoke York,43.749945,-79.55229,Intersection,At Intersection,Traffic Signal,Clear,Daylight,Dry,Non-Fatal Injury,Angle,Driver,60 to 64,Major,0,North,"Automobile, Station Wagon",Going Ahead,Driving Properly,Normal, , , , , , , , ,Yes, , , , , ,Yes,Yes,Yes, , ,31,,,22,,1364
-79.344959,43.814719,80899482,7000838415,2017,2017-05-12T04:00:00.000Z,1723,17,3160 STEELES AVE E, ,26 m West of,Major Arterial,North York,43.814719,-79.344959,Mid-Block,Intersection Related,No Control,Clear,Daylight,Dry,Non-Fatal Injury,Rear End,Passenger,75 to 79,None,0, , , , , , , , , , , , , ,Yes, , , , ,Yes,Yes,Yes, , , ,33,,,48,,1365
-79.59279,43.711345,6196037,1191546,2010,2010-09-26T04:00:00.000Z,2235,22,HIGHWAY 27  N,VICE REGENT BLVD, ,Major Arterial,Etobicoke York,43.711345,-79.59279,Intersection,At Intersection,Stop Sign,Clear,Dark,Dry,Fatal,Turning Movement,Passenger,5 to 9,Major,0, ,Other, , , , , , , , , , , ,Yes, , , , ,Yes,Yes,Yes, ,Yes, ,23,,,1,,1366
-79.403927,43.673202,80946953,8001252382,2018,2018-07-09T04:00:00.000Z,2148,21,PRIVATE LANEWAY,620 HURON STREET,10 m West of,Local,Toronto and East York,43.673202,-79.403927, ,At/Near Private Drive,No Control,Clear,"Dark, artificial",Dry,Non-Fatal Injury,Pedestrian Collisions,Driver,20 to 24,None,0,North,"Automobile, Station Wagon",Reversing,Lost control,Unknown, , , , , , ,Yes, ,Yes, , , , ,Yes,Yes,Yes, , , ,53,,,95,,1367
-79.282756,43.71617,80198010,3000983486,2013,2013-11-16T05:00:00.000Z,1516,15,FAIRFAX CR,WARDEN AV, ,Major Arterial,Scarborough,43.71617,-79.282756,Intersection,At Intersection,Traffic Signal,Clear,Daylight,Dry,Non-Fatal Injury,Turning Movement,Passenger,60 to 64,None,0, , , , , , , , , , , , , ,Yes, , , , ,Yes,Yes,Yes, , , ,41,,,120,,1368
-79.36759,43.663245,7408709,1291534,2012,2012-03-02T05:00:00.000Z,1812,18,PARLIAMENT ST,SPRUCE ST, ,Minor Arterial,Toronto and East York,43.663245,-79.36759,Intersection, ,No Control,Clear,Daylight,Dry,Non-Fatal Injury,Pedestrian Collisions,Motorcycle Driver,45 to 49,Major,0,South,Motorcycle,Going Ahead,Lost control,Inattentive, , , , , , ,Yes, , ,Yes, , , , ,Yes,Yes, , , ,51,,,73,,1369
-79.44079,43.764945,6174447,1182503,2010,2010-06-27T04:00:00.000Z,2050,20,BATHURST ST,WILD GINGERWAY Aven, ,Major Arterial,North York,43.764945,-79.44079,Mid-Block, ,No Control,Rain,Dark,Wet,Non-Fatal Injury,Approaching,Driver,20 to 24,Minor,0,South,"Automobile, Station Wagon",Going Ahead,Lost control,"Ability Impaired, Alcohol", , , , , , , , ,Yes, , , , ,Yes,Yes,Yes, ,Yes, ,32,,,37,,1370
-79.42719,43.642545,6626710,1233062,2011,2011-05-14T04:00:00.000Z,1356,13,QUEEN ST W,GLADSTONE AVE, ,Major Arterial,Toronto and East York,43.642545,-79.42719,Intersection,At Intersection,Traffic Signal,"Fog, Mist, Smoke, Dust",Daylight,Dry,Non-Fatal Injury,Turning Movement,Motorcycle Driver,25 to 29,Major,0,West,Motorcycle,Going Ahead,Exceeding Speed Limit,Inattentive, , , , , , , , ,Yes,Yes, , , , ,Yes,Yes, , , ,14,,,84,,1371
-79.59279,43.711345,6196038,1191546,2010,2010-09-26T04:00:00.000Z,2235,22,HIGHWAY 27  N,VICE REGENT BLVD, ,Major Arterial,Etobicoke York,43.711345,-79.59279,Intersection,At Intersection,Stop Sign,Clear,Dark,Dry,Fatal,Turning Movement,Passenger,25 to 29,Fatal,32, ,Other, , , , , , , , , , , ,Yes, , , , ,Yes,Yes,Yes, ,Yes, ,23,,,1,,1372
-79.344959,43.814719,80899483,7000838415,2017,2017-05-12T04:00:00.000Z,1723,17,3160 STEELES AVE E, ,26 m West of,Major Arterial,North York,43.814719,-79.344959,Mid-Block,Intersection Related,No Control,Clear,Daylight,Dry,Non-Fatal Injury,Rear End,Passenger,70 to 74,Minor,0, , , , , , , , , , , , , ,Yes, , , , ,Yes,Yes,Yes, , , ,33,,,48,,1373
-79.36769,43.678245,5809280,1144189,2009,2009-12-24T05:00:00.000Z,1517,15,BAYVIEW AVE,BAYVIEW S BLOOR E RAMP, ,Major Arterial,Toronto and East York,43.678245,-79.36769,Mid-Block, ,No Control,Drifting Snow,Daylight,Ice,Non-Fatal Injury,Approaching,Passenger,55 to 59,Major,0, ,Other, , , , , , , , , , , ,Yes, , , , ,Yes,Yes,Yes, , , ,53,,,98,,1374
-79.403927,43.673202,80946954,8001252382,2018,2018-07-09T04:00:00.000Z,2148,21,PRIVATE LANEWAY,620 HURON STREET,10 m West of,Local,Toronto and East York,43.673202,-79.403927, ,At/Near Private Drive,No Control,Clear,"Dark, artificial",Dry,Non-Fatal Injury,Pedestrian Collisions,Pedestrian,25 to 29,Minor,0, , , , , , , ,Had Been Drinking, , , ,Yes, ,Yes, , , , ,Yes,Yes,Yes, , , ,53,,,95,,1375
-79.36759,43.663245,7408710,1291534,2012,2012-03-02T05:00:00.000Z,1812,18,PARLIAMENT ST,SPRUCE ST, ,Minor Arterial,Toronto and East York,43.663245,-79.36759,Intersection, ,No Control,Clear,Daylight,Dry,Non-Fatal Injury,Pedestrian Collisions,Other,unknown,None,0,South,Other,Parked, , , , , , , , ,Yes, , ,Yes, , , , ,Yes,Yes, , , ,51,,,73,,1376
-79.48519,43.706945,7780465,1338722,2013,2013-02-02T05:00:00.000Z,2050,20,LAWRENCE AVE W,CULFORD RD, ,Major Arterial,Etobicoke York,43.706945,-79.48519,Mid-Block, ,No Control,Clear,"Dark, artificial",Dry,Non-Fatal Injury,Pedestrian Collisions,Vehicle Owner,unknown, ,0, ,Other, , , , , , , , , ,Yes, ,Yes, , , , , ,Yes,Yes, , , ,12,,,29,,1377
-79.42719,43.642545,6626711,1233062,2011,2011-05-14T04:00:00.000Z,1356,13,QUEEN ST W,GLADSTONE AVE, ,Major Arterial,Toronto and East York,43.642545,-79.42719,Intersection,At Intersection,Traffic Signal,"Fog, Mist, Smoke, Dust",Daylight,Dry,Non-Fatal Injury,Turning Movement,Driver,65 to 69,None,0,East,"Automobile, Station Wagon",Turning Left,Failed to Yield Right of Way,Unknown, , , , , , , , ,Yes,Yes, , , , ,Yes,Yes, , , ,14,,,84,,1378
-79.59279,43.711345,6196039,1191546,2010,2010-09-26T04:00:00.000Z,2235,22,HIGHWAY 27  N,VICE REGENT BLVD, ,Major Arterial,Etobicoke York,43.711345,-79.59279,Intersection,At Intersection,Stop Sign,Clear,Dark,Dry,Fatal,Turning Movement,Vehicle Owner,unknown, ,0, ,Other, , , , , , , , , , , ,Yes, , , , ,Yes,Yes,Yes, ,Yes, ,23,,,1,,1379
-79.36769,43.678245,5809281,1144189,2009,2009-12-24T05:00:00.000Z,1517,15,BAYVIEW AVE,BAYVIEW S BLOOR E RAMP, ,Major Arterial,Toronto and East York,43.678245,-79.36769,Mid-Block, ,No Control,Drifting Snow,Daylight,Ice,Non-Fatal Injury,Approaching,Passenger,50 to 54,Major,0, ,Other, , , , , , , , , , , ,Yes, , , , ,Yes,Yes,Yes, , , ,53,,,98,,1380
-79.344959,43.814719,80899484,7000838415,2017,2017-05-12T04:00:00.000Z,1723,17,3160 STEELES AVE E, ,26 m West of,Major Arterial,North York,43.814719,-79.344959,Mid-Block,Intersection Related,No Control,Clear,Daylight,Dry,Non-Fatal Injury,Rear End,Passenger,30 to 34,None,0, , , , , , , , , , , , , ,Yes, , , , ,Yes,Yes,Yes, , , ,33,,,48,,1381
-79.403927,43.673202,80946955,8001252382,2018,2018-07-09T04:00:00.000Z,2148,21,PRIVATE LANEWAY,620 HURON STREET,10 m West of,Local,Toronto and East York,43.673202,-79.403927, ,At/Near Private Drive,No Control,Clear,"Dark, artificial",Dry,Non-Fatal Injury,Pedestrian Collisions,Passenger,20 to 24,Major,0, , , , , , , , , , , ,Yes, ,Yes, , , , ,Yes,Yes,Yes, , , ,53,,,95,,1382