X,Y,Index_,ACCNUM,YEAR,DATE,TIME,Hour,STREET1,STREET2,OFFSET,ROAD_CLASS,District,LATITUDE,LONGITUDE,LOCCOORD,ACCLOC,TRAFFCTL,VISIBILITY,LIGHT,RDSFCOND,ACCLASS,IMPACTYPE,INVTYPE,INVAGE,INJURY,FATAL_NO,INITDIR,VEHTYPE,MANOEUVER,DRIVACT,DRIVCOND,PEDTYPE,PEDACT,PEDCOND,CYCLISTYPE,CYCACT,CYCCOND,PEDESTRIAN,CYCLIST,AUTOMOBILE,MOTORCYCLE,TRUCK,TRSN_CITY_,EMERG_VEH,PASSENGER,SPEEDING,AG_DRIV,REDLIGHT,ALCOHOL,DISABILITY,Division,Ward_Name,Ward_ID,Hood_ID,Hood_Name,ObjectId
-79.36759,43.663245,7408711,1291534,2012,2012-03-02T05:00:00.000Z,1812,18,PARLIAMENT ST,SPRUCE ST, ,Minor Arterial,Toronto and East York,43.663245,-79.36759,Intersection, ,No Control,Clear,Daylight,Dry,Non-Fatal Injury,Pedestrian Collisions,Pedestrian,30 to 34,Minimal,0,East,Other, , , ,Pedestrian hit at mid-block,Walking on Roadway with Traffic,Normal, , , ,Yes, , ,Yes, , , , ,Yes,Yes, , , ,51,,,73,,1383
-79.344959,43.814719,80899485,7000838415,2017,2017-05-12T04:00:00.000Z,1723,17,3160 STEELES AVE E, ,26 m West of,Major Arterial,North York,43.814719,-79.344959,Mid-Block,Intersection Related,No Control,Clear,Daylight,Dry,Non-Fatal Injury,Rear End,Passenger,30 to 34,Minor,0, , , , , , , , , , , , , ,Yes, , , , ,Yes,Yes,Yes, , , ,33,,,48,,1384
-79.59279,43.711345,6196040,1191546,2010,2010-09-26T04:00:00.000Z,2235,22,HIGHWAY 27  N,VICE REGENT BLVD, ,Major Arterial,Etobicoke York,43.711345,-79.59279,Intersection,At Intersection,Stop Sign,Clear,Dark,Dry,Fatal,Turning Movement,Driver,30 to 34,Minimal,0,West,"Automobile, Station Wagon",Turning Left,Driving Properly,Normal, , , , , , , , ,Yes, , , , ,Yes,Yes,Yes, ,Yes, ,23,,,1,,1385
-79.40619,43.741845,6624108,1232010,2011,2011-05-06T04:00:00.000Z,1400,14,YONGE ST,MCGLASHAN RD, ,Major Arterial,North York,43.741845,-79.40619,Intersection, ,No Control,Clear,Daylight,Dry,Non-Fatal Injury,Sideswipe,Driver,70 to 74,Major,0,South,"Automobile, Station Wagon",Going Ahead,Lost control,Other, , , , , , , , ,Yes, , , , , ,Yes,Yes, , , ,32,,,41,,1386
-79.48519,43.706945,7780466,1338722,2013,2013-02-02T05:00:00.000Z,2050,20,LAWRENCE AVE W,CULFORD RD, ,Major Arterial,Etobicoke York,43.706945,-79.48519,Mid-Block, ,No Control,Clear,"Dark, artificial",Dry,Non-Fatal Injury,Pedestrian Collisions,Driver,55 to 59,None,0,East,"Automobile, Station Wagon",Disabled,Driving Properly,Normal, , , , , , ,Yes, ,Yes, , , , , ,Yes,Yes, , , ,12,,,29,,1387
-79.62659,43.747645,5230924,1100690,2009,2009-04-06T04:00:00.000Z,2150,21,ALBION RD,STEINWAY BLVD, ,Major Arterial,Etobicoke York,43.747645,-79.62659,Mid-Block, ,No Control,Freezing Rain,Dark,Ice,Non-Fatal Injury,Rear End,Driver,40 to 44,Minor,0,West,"Automobile, Station Wagon",Going Ahead,Speed too Fast For Condition,"Ability Impaired, Alcohol", , , , , , , , ,Yes, , , , , ,Yes,Yes, ,Yes, ,23,,,1,,1388
-79.48519,43.706945,7780467,1338722,2013,2013-02-02T05:00:00.000Z,2050,20,LAWRENCE AVE W,CULFORD RD, ,Major Arterial,Etobicoke York,43.706945,-79.48519,Mid-Block, ,No Control,Clear,"Dark, artificial",Dry,Non-Fatal Injury,Pedestrian Collisions,Driver,30 to 34,None,0,East,"Automobile, Station Wagon",Changing Lanes,Driving Properly,Normal, , , , , , ,Yes, ,Yes, , , , , ,Yes,Yes, , , ,12,,,29,,1389
-79.363429,43.645873,80545822,6001157650,2016,2016-07-02T04:00:00.000Z,1812,18,QUEENS QUAY E,BONNYCASTLE ST,65.6 M E of,Minor Arterial,Toronto and East York,43.645873,-79.363429,Mid-Block,Non Intersection,No Control,Clear,Daylight,Dry,Fatal,SMV Other,Passenger,35 to 39,Fatal,45, , , , , , , , , , , , , ,Yes, , , , ,Yes,Yes,Yes, , , ,51,,,77,,1390
-79.344959,43.814719,80899486,7000838415,2017,2017-05-12T04:00:00.000Z,1723,17,3160 STEELES AVE E, ,26 m West of,Major Arterial,North York,43.814719,-79.344959,Mid-Block,Intersection Related,No Control,Clear,Daylight,Dry,Non-Fatal Injury,Rear End,Driver,35 to 39,None,0,West,"Automobile, Station Wagon",Stopped,Driving Properly,Normal, , , , , , , , ,Yes, , , , ,Yes,Yes,Yes, , , ,33,,,48,,1391
-79.40619,43.741845,6624109,1232010,2011,2011-05-06T04:00:00.000Z,1400,14,YONGE ST,MCGLASHAN RD, ,Major Arterial,North York,43.741845,-79.40619,Intersection, ,No Control,Clear,Daylight,Dry,Non-Fatal Injury,Sideswipe,Driver,60 to 64,Minor,0,North,"Automobile, Station Wagon",Going Ahead,Driving Properly,Normal, , , , , , , , ,Yes, , , , , ,Yes,Yes, , , ,32,,,41,,1392
-79.56829,43.657545,7442606,1305957,2012,2012-07-12T04:00:00.000Z,2235,22,THE EAST MALL,WEST DEANE PARK Dr, ,Expressway,Etobicoke York,43.657545,-79.56829,Mid-Block,At Intersection,No Control,Clear,"Dark, artificial",Dry,Non-Fatal Injury,SMV Other,Motorcycle Driver,25 to 29,Major,0,East,Motorcycle,Going Ahead,Lost control,Unknown, , , , , , , , , ,Yes, , , , ,Yes,Yes, , , ,22,,,11,,1393
-79.36769,43.678245,5809282,1144189,2009,2009-12-24T05:00:00.000Z,1517,15,BAYVIEW AVE,BAYVIEW S BLOOR E RAMP, ,Major Arterial,Toronto and East York,43.678245,-79.36769,Mid-Block, ,No Control,Drifting Snow,Daylight,Ice,Non-Fatal Injury,Approaching,Driver,60 to 64,Major,0,North,"Automobile, Station Wagon",Going Ahead,Driving Properly,Normal, , , , , , , , ,Yes, , , , ,Yes,Yes,Yes, , , ,53,,,98,,1394
-79.344959,43.814719,80899487,7000838415,2017,2017-05-12T04:00:00.000Z,1723,17,3160 STEELES AVE E, ,26 m West of,Major Arterial,North York,43.814719,-79.344959,Mid-Block,Intersection Related,No Control,Clear,Daylight,Dry,Non-Fatal Injury,Rear End,Driver,45 to 49,Minimal,0,West,"Automobile, Station Wagon",Stopped,Driving Properly,Normal, , , , , , , , ,Yes, , , , ,Yes,Yes,Yes, , , ,33,,,48,,1395
-79.398357,43.706721,80502169,6000434518,2016,2016-03-12T05:00:00.000Z,2235,22,YONGE ST,EGLINTON AVE E, ,Major Arterial,Toronto and East York,43.706721,-79.398357,Intersection,At Intersection,Traffic Signal,Clear,"Dark, artificial",Dry,Non-Fatal Injury,Pedestrian Collisions,Driver,15 to 19,Minimal,0,East,"Automobile, Station Wagon",Going Ahead,Lost control,Medical or Physical Disability, , , , , , ,Yes, ,Yes, , , , ,Yes,Yes,Yes, , ,Yes,53,,,104,,1396
-79.40619,43.741845,6624110,1232010,2011,2011-05-06T04:00:00.000Z,1400,14,YONGE ST,MCGLASHAN RD, ,Major Arterial,North York,43.741845,-79.40619,Intersection, ,No Control,Clear,Daylight,Dry,Non-Fatal Injury,Sideswipe,Driver,50 to 54,None,0,North,"Automobile, Station Wagon",Going Ahead,Driving Properly,Normal, , , , , , , , ,Yes, , , , , ,Yes,Yes, , , ,32,,,41,,1397
-79.363429,43.645873,80545838,6001157650,2016,2016-07-02T04:00:00.000Z,1812,18,QUEENS QUAY E,BONNYCASTLE ST,65.6 M E of,Minor Arterial,Toronto and East York,43.645873,-79.363429,Mid-Block,Non Intersection,No Control,Clear,Daylight,Dry,Fatal,SMV Other,Driver,30 to 34,Major,0,East,"Automobile, Station Wagon",Going Ahead,Exceeding Speed Limit,Inattentive, , , , , , , , ,Yes, , , , ,Yes,Yes,Yes, , , ,51,,,77,,1398
-79.398357,43.706721,80502170,6000434518,2016,2016-03-12T05:00:00.000Z,2235,22,YONGE ST,EGLINTON AVE E, ,Major Arterial,Toronto and East York,43.706721,-79.398357,Intersection,At Intersection,Traffic Signal,Clear,"Dark, artificial",Dry,Non-Fatal Injury,Pedestrian Collisions,Driver,70 to 74,None,0,North,"Automobile, Station Wagon",Stopped,Driving Properly,Normal, , , , , , ,Yes, ,Yes, , , , ,Yes,Yes,Yes, , ,Yes,53,,,104,,1399
-79.62659,43.747645,5230925,1100690,2009,2009-04-06T04:00:00.000Z,2150,21,ALBION RD,STEINWAY BLVD, ,Major Arterial,Etobicoke York,43.747645,-79.62659,Mid-Block, ,No Control,Freezing Rain,Dark,Ice,Non-Fatal Injury,Rear End,Driver,35 to 39,Major,0,West,"Automobile, Station Wagon",Going Ahead,Driving Properly,Normal, , , , , , , , ,Yes, , , , , ,Yes,Yes, ,Yes, ,23,,,1,,1400
-79.48519,43.706945,7780468,1338722,2013,2013-02-02T05:00:00.000Z,2050,20,LAWRENCE AVE W,CULFORD RD, ,Major Arterial,Etobicoke York,43.706945,-79.48519,Mid-Block, ,No Control,Clear,"Dark, artificial",Dry,Non-Fatal Injury,Pedestrian Collisions,Driver,50 to 54,None,0,East,"Automobile, Station Wagon",Going Ahead,Other,Normal, , , , , , ,Yes, ,Yes, , , , , ,Yes,Yes, , , ,12,,,29,,1401
-79.58279,43.743145,7432508,1301789,2012,2012-07-02T04:00:00.000Z,1815,18,FINCH AVE W,KIPLING AVE, ,Major Arterial,Etobicoke York,43.743145,-79.58279,Mid-Block, ,No Control,Clear,Daylight,Dry,Non-Fatal Injury,SMV Other,Motorcycle Driver,25 to 29,Major,0,West,Motorcycle,Going Ahead,Speed too Fast For Condition,Normal, , , , , , , , , ,Yes, , , , ,Yes,Yes, , , ,23,,,2,,1402
-79.398357,43.706721,80502171,6000434518,2016,2016-03-12T05:00:00.000Z,2235,22,YONGE ST,EGLINTON AVE E, ,Major Arterial,Toronto and East York,43.706721,-79.398357,Intersection,At Intersection,Traffic Signal,Clear,"Dark, artificial",Dry,Non-Fatal Injury,Pedestrian Collisions,Passenger,15 to 19,None,0, , , , , , , , , , , ,Yes, ,Yes, , , , ,Yes,Yes,Yes, , ,Yes,53,,,104,,1403
-79.303012,43.794242,80565532,5000666173,2015,2015-04-22T04:00:00.000Z,1402,14,3 RAINIER SQ, ,4 m South of,Local,Scarborough,43.794242,-79.303012,Intersection,Private Driveway,Stop Sign,Clear,Daylight,Dry,Non-Fatal Injury,SMV Other,Driver,20 to 24,Minimal,0,South,"Automobile, Station Wagon",Turning Left,Lost control,Normal, , , , , , , , ,Yes, , , , ,Yes,Yes,Yes, , , ,42,,,117,,1404
-79.344959,43.814719,80899488,7000838415,2017,2017-05-12T04:00:00.000Z,1723,17,3160 STEELES AVE E, ,26 m West of,Major Arterial,North York,43.814719,-79.344959,Mid-Block,Intersection Related,No Control,Clear,Daylight,Dry,Non-Fatal Injury,Rear End,Driver,35 to 39,None,0,West,"Automobile, Station Wagon",Stopped,Driving Properly,Normal, , , , , , , , ,Yes, , , , ,Yes,Yes,Yes, , , ,33,,,48,,1405
-79.36769,43.678245,5809283,1144189,2009,2009-12-24T05:00:00.000Z,1517,15,BAYVIEW AVE,BAYVIEW S BLOOR E RAMP, ,Major Arterial,Toronto and East York,43.678245,-79.36769,Mid-Block, ,No Control,Drifting Snow,Daylight,Ice,Non-Fatal Injury,Approaching,Driver,20 to 24,Minor,0,South,"Automobile, Station Wagon",Going Ahead,Speed too Fast For Condition,Normal, , , , , , , , ,Yes, , , , ,Yes,Yes,Yes, , , ,53,,,98,,1406
-79.48519,43.706945,7780469,1338722,2013,2013-02-02T05:00:00.000Z,2050,20,LAWRENCE AVE W,CULFORD RD, ,Major Arterial,Etobicoke York,43.706945,-79.48519,Mid-Block, ,No Control,Clear,"Dark, artificial",Dry,Non-Fatal Injury,Pedestrian Collisions,Pedestrian,20 to 24,Major,0,Unknown,Other, , , ,Other / Undefined,Pushing/Working on Vehicle,Normal, , , ,Yes, ,Yes, , , , , ,Yes,Yes, , , ,12,,,29,,1407
-79.303012,43.794242,80565533,5000666173,2015,2015-04-22T04:00:00.000Z,1402,14,3 RAINIER SQ, ,4 m South of,Local,Scarborough,43.794242,-79.303012,Intersection,Private Driveway,Stop Sign,Clear,Daylight,Dry,Non-Fatal Injury,SMV Other,Passenger,15 to 19,Major,0, , , , , , , , , , , , , ,Yes, , , , ,Yes,Yes,Yes, , , ,42,,,117,,1408
-79.286075,43.71091,80199141,3001085931,2013,2013-12-03T05:00:00.000Z,1815,18,ST CLAIR AVE E,HERRON AVE, ,Major Arterial,Scarborough,43.71091,-79.286075,Intersection,Intersection Related,Traffic Signal,Clear,"Dark, artificial",Dry,Non-Fatal Injury,Pedestrian Collisions,Driver,70 to 74,None,0,South,"Automobile, Station Wagon",Turning Left,Failed to Yield Right of Way,Inattentive, , , , , , ,Yes, ,Yes, , , , , ,Yes,Yes, , , ,41,,,120,,1409
-79.398357,43.706721,80502172,6000434518,2016,2016-03-12T05:00:00.000Z,2235,22,YONGE ST,EGLINTON AVE E, ,Major Arterial,Toronto and East York,43.706721,-79.398357,Intersection,At Intersection,Traffic Signal,Clear,"Dark, artificial",Dry,Non-Fatal Injury,Pedestrian Collisions,Passenger,65 to 69,None,0, , , , , , , , , , , ,Yes, ,Yes, , , , ,Yes,Yes,Yes, , ,Yes,53,,,104,,1410
-79.34699,43.775145,6105457,1152152,2010,2010-01-14T05:00:00.000Z,2150,21,DON MILLS RD,SHEPPARD AVE E, ,Major Arterial,North York,43.775145,-79.34699,Intersection,At Intersection,Traffic Signal,Clear,Dark,Wet,Non-Fatal Injury,Angle,Driver,50 to 54,Minimal,0,East,"Automobile, Station Wagon",Going Ahead,Driving Properly,Normal, , , , , , , , ,Yes, , , , ,Yes,Yes,Yes, , , ,33,,,47,,1411
-79.48519,43.706945,7780470,1338722,2013,2013-02-02T05:00:00.000Z,2050,20,LAWRENCE AVE W,CULFORD RD, ,Major Arterial,Etobicoke York,43.706945,-79.48519,Mid-Block, ,No Control,Clear,"Dark, artificial",Dry,Non-Fatal Injury,Pedestrian Collisions,Pedestrian,20 to 24,Major,0,Unknown,Other, , , ,Other / Undefined,Pushing/Working on Vehicle,Normal, , , ,Yes, ,Yes, , , , , ,Yes,Yes, , , ,12,,,29,,1412
-79.303012,43.794242,80565534,5000666173,2015,2015-04-22T04:00:00.000Z,1402,14,3 RAINIER SQ, ,4 m South of,Local,Scarborough,43.794242,-79.303012,Intersection,Private Driveway,Stop Sign,Clear,Daylight,Dry,Non-Fatal Injury,SMV Other,Passenger,15 to 19,None,0, , , , , , , , , , , , , ,Yes, , , , ,Yes,Yes,Yes, , , ,42,,,117,,1413
-79.286075,43.71091,80199142,3001085931,2013,2013-12-03T05:00:00.000Z,1815,18,ST CLAIR AVE E,HERRON AVE, ,Major Arterial,Scarborough,43.71091,-79.286075,Intersection,Intersection Related,Traffic Signal,Clear,"Dark, artificial",Dry,Non-Fatal Injury,Pedestrian Collisions,Pedestrian,50 to 54,Major,0,North, , , , ,Vehicle turns left while ped crosses with ROW at inter.,Crossing with right of way,Unknown, , , ,Yes, ,Yes, , , , , ,Yes,Yes, , , ,41,,,120,,1414
-79.398357,43.706721,80502173,6000434518,2016,2016-03-12T05:00:00.000Z,2235,22,YONGE ST,EGLINTON AVE E, ,Major Arterial,Toronto and East York,43.706721,-79.398357,Intersection,At Intersection,Traffic Signal,Clear,"Dark, artificial",Dry,Non-Fatal Injury,Pedestrian Collisions,Pedestrian,60 to 64,Major,0,South, , , , ,Vehicle is going straight thru inter.while ped cross with ROW,Crossing with right of way,Normal, , , ,Yes, ,Yes, , , , ,Yes,Yes,Yes, , ,Yes,53,,,104,,1415
-79.344959,43.814719,80899489,7000838415,2017,2017-05-12T04:00:00.000Z,1723,17,3160 STEELES AVE E, ,26 m West of,Major Arterial,North York,43.814719,-79.344959,Mid-Block,Intersection Related,No Control,Clear,Daylight,Dry,Non-Fatal Injury,Rear End,Driver,45 to 49,None,0,West,"Automobile, Station Wagon",Stopped,Driving Properly,Normal, , , , , , , , ,Yes, , , , ,Yes,Yes,Yes, , , ,33,,,48,,1416
-79.590541,43.737025,80985247,8002355627,2018,2018-12-24T05:00:00.000Z,2050,20,FINCH  AVE W,MARTIN GROVE RD,89 m East of,Major Arterial, ,43.737025,-79.590541,Mid-Block,Non Intersection,No Control,Clear,"Dark, artificial",Dry,Non-Fatal Injury,Approaching,Passenger,10 to 14,Minor,0, , , , , , , , , , , , , ,Yes, , , , ,Yes,Yes,Yes, ,Yes, ,23,,,2,,1417
-79.34699,43.775145,6105458,1152152,2010,2010-01-14T05:00:00.000Z,2150,21,DON MILLS RD,SHEPPARD AVE E, ,Major Arterial,North York,43.775145,-79.34699,Intersection,At Intersection,Traffic Signal,Clear,Dark,Wet,Non-Fatal Injury,Angle,Passenger,20 to 24,Minimal,0, ,Other, , , , , , , , , , , ,Yes, , , , ,Yes,Yes,Yes, , , ,33,,,47,,1418
-79.303012,43.794242,80565535,5000666173,2015,2015-04-22T04:00:00.000Z,1402,14,3 RAINIER SQ, ,4 m South of,Local,Scarborough,43.794242,-79.303012,Intersection,Private Driveway,Stop Sign,Clear,Daylight,Dry,Non-Fatal Injury,SMV Other,Passenger,15 to 19,None,0, , , , , , , , , , , , , ,Yes, , , , ,Yes,Yes,Yes, , , ,42,,,117,,1419
-79.36769,43.678245,5809284,1144189,2009,2009-12-24T05:00:00.000Z,1517,15,BAYVIEW AVE,BAYVIEW S BLOOR E RAMP, ,Major Arterial,Toronto and East York,43.678245,-79.36769,Mid-Block, ,No Control,Drifting Snow,Daylight,Ice,Non-Fatal Injury,Approaching,Driver,25 to 29,Minimal,0,North,"Automobile, Station Wagon",Going Ahead,Driving Properly,Normal, , , , , , , , ,Yes, , , , ,Yes,Yes,Yes, , , ,53,,,98,,1420
-79.590541,43.737025,80985248,8002355627,2018,2018-12-24T05:00:00.000Z,2050,20,FINCH  AVE W,MARTIN GROVE RD,89 m East of,Major Arterial, ,43.737025,-79.590541,Mid-Block,Non Intersection,No Control,Clear,"Dark, artificial",Dry,Non-Fatal Injury,Approaching,Passenger,0 to 4,None,0, , , , , , , , , , , , , ,Yes, , , , ,Yes,Yes,Yes, ,Yes, ,23,,,2,,1421
-79.591533,43.669337,80946880,8001226350,2018,2018-07-05T04:00:00.000Z,2235,22,RENFORTH DR,HWY 401 WB ON RAMP AVE, ,Expressway,Etobicoke York,43.669337,-79.591533,Intersection,At Intersection,Traffic Signal,Clear,"Dark, artificial",Dry,Non-Fatal Injury,Turning Movement,Truck Driver,75 to 79,None,0,North,Truck-Tractor,Turning Left,Improper Turn,Fatigue, , , , , , , , ,Yes, ,Yes, , ,Yes,Yes,Yes, , , ,23,,,1,,1422
-79.590541,43.737025,80985249,8002355627,2018,2018-12-24T05:00:00.000Z,2050,20,FINCH  AVE W,MARTIN GROVE RD,89 m East of,Major Arterial, ,43.737025,-79.590541,Mid-Block,Non Intersection,No Control,Clear,"Dark, artificial",Dry,Non-Fatal Injury,Approaching,Other,35 to 39,Major,0, , , , , , , , , , , , , ,Yes, , , , ,Yes,Yes,Yes, ,Yes, ,23,,,2,,1423
-79.27989,43.762345,5321604,1020755,2008,2008-02-03T05:00:00.000Z,1520,15,KENNEDY RD,BRIGSTOCK RD, ,Major Arterial,Scarborough,43.762345,-79.27989,Mid-Block, ,No Control,Clear,Daylight,Wet,Non-Fatal Injury,Approaching,Vehicle Owner,unknown, ,0, ,Other, , , , , , , , , , , ,Yes, , , , ,Yes,Yes,Yes, , , ,41,,,126,,1424
-79.344959,43.814719,80899490,7000838415,2017,2017-05-12T04:00:00.000Z,1723,17,3160 STEELES AVE E, ,26 m West of,Major Arterial,North York,43.814719,-79.344959,Mid-Block,Intersection Related,No Control,Clear,Daylight,Dry,Non-Fatal Injury,Rear End,Driver,45 to 49,None,0,West,"Automobile, Station Wagon",Stopped,Driving Properly,Normal, , , , , , , , ,Yes, , , , ,Yes,Yes,Yes, , , ,33,,,48,,1425
-79.528392,43.649054,80722876,6002093548,2016,2016-11-25T05:00:00.000Z,1403,14,DUNDAS ST W,CORDOVA AVE,34 m East of,Major Arterial,Etobicoke York,43.649054,-79.528392,Mid-Block,Intersection Related,No Control,Clear,Daylight,Dry,Non-Fatal Injury,Approaching,Driver,40 to 44,Minor,0,West,"Automobile, Station Wagon",Going Ahead,Lost control,Unknown, , , , , , , , ,Yes, , , , ,Yes,Yes,Yes, , , ,22,,,14,,1426
-79.52529,43.679245,5046062,1136056,2009,2009-10-21T04:00:00.000Z,1819,18,ROYAL YORK Road,ALLANHURST Driv, ,Minor Arterial,Etobicoke York,43.679245,-79.52529,Intersection, ,Traffic Signal,Clear,Dark,Wet,Non-Fatal Injury,Rear End,Truck Driver,70 to 74,None,0,South,Truck - Open,Slowing or Stopping,Driving Properly,Normal, , , , , , , , ,Yes, ,Yes, , , ,Yes,Yes, , , ,22,,,9,,1427
-79.34699,43.775145,6105459,1152152,2010,2010-01-14T05:00:00.000Z,2150,21,DON MILLS RD,SHEPPARD AVE E, ,Major Arterial,North York,43.775145,-79.34699,Intersection,At Intersection,Traffic Signal,Clear,Dark,Wet,Non-Fatal Injury,Angle,Vehicle Owner,unknown, ,0, ,Other, , , , , , , , , , , ,Yes, , , , ,Yes,Yes,Yes, , , ,33,,,47,,1428
-79.590541,43.737025,80985250,8002355627,2018,2018-12-24T05:00:00.000Z,2050,20,FINCH  AVE W,MARTIN GROVE RD,89 m East of,Major Arterial, ,43.737025,-79.590541,Mid-Block,Non Intersection,No Control,Clear,"Dark, artificial",Dry,Non-Fatal Injury,Approaching,Driver,25 to 29,Minor,0,West,"Automobile, Station Wagon",Going Ahead,Lost control,"Ability Impaired, Alcohol Over .08", , , , , , , , ,Yes, , , , ,Yes,Yes,Yes, ,Yes, ,23,,,2,,1429
-79.528392,43.649054,80722877,6002093548,2016,2016-11-25T05:00:00.000Z,1403,14,DUNDAS ST W,CORDOVA AVE,34 m East of,Major Arterial,Etobicoke York,43.649054,-79.528392,Mid-Block,Intersection Related,No Control,Clear,Daylight,Dry,Non-Fatal Injury,Approaching,Driver,85 to 89,Major,0,East,"Automobile, Station Wagon",Going Ahead,Driving Properly,Normal, , , , , , , , ,Yes, , , , ,Yes,Yes,Yes, , , ,22,,,14,,1430
-79.591533,43.669337,80946881,8001226350,2018,2018-07-05T04:00:00.000Z,2235,22,RENFORTH DR,HWY 401 WB ON RAMP AVE, ,Expressway,Etobicoke York,43.669337,-79.591533,Intersection,At Intersection,Traffic Signal,Clear,"Dark, artificial",Dry,Non-Fatal Injury,Turning Movement,Driver,20 to 24,Major,0,South,"Automobile, Station Wagon",Going Ahead,Exceeding Speed Limit,Normal, , , , , , , , ,Yes, ,Yes, , ,Yes,Yes,Yes, , , ,23,,,1,,1431
-79.52529,43.679245,5046063,1136056,2009,2009-10-21T04:00:00.000Z,1819,18,ROYAL YORK Road,ALLANHURST Driv, ,Minor Arterial,Etobicoke York,43.679245,-79.52529,Intersection, ,Traffic Signal,Clear,Dark,Wet,Non-Fatal Injury,Rear End,Driver,35 to 39,Major,0,South,"Automobile, Station Wagon",Slowing or Stopping,Driving Properly,Normal, , , , , , , , ,Yes, ,Yes, , , ,Yes,Yes, , , ,22,,,9,,1432
-79.591533,43.669337,80946882,8001226350,2018,2018-07-05T04:00:00.000Z,2235,22,RENFORTH DR,HWY 401 WB ON RAMP AVE, ,Expressway,Etobicoke York,43.669337,-79.591533,Intersection,At Intersection,Traffic Signal,Clear,"Dark, artificial",Dry,Non-Fatal Injury,Turning Movement,Passenger,20 to 24,Major,0, , , , , , , , , , , , , ,Yes, ,Yes, , ,Yes,Yes,Yes, , , ,23,,,1,,1433
-79.344959,43.814719,80899491,7000838415,2017,2017-05-12T04:00:00.000Z,1723,17,3160 STEELES AVE E, ,26 m West of,Major Arterial,North York,43.814719,-79.344959,Mid-Block,Intersection Related,No Control,Clear,Daylight,Dry,Non-Fatal Injury,Rear End,Driver,30 to 34,Major,0,West,"Automobile, Station Wagon",Stopped,Driving Properly,Normal, , , , , , , , ,Yes, , , , ,Yes,Yes,Yes, , , ,33,,,48,,1434
-79.528392,43.649054,80722878,6002093548,2016,2016-11-25T05:00:00.000Z,1403,14,DUNDAS ST W,CORDOVA AVE,34 m East of,Major Arterial,Etobicoke York,43.649054,-79.528392,Mid-Block,Intersection Related,No Control,Clear,Daylight,Dry,Non-Fatal Injury,Approaching,Driver,55 to 59,Minor,0,East,"Automobile, Station Wagon",Going Ahead,Driving Properly,Normal, , , , , , , , ,Yes, , , , ,Yes,Yes,Yes, , , ,22,,,14,,1435
-79.27989,43.762345,5321605,1020755,2008,2008-02-03T05:00:00.000Z,1520,15,KENNEDY RD,BRIGSTOCK RD, ,Major Arterial,Scarborough,43.762345,-79.27989,Mid-Block, ,No Control,Clear,Daylight,Wet,Non-Fatal Injury,Approaching,Driver,50 to 54,Major,0,South,"Automobile, Station Wagon",Going Ahead,Driving Properly,Normal, , , , , , , , ,Yes, , , , ,Yes,Yes,Yes, , , ,41,,,126,,1436
-79.590541,43.737025,80985251,8002355627,2018,2018-12-24T05:00:00.000Z,2050,20,FINCH  AVE W,MARTIN GROVE RD,89 m East of,Major Arterial, ,43.737025,-79.590541,Mid-Block,Non Intersection,No Control,Clear,"Dark, artificial",Dry,Non-Fatal Injury,Approaching,Driver,40 to 44,Minor,0,East,"Automobile, Station Wagon",Going Ahead,Driving Properly,Normal, , , , , , , , ,Yes, , , , ,Yes,Yes,Yes, ,Yes, ,23,,,2,,1437
-79.34699,43.775145,6105460,1152152,2010,2010-01-14T05:00:00.000Z,2150,21,DON MILLS RD,SHEPPARD AVE E, ,Major Arterial,North York,43.775145,-79.34699,Intersection,At Intersection,Traffic Signal,Clear,Dark,Wet,Non-Fatal Injury,Angle,Driver,25 to 29,Major,0,North,"Automobile, Station Wagon",Going Ahead,Failed to Yield Right of Way,Inattentive, , , , , , , , ,Yes, , , , ,Yes,Yes,Yes, , , ,33,,,47,,1438
-79.52529,43.679245,5046064,1136056,2009,2009-10-21T04:00:00.000Z,1819,18,ROYAL YORK Road,ALLANHURST Driv, ,Minor Arterial,Etobicoke York,43.679245,-79.52529,Intersection, ,Traffic Signal,Clear,Dark,Wet,Non-Fatal Injury,Rear End,Driver,30 to 34,None,0,South,"Automobile, Station Wagon",Going Ahead,Following too Close,Inattentive, , , , , , , , ,Yes, ,Yes, , , ,Yes,Yes, , , ,22,,,9,,1439
-79.249019,43.83705,80781220,7001553173,2017,2017-08-27T04:00:00.000Z,2054,20,6065 STEELES AVE E, , ,Major Arterial,Scarborough,43.83705,-79.249019,Mid-Block,Non Intersection,No Control,Clear,Dark,Dry,Fatal,Pedestrian Collisions,Driver,45 to 49,None,0,West,"Automobile, Station Wagon",Going Ahead,Driving Properly,Normal, , , , , , ,Yes, ,Yes, , , , , ,Yes,Yes, , , ,42,,,131,,1440