X,Y,Index_,ACCNUM,YEAR,DATE,TIME,Hour,STREET1,STREET2,OFFSET,ROAD_CLASS,District,LATITUDE,LONGITUDE,LOCCOORD,ACCLOC,TRAFFCTL,VISIBILITY,LIGHT,RDSFCOND,ACCLASS,IMPACTYPE,INVTYPE,INVAGE,INJURY,FATAL_NO,INITDIR,VEHTYPE,MANOEUVER,DRIVACT,DRIVCOND,PEDTYPE,PEDACT,PEDCOND,CYCLISTYPE,CYCACT,CYCCOND,PEDESTRIAN,CYCLIST,AUTOMOBILE,MOTORCYCLE,TRUCK,TRSN_CITY_,EMERG_VEH,PASSENGER,SPEEDING,AG_DRIV,REDLIGHT,ALCOHOL,DISABILITY,Division,Ward_Name,Ward_ID,Hood_ID,Hood_Name,ObjectId
-79.28419,43.719545,7775928,1336078,2013,2013-01-18T05:00:00.000Z,1529,15,WARDEN AVE,HYMUS RD, ,Major Arterial,Scarborough,43.719545,-79.28419,Intersection, ,No Control,Clear,Daylight,Dry,Non-Fatal Injury,Approaching,Driver,80 to 84,Minor,0,South,"Automobile, Station Wagon",Going Ahead,Driving Properly,Normal, , , , , , , , ,Yes, , , , ,Yes,Yes,Yes, , , ,41,,,120,,1561
-79.28419,43.719545,7775929,1336078,2013,2013-01-18T05:00:00.000Z,1529,15,WARDEN AVE,HYMUS RD, ,Major Arterial,Scarborough,43.719545,-79.28419,Intersection, ,No Control,Clear,Daylight,Dry,Non-Fatal Injury,Approaching,Vehicle Owner,unknown, ,0, ,Other, , , , , , , , , , , ,Yes, , , , ,Yes,Yes,Yes, , , ,41,,,120,,1562
-79.28419,43.719545,7775930,1336078,2013,2013-01-18T05:00:00.000Z,1529,15,WARDEN AVE,HYMUS RD, ,Major Arterial,Scarborough,43.719545,-79.28419,Intersection, ,No Control,Clear,Daylight,Dry,Non-Fatal Injury,Approaching,Driver,15 to 19,Minimal,0,North,"Automobile, Station Wagon",Changing Lanes,Lost control,Inattentive, , , , , , , , ,Yes, , , , ,Yes,Yes,Yes, , , ,41,,,120,,1563
-79.53559,43.726445,5329696,1024623,2008,2008-02-29T05:00:00.000Z,1530,15,WESTON RD,STARVIEW LANE, ,Major Arterial,Etobicoke York,43.726445,-79.53559,Intersection, ,No Control,Snow,Daylight,Slush,Fatal,Approaching,Truck Driver,50 to 54,None,0,South,Truck - Open,Going Ahead,Driving Properly,Normal, , , , , , , , ,Yes, ,Yes, , ,Yes,Yes,Yes, , , ,31,,,23,,1564
-79.53559,43.726445,5329697,1024623,2008,2008-02-29T05:00:00.000Z,1530,15,WESTON RD,STARVIEW LANE, ,Major Arterial,Etobicoke York,43.726445,-79.53559,Intersection, ,No Control,Snow,Daylight,Slush,Fatal,Approaching,Passenger,30 to 34,Fatal,10, ,Other, , , , , , , , , , , ,Yes, ,Yes, , ,Yes,Yes,Yes, , , ,31,,,23,,1565
-79.53559,43.726445,5329698,1024623,2008,2008-02-29T05:00:00.000Z,1530,15,WESTON RD,STARVIEW LANE, ,Major Arterial,Etobicoke York,43.726445,-79.53559,Intersection, ,No Control,Snow,Daylight,Slush,Fatal,Approaching,Driver,55 to 59,Fatal,9,North,"Automobile, Station Wagon",Going Ahead,Speed too Fast For Condition,Normal, , , , , , , , ,Yes, ,Yes, , ,Yes,Yes,Yes, , , ,31,,,23,,1566
-79.606792,43.730746,7856190,1372377,2013,2013-08-27T04:00:00.000Z,1533,15,HUMBER COLLEGE Blvd,WINDWOOD Dr, ,Minor Arterial,Etobicoke York,43.730746,-79.606792,Mid-Block, ,Pedestrian Crossover,Clear,Daylight,Dry,Fatal,Pedestrian Collisions,Driver,15 to 19,None,0,West,Pick Up Truck,Going Ahead,Failed to Yield Right of Way,Normal, , , , , , ,Yes, ,Yes, , , , , ,Yes,Yes, , , ,23,,,1,,1567
-79.606792,43.730746,7856191,1372377,2013,2013-08-27T04:00:00.000Z,1533,15,HUMBER COLLEGE Blvd,WINDWOOD Dr, ,Minor Arterial,Etobicoke York,43.730746,-79.606792,Mid-Block, ,Pedestrian Crossover,Clear,Daylight,Dry,Fatal,Pedestrian Collisions,Pedestrian,55 to 59,Fatal,35,South, , , , ,Pedestrian hit a PXO/ped. Mid-block signal,"Crossing, Pedestrian Crossover",Normal, , , ,Yes, ,Yes, , , , , ,Yes,Yes, , , ,23,,,1,,1568
-79.471744,43.652056,80681696,7000416403,2017,2017-03-07T05:00:00.000Z,1538,15,BLOOR ST W,KENNEDY PARK RD,8.6 m East of,Major Arterial,Toronto and East York,43.652056,-79.471744,Intersection,Intersection Related,No Control,Clear,Daylight,Dry,Fatal,Approaching,Driver,30 to 34,None,0,West,"Automobile, Station Wagon",Overtaking,Improper Passing,Unknown, , , , , , , , ,Yes, , , , ,Yes,Yes,Yes, , , ,11,,,87,,1569
-79.471744,43.652056,80681700,7000416403,2017,2017-03-07T05:00:00.000Z,1538,15,BLOOR ST W,KENNEDY PARK RD,8.6 m East of,Major Arterial,Toronto and East York,43.652056,-79.471744,Intersection,Intersection Related,No Control,Clear,Daylight,Dry,Fatal,Approaching,Driver,80 to 84,None,0,East,"Automobile, Station Wagon",Going Ahead,Driving Properly,Normal, , , , , , , , ,Yes, , , , ,Yes,Yes,Yes, , , ,11,,,87,,1570
-79.471744,43.652056,80681701,7000416403,2017,2017-03-07T05:00:00.000Z,1538,15,BLOOR ST W,KENNEDY PARK RD,8.6 m East of,Major Arterial,Toronto and East York,43.652056,-79.471744,Intersection,Intersection Related,No Control,Clear,Daylight,Dry,Fatal,Approaching,Passenger,35 to 39,Fatal,10, ,"Automobile, Station Wagon", , , , , , , , , , , ,Yes, , , , ,Yes,Yes,Yes, , , ,11,,,87,,1571
-79.471744,43.652056,80681702,7000416403,2017,2017-03-07T05:00:00.000Z,1538,15,BLOOR ST W,KENNEDY PARK RD,8.6 m East of,Major Arterial,Toronto and East York,43.652056,-79.471744,Intersection,Intersection Related,No Control,Clear,Daylight,Dry,Fatal,Approaching,Driver,20 to 24,None,0,East,"Automobile, Station Wagon",Going Ahead,Driving Properly,Normal, , , , , , , , ,Yes, , , , ,Yes,Yes,Yes, , , ,11,,,87,,1572
-79.471744,43.652056,80681703,7000416403,2017,2017-03-07T05:00:00.000Z,1538,15,BLOOR ST W,KENNEDY PARK RD,8.6 m East of,Major Arterial,Toronto and East York,43.652056,-79.471744,Intersection,Intersection Related,No Control,Clear,Daylight,Dry,Fatal,Approaching,Passenger,35 to 39,None,0, ,"Automobile, Station Wagon", , , , , , , , , , , ,Yes, , , , ,Yes,Yes,Yes, , , ,11,,,87,,1573
-79.444095,43.63642,80631965,5001088565,2015,2015-06-28T04:00:00.000Z,1539,15,1491 LAKE SHORE BLVD W, ,100 m West of,Major Arterial,Toronto and East York,43.63642,-79.444095,Mid-Block,Non Intersection,No Control,Rain,Daylight,Wet,Non-Fatal Injury,SMV Other,Driver,20 to 24,Major,0,East,"Automobile, Station Wagon",Changing Lanes,Speed too Fast For Condition,Inattentive, , , , , , , , ,Yes, , , , ,Yes,Yes,Yes, , , ,14,,,85,,1574
-79.444095,43.63642,80631966,5001088565,2015,2015-06-28T04:00:00.000Z,1539,15,1491 LAKE SHORE BLVD W, ,100 m West of,Major Arterial,Toronto and East York,43.63642,-79.444095,Mid-Block,Non Intersection,No Control,Rain,Daylight,Wet,Non-Fatal Injury,SMV Other,Passenger,20 to 24,Minor,0, , , , , , , , , , , , , ,Yes, , , , ,Yes,Yes,Yes, , , ,14,,,85,,1575
-79.444095,43.63642,80631967,5001088565,2015,2015-06-28T04:00:00.000Z,1539,15,1491 LAKE SHORE BLVD W, ,100 m West of,Major Arterial,Toronto and East York,43.63642,-79.444095,Mid-Block,Non Intersection,No Control,Rain,Daylight,Wet,Non-Fatal Injury,SMV Other,Passenger,20 to 24,Minor,0, , , , , , , , , , , , , ,Yes, , , , ,Yes,Yes,Yes, , , ,14,,,85,,1576
-79.25189,43.707945,5243317,1106309,2009,2009-04-30T04:00:00.000Z,1540,15,MCINTOSH ST,NATAL AVE, ,Collector,Scarborough,43.707945,-79.25189,Intersection,At Intersection,Stop Sign,Clear,Daylight,Dry,Non-Fatal Injury,Cyclist Collisions,Driver,15 to 19,None,0,West,"Automobile, Station Wagon",Going Ahead,Exceeding Speed Limit,Normal, , , , , , , ,Yes,Yes, , , , , ,Yes,Yes, , , ,41,,,122,,1577
-79.25189,43.707945,5243318,1106309,2009,2009-04-30T04:00:00.000Z,1540,15,MCINTOSH ST,NATAL AVE, ,Collector,Scarborough,43.707945,-79.25189,Intersection,At Intersection,Stop Sign,Clear,Daylight,Dry,Non-Fatal Injury,Cyclist Collisions,Cyclist,20 to 24,Major,0,South,Bicycle,Turning Left, , , , , ,"Motorist without ROW drives into path of cyclist at inter, lnwy, dwy-Driver not turn.",Driving Properly,Normal, ,Yes,Yes, , , , , ,Yes,Yes, , , ,41,,,122,,1578
-79.28489,43.800545,6672316,1252379,2011,2011-09-01T04:00:00.000Z,1540,15,MIDLAND AVE,BAYLAWN DR, ,Major Arterial,Scarborough,43.800545,-79.28489,Mid-Block, ,No Control,Clear,Daylight,Dry,Fatal,SMV Other,Vehicle Owner,unknown, ,0, ,Other, , , , , , , , , , , ,Yes, , , , , ,Yes,Yes, , , ,42,,,129,,1579
-79.28489,43.800545,6672317,1252379,2011,2011-09-01T04:00:00.000Z,1540,15,MIDLAND AVE,BAYLAWN DR, ,Major Arterial,Scarborough,43.800545,-79.28489,Mid-Block, ,No Control,Clear,Daylight,Dry,Fatal,SMV Other,Driver,35 to 39,Fatal,23,South,"Automobile, Station Wagon",Going Ahead,Lost control,Unknown, , , , , , , , ,Yes, , , , , ,Yes,Yes, , , ,42,,,129,,1580
-79.42899,43.670045,7838961,1365020,2013,2013-05-21T04:00:00.000Z,1540,15,OSSINGTON Ave,DUPONT St, ,Major Arterial,Toronto and East York,43.670045,-79.42899,Intersection,At Intersection,Traffic Signal,Clear,Daylight,Dry,Non-Fatal Injury,Turning Movement,Driver,20 to 24,None,0,South,Other,Going Ahead,Exceeding Speed Limit,Unknown, , , , , , , , ,Yes, , , , ,Yes,Yes,Yes, , , ,14,,,93,,1581
-79.42899,43.670045,7838962,1365020,2013,2013-05-21T04:00:00.000Z,1540,15,OSSINGTON Ave,DUPONT St, ,Major Arterial,Toronto and East York,43.670045,-79.42899,Intersection,At Intersection,Traffic Signal,Clear,Daylight,Dry,Non-Fatal Injury,Turning Movement,Passenger,45 to 49,Major,0, ,Other, , , , , , , , , , , ,Yes, , , , ,Yes,Yes,Yes, , , ,14,,,93,,1582
-79.42899,43.670045,7838963,1365020,2013,2013-05-21T04:00:00.000Z,1540,15,OSSINGTON Ave,DUPONT St, ,Major Arterial,Toronto and East York,43.670045,-79.42899,Intersection,At Intersection,Traffic Signal,Clear,Daylight,Dry,Non-Fatal Injury,Turning Movement,Vehicle Owner,unknown, ,0, ,Other, , , , , , , , , , , ,Yes, , , , ,Yes,Yes,Yes, , , ,14,,,93,,1583
-79.42899,43.670045,7838964,1365020,2013,2013-05-21T04:00:00.000Z,1540,15,OSSINGTON Ave,DUPONT St, ,Major Arterial,Toronto and East York,43.670045,-79.42899,Intersection,At Intersection,Traffic Signal,Clear,Daylight,Dry,Non-Fatal Injury,Turning Movement,Driver,35 to 39,None,0,North,"Automobile, Station Wagon",Turning Left,Driving Properly,Normal, , , , , , , , ,Yes, , , , ,Yes,Yes,Yes, , , ,14,,,93,,1584
-79.259059,43.752669,80631886,4002954632,2014,2014-09-21T04:00:00.000Z,1542,15,2715 LAWRENCE AVE E, ,50 m West of,Major Arterial,Scarborough,43.752669,-79.259059,Mid-Block,At/Near Private Drive,No Control,Clear,Daylight,Dry,Non-Fatal Injury,Turning Movement,Motorcycle Driver,35 to 39,Major,0,South,Motorcycle,Going Ahead,Exceeding Speed Limit,Normal, , , , , , , , ,Yes,Yes, , , , ,Yes,Yes, , , ,41,,,127,,1585
-79.259059,43.752669,80631887,4002954632,2014,2014-09-21T04:00:00.000Z,1542,15,2715 LAWRENCE AVE E, ,50 m West of,Major Arterial,Scarborough,43.752669,-79.259059,Mid-Block,At/Near Private Drive,No Control,Clear,Daylight,Dry,Non-Fatal Injury,Turning Movement,Driver,60 to 64,None,0,West,"Automobile, Station Wagon",Turning Left,Driving Properly,Normal, , , , , , , , ,Yes,Yes, , , , ,Yes,Yes, , , ,41,,,127,,1586
-79.244487,43.748545,7857844,1373040,2013,2013-08-30T04:00:00.000Z,1545,15,DANFORTH RD,BARDSEA CRT, ,Major Arterial,Scarborough,43.748545,-79.244487,Intersection,At Intersection,Stop Sign,Clear,Daylight,Dry,Fatal,Turning Movement,Driver,75 to 79,Minimal,0,West,"Automobile, Station Wagon",Turning Right,Failed to Yield Right of Way,Normal, , , , , , , , ,Yes,Yes,Yes, , , ,Yes,Yes, , , ,43,,,127,,1587
-79.244487,43.748545,7857845,1373040,2013,2013-08-30T04:00:00.000Z,1545,15,DANFORTH RD,BARDSEA CRT, ,Major Arterial,Scarborough,43.748545,-79.244487,Intersection,At Intersection,Stop Sign,Clear,Daylight,Dry,Fatal,Turning Movement,Motorcycle Driver,45 to 49,Fatal,36,North,Motorcycle,Changing Lanes,Improper Lane Change,Normal, , , , , , , , ,Yes,Yes,Yes, , , ,Yes,Yes, , , ,43,,,127,,1588
-79.244487,43.748545,7857846,1373040,2013,2013-08-30T04:00:00.000Z,1545,15,DANFORTH RD,BARDSEA CRT, ,Major Arterial,Scarborough,43.748545,-79.244487,Intersection,At Intersection,Stop Sign,Clear,Daylight,Dry,Fatal,Turning Movement,Truck Driver,65 to 69,Major,0,South,"Truck - Closed (Blazer, etc)",Stopped,Driving Properly,Normal, , , , , , , , ,Yes,Yes,Yes, , , ,Yes,Yes, , , ,43,,,127,,1589
-79.407451,43.675795,80925535,7001296811,2017,2017-07-19T04:00:00.000Z,1548,15,SPADINA RD,MACPHERSON AVE,7 m East of,Minor Arterial,Toronto and East York,43.675795,-79.407451,Intersection,At Intersection,No Control,Clear,Daylight,Dry,Non-Fatal Injury,Turning Movement,Driver,25 to 29,None,0,South,"Automobile, Station Wagon",Going Ahead,Driving Properly,Normal, , , , , , , , ,Yes, , , , , ,Yes,Yes, , , ,"13,53",,,96,,1590
-79.407451,43.675795,80925536,7001296811,2017,2017-07-19T04:00:00.000Z,1548,15,SPADINA RD,MACPHERSON AVE,7 m East of,Minor Arterial,Toronto and East York,43.675795,-79.407451,Intersection,At Intersection,No Control,Clear,Daylight,Dry,Non-Fatal Injury,Turning Movement,Driver,10 to 14,Major,0,North,Other,Turning Left,Improper Turn,Normal, , , , , , , , ,Yes, , , , , ,Yes,Yes, , , ,"13,53",,,96,,1591
-79.349178,43.641406,80566372,6001911469,2016,2016-10-27T04:00:00.000Z,1549,15,CHERRY ST,POLSON ST, ,Collector,Toronto and East York,43.641406,-79.349178,Mid-Block,Overpass or Bridge,No Control,Rain,Daylight,Wet,Fatal,SMV Other,Driver,50 to 54,Fatal,66,North,"Automobile, Station Wagon",Going Ahead,Lost control,Unknown, , , , , , , , ,Yes, , , , , ,Yes,Yes, , , ,"00,51",,,70,,1592
-79.38709,43.649845,7447640,1307961,2012,2012-07-05T04:00:00.000Z,1553,15,RICHMOND St W,SIMCOE St, ,Major Arterial,Toronto and East York,43.649845,-79.38709,Intersection,At Intersection,No Control,Clear,Daylight,Dry,Non-Fatal Injury,Turning Movement,Driver,20 to 24,None,0,West,"Automobile, Station Wagon",Turning Left,Improper Turn,Unknown, , , , , , , , ,Yes, , , , , ,Yes,Yes, , , ,52,,,76,,1593
-79.38709,43.649845,7447641,1307961,2012,2012-07-05T04:00:00.000Z,1553,15,RICHMOND St W,SIMCOE St, ,Major Arterial,Toronto and East York,43.649845,-79.38709,Intersection,At Intersection,No Control,Clear,Daylight,Dry,Non-Fatal Injury,Turning Movement,Driver,45 to 49,Major,0,West,"Automobile, Station Wagon",Going Ahead,Driving Properly,Normal, , , , , , , , ,Yes, , , , , ,Yes,Yes, , , ,52,,,76,,1594
-79.38709,43.649845,7447642,1307961,2012,2012-07-05T04:00:00.000Z,1553,15,RICHMOND St W,SIMCOE St, ,Major Arterial,Toronto and East York,43.649845,-79.38709,Intersection,At Intersection,No Control,Clear,Daylight,Dry,Non-Fatal Injury,Turning Movement,Other Property Owner,unknown, ,0, ,Other, , , , , , , , , , , ,Yes, , , , , ,Yes,Yes, , , ,52,,,76,,1595
-79.458461,43.666697,80242348,5001050877,2015,2015-06-22T04:00:00.000Z,1554,15,6 CARIBOO AVE, , ,Local,Toronto and East York,43.666697,-79.458461,Mid-Block,At/Near Private Drive,No Control,Clear,Daylight,Dry,Non-Fatal Injury,Pedestrian Collisions,Driver,70 to 74,None,0,North,"Automobile, Station Wagon",Going Ahead,Lost control,Normal, , , , , , ,Yes, ,Yes, , , , , ,Yes,Yes, , , ,11,,,93,,1596
-79.458461,43.666697,80242349,5001050877,2015,2015-06-22T04:00:00.000Z,1554,15,6 CARIBOO AVE, , ,Local,Toronto and East York,43.666697,-79.458461,Mid-Block,At/Near Private Drive,No Control,Clear,Daylight,Dry,Non-Fatal Injury,Pedestrian Collisions,Pedestrian,45 to 49,Major,0,Unknown, , , , ,Pedestrian hit at private driveway,Other,Unknown, , , ,Yes, ,Yes, , , , , ,Yes,Yes, , , ,11,,,93,,1597
-79.18899,43.850945,6606959,1224469,2011,2011-01-20T05:00:00.000Z,1555,15,STEELES AVE E,GORDON MURISON LANE, ,Minor Arterial,Scarborough,43.850945,-79.18899,Mid-Block, ,No Control,Clear,Daylight,Wet,Non-Fatal Injury,Rear End,Passenger,60 to 64,Major,0, ,Other, , , , , , , , , , , ,Yes, , , , ,Yes,Yes,Yes, , , ,42,,,131,,1598
-79.18899,43.850945,6606960,1224469,2011,2011-01-20T05:00:00.000Z,1555,15,STEELES AVE E,GORDON MURISON LANE, ,Minor Arterial,Scarborough,43.850945,-79.18899,Mid-Block, ,No Control,Clear,Daylight,Wet,Non-Fatal Injury,Rear End,Driver,55 to 59,None,0,West,"Automobile, Station Wagon",Going Ahead,Speed too Fast For Condition,Normal, , , , , , , , ,Yes, , , , ,Yes,Yes,Yes, , , ,42,,,131,,1599
-79.18899,43.850945,6606961,1224469,2011,2011-01-20T05:00:00.000Z,1555,15,STEELES AVE E,GORDON MURISON LANE, ,Minor Arterial,Scarborough,43.850945,-79.18899,Mid-Block, ,No Control,Clear,Daylight,Wet,Non-Fatal Injury,Rear End,Driver,50 to 54,None,0,West,"Automobile, Station Wagon",Stopped,Driving Properly,Normal, , , , , , , , ,Yes, , , , ,Yes,Yes,Yes, , , ,42,,,131,,1600
-79.33849,43.699545,6607915,1224926,2011,2011-03-28T04:00:00.000Z,1555,15,DON VALLEY PARKWAY  N,DON MILLS Road, ,Expressway,Toronto and East York,43.699545,-79.33849,Mid-Block, ,No Control,Clear,Daylight,Dry,Non-Fatal Injury,Rear End,Driver,25 to 29,Major,0,North,"Automobile, Station Wagon",Slowing or Stopping,Driving Properly,Normal, , , , , , , , ,Yes, , , , ,Yes,Yes,Yes, , , ,54,,,58,,1601
-79.33849,43.699545,6607916,1224926,2011,2011-03-28T04:00:00.000Z,1555,15,DON VALLEY PARKWAY  N,DON MILLS Road, ,Expressway,Toronto and East York,43.699545,-79.33849,Mid-Block, ,No Control,Clear,Daylight,Dry,Non-Fatal Injury,Rear End,Passenger,20 to 24,Minimal,0, ,Other, , , , , , , , , , , ,Yes, , , , ,Yes,Yes,Yes, , , ,54,,,58,,1602
-79.33849,43.699545,6607917,1224926,2011,2011-03-28T04:00:00.000Z,1555,15,DON VALLEY PARKWAY  N,DON MILLS Road, ,Expressway,Toronto and East York,43.699545,-79.33849,Mid-Block, ,No Control,Clear,Daylight,Dry,Non-Fatal Injury,Rear End,Driver,20 to 24,Minimal,0,North,"Automobile, Station Wagon",Going Ahead,Speed too Fast For Condition,Normal, , , , , , , , ,Yes, , , , ,Yes,Yes,Yes, , , ,54,,,58,,1603
-79.274471,43.721755,80976487,8002209662,2018,2018-12-01T05:00:00.000Z,1555,15,BIRCHMOUNT  RD,FOXRIDGE DR, ,Minor Arterial,Scarborough,43.721755,-79.274471,Intersection,At Intersection,Traffic Signal,Clear,Daylight,Dry,Non-Fatal Injury,Turning Movement,Driver,15 to 19,Major,0,North,"Automobile, Station Wagon",Going Ahead,Exceeding Speed Limit,Unknown, , , , , , , , ,Yes, , , , ,Yes,Yes,Yes, , , ,41,,,124,,1604
-79.274471,43.721755,80976488,8002209662,2018,2018-12-01T05:00:00.000Z,1555,15,BIRCHMOUNT  RD,FOXRIDGE DR, ,Minor Arterial,Scarborough,43.721755,-79.274471,Intersection,At Intersection,Traffic Signal,Clear,Daylight,Dry,Non-Fatal Injury,Turning Movement,Driver,70 to 74,Minimal,0,South,"Automobile, Station Wagon",Turning Left,Improper Turn,Normal, , , , , , , , ,Yes, , , , ,Yes,Yes,Yes, , , ,41,,,124,,1605
-79.274471,43.721755,80976489,8002209662,2018,2018-12-01T05:00:00.000Z,1555,15,BIRCHMOUNT  RD,FOXRIDGE DR, ,Minor Arterial,Scarborough,43.721755,-79.274471,Intersection,At Intersection,Traffic Signal,Clear,Daylight,Dry,Non-Fatal Injury,Turning Movement,Passenger,15 to 19,Major,0, , , , , , , , , , , , , ,Yes, , , , ,Yes,Yes,Yes, , , ,41,,,124,,1606
-79.274471,43.721755,80976490,8002209662,2018,2018-12-01T05:00:00.000Z,1555,15,BIRCHMOUNT  RD,FOXRIDGE DR, ,Minor Arterial,Scarborough,43.721755,-79.274471,Intersection,At Intersection,Traffic Signal,Clear,Daylight,Dry,Non-Fatal Injury,Turning Movement,Passenger,15 to 19,Minor,0, , , , , , , , , , , , , ,Yes, , , , ,Yes,Yes,Yes, , , ,41,,,124,,1607
-79.274471,43.721755,80976491,8002209662,2018,2018-12-01T05:00:00.000Z,1555,15,BIRCHMOUNT  RD,FOXRIDGE DR, ,Minor Arterial,Scarborough,43.721755,-79.274471,Intersection,At Intersection,Traffic Signal,Clear,Daylight,Dry,Non-Fatal Injury,Turning Movement,Passenger,55 to 59,Major,0, , , , , , , , , , , , , ,Yes, , , , ,Yes,Yes,Yes, , , ,41,,,124,,1608
-79.41509,43.644945,7815290,1354807,2013,2013-04-12T04:00:00.000Z,1600,16,CRAWFORD ST,QUEEN ST W, ,Major Arterial,Toronto and East York,43.644945,-79.41509,Intersection,At Intersection,Stop Sign,Rain,Daylight,Wet,Non-Fatal Injury,Turning Movement,Driver,25 to 29,Major,0,East,"Automobile, Station Wagon",Going Ahead,Speed too Fast For Condition,Normal, , , , , , , , ,Yes, , , , , ,Yes,Yes, , , ,14,,,82,,1609
-79.41509,43.644945,7815291,1354807,2013,2013-04-12T04:00:00.000Z,1600,16,CRAWFORD ST,QUEEN ST W, ,Major Arterial,Toronto and East York,43.644945,-79.41509,Intersection,At Intersection,Stop Sign,Rain,Daylight,Wet,Non-Fatal Injury,Turning Movement,Driver,20 to 24,Minimal,0,North,"Automobile, Station Wagon",Turning Left,Failed to Yield Right of Way,Normal, , , , , , , , ,Yes, , , , , ,Yes,Yes, , , ,14,,,82,,1610
-79.33009,43.723145,7525935,1337045,2012,2012-12-02T05:00:00.000Z,1603,16,EGLINTON AVE E,DON VALLEY PARKWAY  N, ,Expressway,North York,43.723145,-79.33009,Intersection, ,No Control,Rain,"Dark, artificial",Wet,Non-Fatal Injury,SMV Other,Passenger,5 to 9,Minor,0, ,Other, , , , , , , , , , , ,Yes, , , , ,Yes,Yes,Yes, , , ,"33,54",,,44,,1611
-79.33009,43.723145,7525936,1337045,2012,2012-12-02T05:00:00.000Z,1603,16,EGLINTON AVE E,DON VALLEY PARKWAY  N, ,Expressway,North York,43.723145,-79.33009,Intersection, ,No Control,Rain,"Dark, artificial",Wet,Non-Fatal Injury,SMV Other,Passenger,5 to 9,Minor,0, ,Other, , , , , , , , , , , ,Yes, , , , ,Yes,Yes,Yes, , , ,"33,54",,,44,,1612
-79.33009,43.723145,7525937,1337045,2012,2012-12-02T05:00:00.000Z,1603,16,EGLINTON AVE E,DON VALLEY PARKWAY  N, ,Expressway,North York,43.723145,-79.33009,Intersection, ,No Control,Rain,"Dark, artificial",Wet,Non-Fatal Injury,SMV Other,Passenger,10 to 14,Major,0, ,Other, , , , , , , , , , , ,Yes, , , , ,Yes,Yes,Yes, , , ,"33,54",,,44,,1613
-79.33009,43.723145,7525938,1337045,2012,2012-12-02T05:00:00.000Z,1603,16,EGLINTON AVE E,DON VALLEY PARKWAY  N, ,Expressway,North York,43.723145,-79.33009,Intersection, ,No Control,Rain,"Dark, artificial",Wet,Non-Fatal Injury,SMV Other,Passenger,40 to 44,Minimal,0, ,Other, , , , , , , , , , , ,Yes, , , , ,Yes,Yes,Yes, , , ,"33,54",,,44,,1614
-79.33009,43.723145,7525939,1337045,2012,2012-12-02T05:00:00.000Z,1603,16,EGLINTON AVE E,DON VALLEY PARKWAY  N, ,Expressway,North York,43.723145,-79.33009,Intersection, ,No Control,Rain,"Dark, artificial",Wet,Non-Fatal Injury,SMV Other,Driver,50 to 54,Major,0,South,"Automobile, Station Wagon",Turning Right,Speed too Fast For Condition,Inattentive, , , , , , , , ,Yes, , , , ,Yes,Yes,Yes, , , ,"33,54",,,44,,1615
-79.33009,43.723145,7525940,1337045,2012,2012-12-02T05:00:00.000Z,1603,16,EGLINTON AVE E,DON VALLEY PARKWAY  N, ,Expressway,North York,43.723145,-79.33009,Intersection, ,No Control,Rain,"Dark, artificial",Wet,Non-Fatal Injury,SMV Other,Other Property Owner,unknown, ,0, ,Other, , , , , , , , , , , ,Yes, , , , ,Yes,Yes,Yes, , , ,"33,54",,,44,,1616
-79.574611,43.728068,80632102,6001416564,2016,2016-08-11T04:00:00.000Z,1603,16,WESTHUMBER BLVD,KIPLING AVE, ,Major Arterial,Etobicoke York,43.728068,-79.574611,Intersection,At Intersection,Traffic Signal,Clear,Daylight,Dry,Non-Fatal Injury,Pedestrian Collisions,Driver,45 to 49,None,0,North,"Automobile, Station Wagon",Turning Left,Failed to Yield Right of Way,Normal, , , , , , ,Yes, ,Yes, , , , ,Yes,Yes,Yes, , , ,23,,,4,,1617
-79.574611,43.728068,80632103,6001416564,2016,2016-08-11T04:00:00.000Z,1603,16,WESTHUMBER BLVD,KIPLING AVE, ,Major Arterial,Etobicoke York,43.728068,-79.574611,Intersection,At Intersection,Traffic Signal,Clear,Daylight,Dry,Non-Fatal Injury,Pedestrian Collisions,Driver,20 to 24,None,0,South,"Automobile, Station Wagon",Going Ahead,Speed too Fast For Condition,Normal, , , , , , ,Yes, ,Yes, , , , ,Yes,Yes,Yes, , , ,23,,,4,,1618
-79.574611,43.728068,80632104,6001416564,2016,2016-08-11T04:00:00.000Z,1603,16,WESTHUMBER BLVD,KIPLING AVE, ,Major Arterial,Etobicoke York,43.728068,-79.574611,Intersection,At Intersection,Traffic Signal,Clear,Daylight,Dry,Non-Fatal Injury,Pedestrian Collisions,Passenger,5 to 9,None,0, , , , , , , , , , , ,Yes, ,Yes, , , , ,Yes,Yes,Yes, , , ,23,,,4,,1619
-79.574611,43.728068,80632105,6001416564,2016,2016-08-11T04:00:00.000Z,1603,16,WESTHUMBER BLVD,KIPLING AVE, ,Major Arterial,Etobicoke York,43.728068,-79.574611,Intersection,At Intersection,Traffic Signal,Clear,Daylight,Dry,Non-Fatal Injury,Pedestrian Collisions,Pedestrian,25 to 29,Major,0,Unknown, , , , ,Pedestrian hit on sidewalk or shoulder,On Sidewalk or Shoulder,Normal, , , ,Yes, ,Yes, , , , ,Yes,Yes,Yes, , , ,23,,,4,,1620