X,Y,Index_,ACCNUM,YEAR,DATE,TIME,Hour,STREET1,STREET2,OFFSET,ROAD_CLASS,District,LATITUDE,LONGITUDE,LOCCOORD,ACCLOC,TRAFFCTL,VISIBILITY,LIGHT,RDSFCOND,ACCLASS,IMPACTYPE,INVTYPE,INVAGE,INJURY,FATAL_NO,INITDIR,VEHTYPE,MANOEUVER,DRIVACT,DRIVCOND,PEDTYPE,PEDACT,PEDCOND,CYCLISTYPE,CYCACT,CYCCOND,PEDESTRIAN,CYCLIST,AUTOMOBILE,MOTORCYCLE,TRUCK,TRSN_CITY_,EMERG_VEH,PASSENGER,SPEEDING,AG_DRIV,REDLIGHT,ALCOHOL,DISABILITY,Division,Ward_Name,Ward_ID,Hood_ID,Hood_Name,ObjectId
-79.574611,43.728068,80632106,6001416564,2016,2016-08-11T04:00:00.000Z,1603,16,WESTHUMBER BLVD,KIPLING AVE, ,Major Arterial,Etobicoke York,43.728068,-79.574611,Intersection,At Intersection,Traffic Signal,Clear,Daylight,Dry,Non-Fatal Injury,Pedestrian Collisions,Pedestrian,25 to 29,Minor,0,Unknown, , , , ,Pedestrian hit on sidewalk or shoulder,On Sidewalk or Shoulder,Normal, , , ,Yes, ,Yes, , , , ,Yes,Yes,Yes, , , ,23,,,4,,1621
-79.28949,43.686245,6681294,1256431,2011,2011-08-03T04:00:00.000Z,1604,16,GERRARD Stre E,SCARBOROUGH Road, ,Minor Arterial,Toronto and East York,43.686245,-79.28949,Intersection,At Intersection,Stop Sign,Clear,Daylight,Dry,Non-Fatal Injury,Turning Movement,Passenger,55 to 59,Minimal,0, ,Other, , , , , , , , , , , ,Yes, , , , ,Yes,Yes,Yes, ,Yes, ,55,,,62,,1622
-79.28949,43.686245,6681295,1256431,2011,2011-08-03T04:00:00.000Z,1604,16,GERRARD Stre E,SCARBOROUGH Road, ,Minor Arterial,Toronto and East York,43.686245,-79.28949,Intersection,At Intersection,Stop Sign,Clear,Daylight,Dry,Non-Fatal Injury,Turning Movement,Passenger,55 to 59,Minimal,0, ,Other, , , , , , , , , , , ,Yes, , , , ,Yes,Yes,Yes, ,Yes, ,55,,,62,,1623
-79.28949,43.686245,6681296,1256431,2011,2011-08-03T04:00:00.000Z,1604,16,GERRARD Stre E,SCARBOROUGH Road, ,Minor Arterial,Toronto and East York,43.686245,-79.28949,Intersection,At Intersection,Stop Sign,Clear,Daylight,Dry,Non-Fatal Injury,Turning Movement,Vehicle Owner,unknown, ,0, ,Other, , , , , , , , , , , ,Yes, , , , ,Yes,Yes,Yes, ,Yes, ,55,,,62,,1624
-79.28949,43.686245,6681297,1256431,2011,2011-08-03T04:00:00.000Z,1604,16,GERRARD Stre E,SCARBOROUGH Road, ,Minor Arterial,Toronto and East York,43.686245,-79.28949,Intersection,At Intersection,Stop Sign,Clear,Daylight,Dry,Non-Fatal Injury,Turning Movement,Driver,35 to 39,None,0,North,"Automobile, Station Wagon",Turning Left,Other,Normal, , , , , , , , ,Yes, , , , ,Yes,Yes,Yes, ,Yes, ,55,,,62,,1625
-79.28949,43.686245,6681298,1256431,2011,2011-08-03T04:00:00.000Z,1604,16,GERRARD Stre E,SCARBOROUGH Road, ,Minor Arterial,Toronto and East York,43.686245,-79.28949,Intersection,At Intersection,Stop Sign,Clear,Daylight,Dry,Non-Fatal Injury,Turning Movement,Vehicle Owner,unknown, ,0, ,Other, , , , , , , , , , , ,Yes, , , , ,Yes,Yes,Yes, ,Yes, ,55,,,62,,1626
-79.28969,43.733045,5439240,1073449,2008,2008-11-08T05:00:00.000Z,1820,18,WARDEN AVE,BERTRAND AVE, ,Major Arterial,Scarborough,43.733045,-79.28969,Intersection,At Intersection,Traffic Signal,Clear,Dark,Wet,Non-Fatal Injury,Turning Movement,Driver,40 to 44,Major,0,North,"Automobile, Station Wagon",Going Ahead,Driving Properly,Normal, , , , , , , , ,Yes, , , , , ,Yes,Yes,Yes, , ,41,,,119,,1627
-79.34238,43.664443,80496654,5000653521,2015,2015-04-20T04:00:00.000Z,1405,14,1159 DUNDAS ST E, ,6 m West of,Minor Arterial,Toronto and East York,43.664443,-79.34238,Mid-Block,Non Intersection,No Control,Clear,Daylight,Dry,Fatal,Pedestrian Collisions,Driver,60 to 64,None,0,East,Pick Up Truck,Going Ahead,Driving Properly,Normal, , , , , , ,Yes, ,Yes, , , , ,Yes,Yes,Yes, , , ,55,,,70,,1628
-79.226131,43.805629,80928387,8000165108,2018,2018-01-26T05:00:00.000Z,2055,20,TAPSCOTT RD,MCLEVIN AV,65 m East of,Minor Arterial,Scarborough,43.805629,-79.226131,Mid-Block,Non Intersection,Traffic Signal,Clear,"Dark, artificial",Dry,Non-Fatal Injury,Approaching,Driver,35 to 39,Minor,0,East,"Automobile, Station Wagon",Going Ahead,Driving Properly,Normal, , , , , , , , ,Yes, , , , ,Yes,Yes,Yes, ,Yes, ,42,,,132,,1629
-79.413181,43.776915,80511389,5000643015,2015,2015-04-18T04:00:00.000Z,1724,17,BYNG AVE,DORIS AVE, ,Minor Arterial,North York,43.776915,-79.413181,Intersection,Non Intersection,Traffic Signal,Clear,Daylight,Dry,Non-Fatal Injury,Turning Movement,Motorcycle Driver,20 to 24,None,0,North,Motorcycle,Going Ahead,Exceeding Speed Limit,Normal, , , , , , , , ,Yes,Yes, , , ,Yes,Yes,Yes, , , ,32,,,51,,1630
-79.34238,43.664443,80496655,5000653521,2015,2015-04-20T04:00:00.000Z,1405,14,1159 DUNDAS ST E, ,6 m West of,Minor Arterial,Toronto and East York,43.664443,-79.34238,Mid-Block,Non Intersection,No Control,Clear,Daylight,Dry,Fatal,Pedestrian Collisions,Passenger,15 to 19,None,0, , , , , , , , , , , ,Yes, ,Yes, , , , ,Yes,Yes,Yes, , , ,55,,,70,,1631
-79.471584,43.682128,7858562,1373372,2013,2013-06-22T04:00:00.000Z,1820,18,KEELE St,ROGERS Rd, ,Major Arterial,Etobicoke York,43.682128,-79.471584,Intersection,At Intersection,Traffic Signal,Clear,Daylight,Dry,Non-Fatal Injury,SMV Other,Driver,70 to 74,Major,0,East,"Automobile, Station Wagon",Going Ahead,Lost control,Medical or Physical Disability, , , , , , , , ,Yes, , , , , ,Yes,Yes, , ,Yes,12,,,110,,1632
-79.370654,43.671935,80566641,6002114627,2016,2016-11-28T05:00:00.000Z,2153,21,BLOOR ST E,PARLIAMENT ST, ,Major Arterial,Toronto and East York,43.671935,-79.370654,Intersection,At Intersection,Traffic Signal,Clear,Dark,Dry,Fatal,SMV Other,Driver,20 to 24,None,0,East,"Automobile, Station Wagon",Going Ahead,Lost control,"Ability Impaired, Drugs", , , , , , , , ,Yes, , , , ,Yes,Yes,Yes, , , ,"51,53",,,71,,1633
-79.34238,43.664443,80496656,5000653521,2015,2015-04-20T04:00:00.000Z,1405,14,1159 DUNDAS ST E, ,6 m West of,Minor Arterial,Toronto and East York,43.664443,-79.34238,Mid-Block,Non Intersection,No Control,Clear,Daylight,Dry,Fatal,Pedestrian Collisions,Pedestrian,30 to 34,Fatal,19,Unknown, , , , ,Pedestrian hit on sidewalk or shoulder,On Sidewalk or Shoulder,Normal, , , ,Yes, ,Yes, , , , ,Yes,Yes,Yes, , , ,55,,,70,,1634
-79.471584,43.682128,7858563,1373372,2013,2013-06-22T04:00:00.000Z,1820,18,KEELE St,ROGERS Rd, ,Major Arterial,Etobicoke York,43.682128,-79.471584,Intersection,At Intersection,Traffic Signal,Clear,Daylight,Dry,Non-Fatal Injury,SMV Other,Other Property Owner,unknown, ,0, ,Other, , , , , , , , , , , ,Yes, , , , , ,Yes,Yes, , ,Yes,12,,,110,,1635
-79.370654,43.671935,80566642,6002114627,2016,2016-11-28T05:00:00.000Z,2153,21,BLOOR ST E,PARLIAMENT ST, ,Major Arterial,Toronto and East York,43.671935,-79.370654,Intersection,At Intersection,Traffic Signal,Clear,Dark,Dry,Fatal,SMV Other,Passenger,25 to 29,Fatal,74, , , , , , , , , , , , , ,Yes, , , , ,Yes,Yes,Yes, , , ,"51,53",,,71,,1636
-79.226131,43.805629,80928388,8000165108,2018,2018-01-26T05:00:00.000Z,2055,20,TAPSCOTT RD,MCLEVIN AV,65 m East of,Minor Arterial,Scarborough,43.805629,-79.226131,Mid-Block,Non Intersection,Traffic Signal,Clear,"Dark, artificial",Dry,Non-Fatal Injury,Approaching,Driver,35 to 39,Major,0,West,"Automobile, Station Wagon",Going Ahead,Lost control,"Ability Impaired, Alcohol", , , , , , , , ,Yes, , , , ,Yes,Yes,Yes, ,Yes, ,42,,,132,,1637
-79.413181,43.776915,80511390,5000643015,2015,2015-04-18T04:00:00.000Z,1724,17,BYNG AVE,DORIS AVE, ,Minor Arterial,North York,43.776915,-79.413181,Intersection,Non Intersection,Traffic Signal,Clear,Daylight,Dry,Non-Fatal Injury,Turning Movement,Passenger,70 to 74,Minor,0, , , , , , , , , , , , , ,Yes,Yes, , , ,Yes,Yes,Yes, , , ,32,,,51,,1638
-79.370654,43.671935,80566643,6002114627,2016,2016-11-28T05:00:00.000Z,2153,21,BLOOR ST E,PARLIAMENT ST, ,Major Arterial,Toronto and East York,43.671935,-79.370654,Intersection,At Intersection,Traffic Signal,Clear,Dark,Dry,Fatal,SMV Other,Passenger,20 to 24,Minor,0, , , , , , , , , , , , , ,Yes, , , , ,Yes,Yes,Yes, , , ,"51,53",,,71,,1639
-79.518886,43.762446,7807812,1351471,2013,2013-04-12T04:00:00.000Z,2056,20,JANE ST,STONG CRT, ,Major Arterial,Etobicoke York,43.762446,-79.518886,Mid-Block, ,No Control,Rain,"Dark, artificial",Wet,Fatal,Pedestrian Collisions,Driver,35 to 39,None,0,North,"Automobile, Station Wagon",Going Ahead,Exceeding Speed Limit,Inattentive, , , , , , ,Yes, ,Yes, , , , , ,Yes,Yes, , , ,31,,,24,,1640
-79.518886,43.762446,7807813,1351471,2013,2013-04-12T04:00:00.000Z,2056,20,JANE ST,STONG CRT, ,Major Arterial,Etobicoke York,43.762446,-79.518886,Mid-Block, ,No Control,Rain,"Dark, artificial",Wet,Fatal,Pedestrian Collisions,Pedestrian,50 to 54,Fatal,9,West, , , , ,Pedestrian hit at mid-block,"Crossing, no Traffic Control",Unknown, , , ,Yes, ,Yes, , , , , ,Yes,Yes, , , ,31,,,24,,1641
-79.430408,43.660933,80000141,5000912141,2015,2015-05-31T04:00:00.000Z,2104,21,BLOOR ST W,WESTMORELAND AVE, ,Major Arterial,Toronto and East York,43.660933,-79.430408,Intersection, ,No Control,Rain,Dusk,Wet,Fatal,Pedestrian Collisions,Pedestrian,35 to 39,Fatal,25,South, , , , ,Pedestrian hit at mid-block,"Crossing, no Traffic Control",Normal, , , ,Yes, ,Yes, , , , , ,Yes,Yes, , , ,14,,,83,,1642
-79.430408,43.660933,80000142,5000912141,2015,2015-05-31T04:00:00.000Z,2104,21,BLOOR ST W,WESTMORELAND AVE, ,Major Arterial,Toronto and East York,43.660933,-79.430408,Intersection, ,No Control,Rain,Dusk,Wet,Fatal,Pedestrian Collisions,Driver,unknown,None,0,West,"Automobile, Station Wagon",Going Ahead,Speed too Fast For Condition,Unknown, , , , , , ,Yes, ,Yes, , , , , ,Yes,Yes, , , ,14,,,83,,1643
-79.284488,43.792746,7835426,1363537,2013,2013-07-03T04:00:00.000Z,2105,21,98 HAVENDALE RD, , ,Collector,Scarborough,43.792746,-79.284488,Mid-Block, ,No Control,Clear,Dark,Dry,Fatal,SMV Other,Motorcycle Driver,25 to 29,Fatal,18,West,Motorcycle,Going Ahead,Lost control,Unknown, , , , , , , , ,Yes,Yes, , , , ,Yes,Yes, , , ,42,,,128,,1644
-79.284488,43.792746,7835427,1363537,2013,2013-07-03T04:00:00.000Z,2105,21,98 HAVENDALE RD, , ,Collector,Scarborough,43.792746,-79.284488,Mid-Block, ,No Control,Clear,Dark,Dry,Fatal,SMV Other,Other,unknown,None,0,Unknown,"Automobile, Station Wagon",Parked, , , , , , , , , , ,Yes,Yes, , , , ,Yes,Yes, , , ,42,,,128,,1645
-79.284488,43.792746,7835428,1363537,2013,2013-07-03T04:00:00.000Z,2105,21,98 HAVENDALE RD, , ,Collector,Scarborough,43.792746,-79.284488,Mid-Block, ,No Control,Clear,Dark,Dry,Fatal,SMV Other, ,unknown, ,0, , , , , , , , , , , , , ,Yes,Yes, , , , ,Yes,Yes, , , ,42,,,128,,1646
-79.448924,43.637873,80725090,6002203625,2016,2016-12-12T05:00:00.000Z,2106,21,LAKE SHORE BLVD W,PARKSIDE DR,500 m East of,Major Arterial,Toronto and East York,43.637873,-79.448924,Mid-Block,Non Intersection,No Control,Clear,"Dark, artificial",Dry,Non-Fatal Injury,SMV Other,Driver,30 to 34,Major,0,East,"Automobile, Station Wagon",Going Ahead,Lost control,Unknown, , , , , , , , ,Yes, , , , , ,Yes,Yes, , , ,11,,,85,,1647
-79.328357,43.729285,80768872,6002127930,2016,2016-11-30T05:00:00.000Z,2106,21,CONCORDE GT,CONCORDE PL,300 m East of,Collector,North York,43.729285,-79.328357,Intersection,At/Near Private Drive,No Control,Rain,"Dark, artificial",Wet,Non-Fatal Injury,Pedestrian Collisions,Driver,35 to 39,None,0,West,"Automobile, Station Wagon",Going Ahead,Speed too Fast For Condition,Normal, , , , , , ,Yes, ,Yes, , , , , ,Yes,Yes, , , ,33,,,42,,1648
-79.328357,43.729285,80768873,6002127930,2016,2016-11-30T05:00:00.000Z,2106,21,CONCORDE GT,CONCORDE PL,300 m East of,Collector,North York,43.729285,-79.328357,Intersection,At/Near Private Drive,No Control,Rain,"Dark, artificial",Wet,Non-Fatal Injury,Pedestrian Collisions,Pedestrian,65 to 69,Major,0,North, , , , ,Vehicle is going straight thru inter.while ped cross without ROW,Crossing without right of way,Normal, , , ,Yes, ,Yes, , , , , ,Yes,Yes, , , ,33,,,42,,1649
-79.583576,43.660464,80000027,142041479,2014,2014-05-08T04:00:00.000Z,2108,21,RENFORTH DR,ERINGATE DR, ,Minor Arterial,Etobicoke York,43.660464,-79.583576,Mid-Block, ,No Control,Clear,"Dusk, artificial",Dry,Fatal,Turning Movement,Motorcycle Driver,20 to 24,Fatal,8,North,Motorcycle,Going Ahead,Exceeding Speed Limit,Unknown, , , , , , , , ,Yes,Yes, , , , ,Yes,Yes, , , ,22,,,11,,1650
-79.46649,43.682045,5313832,1017137,2008,2008-01-25T05:00:00.000Z,1823,18,ROGERS RD,KANE AVE, ,Minor Arterial,Toronto and East York,43.682045,-79.46649,Intersection, ,Stop Sign,Clear,Dark,Dry,Fatal,Angle,Passenger,55 to 59,Minor,0, ,Other, , , , , , , , , , , ,Yes, , , , ,Yes,Yes,Yes, , , ,12,,,110,,1651
-79.469394,43.722506,80775506,7000452997,2017,2017-03-13T04:00:00.000Z,1405,14,CALEDONIA RD,BRIDGELAND AVE,176 m South of,Minor Arterial,North York,43.722506,-79.469394,Mid-Block,Non Intersection,No Control,Snow,Daylight,Wet,Non-Fatal Injury,Rear End,Driver,30 to 34,None,0,South,"Automobile, Station Wagon",Going Ahead,Speed too Fast For Condition,Inattentive, , , , , , , , ,Yes, , , , , ,Yes,Yes, , , ,32,,,31,,1652
-79.583576,43.660464,8000011,142041479,2014,2014-05-08T04:00:00.000Z,2108,21,RENFORTH DR,ERINGATE DR, ,Minor Arterial,Etobicoke York,43.660464,-79.583576,Mid-Block, ,No Control,Clear,"Dusk, artificial",Dry,Fatal,Turning Movement,Driver,25 to 29,None,0,South,"Automobile, Station Wagon",Turning Left,Improper Turn,Normal, , , , , , , , ,Yes,Yes, , , , ,Yes,Yes, , , ,22,,,11,,1653
-79.17929,43.774645,5389224,1051391,2008,2008-08-01T04:00:00.000Z,2110,21,KINGSTON RD,ORCHARD PARK DR, ,Major Arterial,Scarborough,43.774645,-79.17929,Intersection, ,Stop Sign,Clear,Dark,Dry,Non-Fatal Injury,Pedestrian Collisions,Driver,15 to 19,None,0,West,"Automobile, Station Wagon",Going Ahead,Speed too Fast For Condition,"Ability Impaired, Alcohol", , , , , , ,Yes, ,Yes, , , , ,Yes,Yes,Yes, ,Yes, ,43,,,136,,1654
-79.17929,43.774645,5389225,1051391,2008,2008-08-01T04:00:00.000Z,2110,21,KINGSTON RD,ORCHARD PARK DR, ,Major Arterial,Scarborough,43.774645,-79.17929,Intersection, ,Stop Sign,Clear,Dark,Dry,Non-Fatal Injury,Pedestrian Collisions,Pedestrian,15 to 19,None,0,North,Other, , , ,Vehicle is going straight thru inter.while ped cross without ROW,"Crossing, no Traffic Control",Normal, , , ,Yes, ,Yes, , , , ,Yes,Yes,Yes, ,Yes, ,43,,,136,,1655
-79.17929,43.774645,5389226,1051391,2008,2008-08-01T04:00:00.000Z,2110,21,KINGSTON RD,ORCHARD PARK DR, ,Major Arterial,Scarborough,43.774645,-79.17929,Intersection, ,Stop Sign,Clear,Dark,Dry,Non-Fatal Injury,Pedestrian Collisions,Passenger,15 to 19,None,0, ,Other, , , , , , , , , ,Yes, ,Yes, , , , ,Yes,Yes,Yes, ,Yes, ,43,,,136,,1656
-79.17929,43.774645,5389227,1051391,2008,2008-08-01T04:00:00.000Z,2110,21,KINGSTON RD,ORCHARD PARK DR, ,Major Arterial,Scarborough,43.774645,-79.17929,Intersection, ,Stop Sign,Clear,Dark,Dry,Non-Fatal Injury,Pedestrian Collisions,Pedestrian,40 to 44,Major,0,North,Other, , , ,Vehicle is going straight thru inter.while ped cross without ROW,"Crossing, no Traffic Control",Normal, , , ,Yes, ,Yes, , , , ,Yes,Yes,Yes, ,Yes, ,43,,,136,,1657
-79.265743,43.753573,80885800,7000787795,2017,2017-05-04T04:00:00.000Z,2110,21,MIDLAND AVE,TREEWOOD ST,3 m West of,Major Arterial,Scarborough,43.753573,-79.265743,Intersection,At Intersection,No Control,Rain,"Dark, artificial",Wet,Non-Fatal Injury,Approaching,Passenger,0 to 4,Minor,0, , , , , , , , , , , , , ,Yes, , , , ,Yes,Yes,Yes, , ,Yes,41,,,127,,1658
-79.265743,43.753573,80885801,7000787795,2017,2017-05-04T04:00:00.000Z,2110,21,MIDLAND AVE,TREEWOOD ST,3 m West of,Major Arterial,Scarborough,43.753573,-79.265743,Intersection,At Intersection,No Control,Rain,"Dark, artificial",Wet,Non-Fatal Injury,Approaching,Passenger,25 to 29,Major,0, , , , , , , , , , , , , ,Yes, , , , ,Yes,Yes,Yes, , ,Yes,41,,,127,,1659
-79.265743,43.753573,80885802,7000787795,2017,2017-05-04T04:00:00.000Z,2110,21,MIDLAND AVE,TREEWOOD ST,3 m West of,Major Arterial,Scarborough,43.753573,-79.265743,Intersection,At Intersection,No Control,Rain,"Dark, artificial",Wet,Non-Fatal Injury,Approaching,Driver,40 to 44,Minor,0,North,"Automobile, Station Wagon",Going Ahead,Driving Properly,Normal, , , , , , , , ,Yes, , , , ,Yes,Yes,Yes, , ,Yes,41,,,127,,1660
-79.265743,43.753573,80885803,7000787795,2017,2017-05-04T04:00:00.000Z,2110,21,MIDLAND AVE,TREEWOOD ST,3 m West of,Major Arterial,Scarborough,43.753573,-79.265743,Intersection,At Intersection,No Control,Rain,"Dark, artificial",Wet,Non-Fatal Injury,Approaching,Driver,65 to 69,Major,0,South,"Automobile, Station Wagon",Going Ahead,Other,Medical or Physical Disability, , , , , , , , ,Yes, , , , ,Yes,Yes,Yes, , ,Yes,41,,,127,,1661
-79.31209,43.793645,6266218,1215424,2010,2010-12-15T05:00:00.000Z,2115,21,1251 BRIDLETOWNE Circ, , ,Collector,Scarborough,43.793645,-79.31209,Intersection, ,Pedestrian Crossover,Snow,Dark,Wet,Non-Fatal Injury,SMV Other,Driver,40 to 44,Major,0,North,"Automobile, Station Wagon",Going Ahead,Speed too Fast For Condition,"Ability Impaired, Alcohol", , , , , , , , ,Yes, , , , , ,Yes,Yes, ,Yes, ,42,,,117,,1662
-79.31209,43.793645,6266219,1215424,2010,2010-12-15T05:00:00.000Z,2115,21,1251 BRIDLETOWNE Circ, , ,Collector,Scarborough,43.793645,-79.31209,Intersection, ,Pedestrian Crossover,Snow,Dark,Wet,Non-Fatal Injury,SMV Other,Other Property Owner,unknown, ,0, ,Other, , , , , , , , , , , ,Yes, , , , , ,Yes,Yes, ,Yes, ,42,,,117,,1663
-79.307475,43.801058,80493393,5002012379,2015,2015-11-23T05:00:00.000Z,2119,21,3030 BIRCHMOUNT RD, ,10 m East of,Major Arterial,Scarborough,43.801058,-79.307475,Mid-Block,Non Intersection,No Control,Snow,Dark,Wet,Non-Fatal Injury,Approaching,Driver,25 to 29,Minor,0,South,"Automobile, Station Wagon",Going Ahead,Speed too Fast For Condition,Unknown, , , , , , , , ,Yes, , , , ,Yes,Yes,Yes, , , ,42,,,117,,1664
-79.307475,43.801058,80493394,5002012379,2015,2015-11-23T05:00:00.000Z,2119,21,3030 BIRCHMOUNT RD, ,10 m East of,Major Arterial,Scarborough,43.801058,-79.307475,Mid-Block,Non Intersection,No Control,Snow,Dark,Wet,Non-Fatal Injury,Approaching,Driver,40 to 44,Minor,0,North,"Automobile, Station Wagon",Going Ahead,Driving Properly,Normal, , , , , , , , ,Yes, , , , ,Yes,Yes,Yes, , , ,42,,,117,,1665
-79.307475,43.801058,80493395,5002012379,2015,2015-11-23T05:00:00.000Z,2119,21,3030 BIRCHMOUNT RD, ,10 m East of,Major Arterial,Scarborough,43.801058,-79.307475,Mid-Block,Non Intersection,No Control,Snow,Dark,Wet,Non-Fatal Injury,Approaching,Driver,45 to 49,Minor,0,North,"Automobile, Station Wagon",Going Ahead,Driving Properly,Normal, , , , , , , , ,Yes, , , , ,Yes,Yes,Yes, , , ,42,,,117,,1666
-79.307475,43.801058,80493396,5002012379,2015,2015-11-23T05:00:00.000Z,2119,21,3030 BIRCHMOUNT RD, ,10 m East of,Major Arterial,Scarborough,43.801058,-79.307475,Mid-Block,Non Intersection,No Control,Snow,Dark,Wet,Non-Fatal Injury,Approaching,Passenger,25 to 29,Minor,0, , , , , , , , , , , , , ,Yes, , , , ,Yes,Yes,Yes, , , ,42,,,117,,1667
-79.307475,43.801058,80493397,5002012379,2015,2015-11-23T05:00:00.000Z,2119,21,3030 BIRCHMOUNT RD, ,10 m East of,Major Arterial,Scarborough,43.801058,-79.307475,Mid-Block,Non Intersection,No Control,Snow,Dark,Wet,Non-Fatal Injury,Approaching,Passenger,0 to 4,Major,0, , , , , , , , , , , , , ,Yes, , , , ,Yes,Yes,Yes, , , ,42,,,117,,1668
-79.38869,43.769345,5860334,1119631,2009,2009-07-01T04:00:00.000Z,2120,21,BAYVIEW AVE,BAYVIEW MEWS LANE, ,Major Arterial,North York,43.769345,-79.38869,Intersection,At Intersection,Traffic Signal,Clear,Dark,Dry,Non-Fatal Injury,Pedestrian Collisions,Vehicle Owner,unknown, ,0, ,Other, , , , , , , , , ,Yes, ,Yes, , , , ,Yes,Yes,Yes,Yes, , ,"33,32",,,51,,1669
-79.38869,43.769345,5860335,1119631,2009,2009-07-01T04:00:00.000Z,2120,21,BAYVIEW AVE,BAYVIEW MEWS LANE, ,Major Arterial,North York,43.769345,-79.38869,Intersection,At Intersection,Traffic Signal,Clear,Dark,Dry,Non-Fatal Injury,Pedestrian Collisions,Driver,65 to 69,None,0,South,"Automobile, Station Wagon",Turning Left,Failed to Yield Right of Way,Normal, , , , , , ,Yes, ,Yes, , , , ,Yes,Yes,Yes,Yes, , ,"33,32",,,51,,1670
-79.38869,43.769345,5860336,1119631,2009,2009-07-01T04:00:00.000Z,2120,21,BAYVIEW AVE,BAYVIEW MEWS LANE, ,Major Arterial,North York,43.769345,-79.38869,Intersection,At Intersection,Traffic Signal,Clear,Dark,Dry,Non-Fatal Injury,Pedestrian Collisions,Passenger,20 to 24,Minimal,0, ,Other, , , , , , , , , ,Yes, ,Yes, , , , ,Yes,Yes,Yes,Yes, , ,"33,32",,,51,,1671
-79.38869,43.769345,5860337,1119631,2009,2009-07-01T04:00:00.000Z,2120,21,BAYVIEW AVE,BAYVIEW MEWS LANE, ,Major Arterial,North York,43.769345,-79.38869,Intersection,At Intersection,Traffic Signal,Clear,Dark,Dry,Non-Fatal Injury,Pedestrian Collisions,Driver,20 to 24,None,0,North,"Automobile, Station Wagon",Going Ahead,Disobeyed Traffic Control,Normal, , , , , , ,Yes, ,Yes, , , , ,Yes,Yes,Yes,Yes, , ,"33,32",,,51,,1672
-79.38869,43.769345,5860338,1119631,2009,2009-07-01T04:00:00.000Z,2120,21,BAYVIEW AVE,BAYVIEW MEWS LANE, ,Major Arterial,North York,43.769345,-79.38869,Intersection,At Intersection,Traffic Signal,Clear,Dark,Dry,Non-Fatal Injury,Pedestrian Collisions,Other Property Owner,unknown, ,0, ,Other, , , , , , , , , ,Yes, ,Yes, , , , ,Yes,Yes,Yes,Yes, , ,"33,32",,,51,,1673
-79.38869,43.769345,5860339,1119631,2009,2009-07-01T04:00:00.000Z,2120,21,BAYVIEW AVE,BAYVIEW MEWS LANE, ,Major Arterial,North York,43.769345,-79.38869,Intersection,At Intersection,Traffic Signal,Clear,Dark,Dry,Non-Fatal Injury,Pedestrian Collisions,Pedestrian,50 to 54,Major,0, ,Other, , , ,Pedestrian hit on sidewalk or shoulder,On Sidewalk or Shoulder,Normal, , , ,Yes, ,Yes, , , , ,Yes,Yes,Yes,Yes, , ,"33,32",,,51,,1674
-79.48209,43.726645,7848510,1368998,2013,2013-06-09T04:00:00.000Z,2122,21,KEELE ST,WILSON AVE, ,Major Arterial,North York,43.726645,-79.48209,Intersection,At Intersection,Traffic Signal,Clear,"Dark, artificial",Dry,Non-Fatal Injury,Turning Movement,Motorcycle Driver,20 to 24,Major,0,North,Motorcycle,Going Ahead,Driving Properly,Normal, , , , , , , , ,Yes,Yes, , , ,Yes,Yes,Yes, , , ,31,,,26,,1675
-79.48209,43.726645,7848511,1368998,2013,2013-06-09T04:00:00.000Z,2122,21,KEELE ST,WILSON AVE, ,Major Arterial,North York,43.726645,-79.48209,Intersection,At Intersection,Traffic Signal,Clear,"Dark, artificial",Dry,Non-Fatal Injury,Turning Movement,Passenger,15 to 19,Minimal,0, ,Other, , , , , , , , , , , ,Yes,Yes, , , ,Yes,Yes,Yes, , , ,31,,,26,,1676
-79.48209,43.726645,7848512,1368998,2013,2013-06-09T04:00:00.000Z,2122,21,KEELE ST,WILSON AVE, ,Major Arterial,North York,43.726645,-79.48209,Intersection,At Intersection,Traffic Signal,Clear,"Dark, artificial",Dry,Non-Fatal Injury,Turning Movement,Driver,20 to 24,None,0,South,"Automobile, Station Wagon",Turning Left,Failed to Yield Right of Way,Inattentive, , , , , , , , ,Yes,Yes, , , ,Yes,Yes,Yes, , , ,31,,,26,,1677
-79.36949,43.654545,5397016,1054857,2008,2008-08-23T04:00:00.000Z,2123,21,QUEEN ST E,SHERBOURNE ST, ,Major Arterial,Toronto and East York,43.654545,-79.36949,Intersection,At Intersection,Traffic Signal,Clear,Dark,Dry,Non-Fatal Injury,Pedestrian Collisions,Pedestrian,55 to 59,Major,0,North,Other, , , ,Vehicle is going straight thru inter.while ped cross without ROW,Crossing without right of way,Unknown, , , ,Yes, ,Yes, , , , , ,Yes,Yes, , , ,51,,,73,,1678