X,Y,Index_,ACCNUM,YEAR,DATE,TIME,Hour,STREET1,STREET2,OFFSET,ROAD_CLASS,District,LATITUDE,LONGITUDE,LOCCOORD,ACCLOC,TRAFFCTL,VISIBILITY,LIGHT,RDSFCOND,ACCLASS,IMPACTYPE,INVTYPE,INVAGE,INJURY,FATAL_NO,INITDIR,VEHTYPE,MANOEUVER,DRIVACT,DRIVCOND,PEDTYPE,PEDACT,PEDCOND,CYCLISTYPE,CYCACT,CYCCOND,PEDESTRIAN,CYCLIST,AUTOMOBILE,MOTORCYCLE,TRUCK,TRSN_CITY_,EMERG_VEH,PASSENGER,SPEEDING,AG_DRIV,REDLIGHT,ALCOHOL,DISABILITY,Division,Ward_Name,Ward_ID,Hood_ID,Hood_Name,ObjectId
-79.36949,43.654545,5397017,1054857,2008,2008-08-23T04:00:00.000Z,2123,21,QUEEN ST E,SHERBOURNE ST, ,Major Arterial,Toronto and East York,43.654545,-79.36949,Intersection,At Intersection,Traffic Signal,Clear,Dark,Dry,Non-Fatal Injury,Pedestrian Collisions,Driver,unknown,None,0,West,"Automobile, Station Wagon",Unknown,Exceeding Speed Limit,Unknown, , , , , , ,Yes, ,Yes, , , , , ,Yes,Yes, , , ,51,,,73,,1679
-79.29964,43.800505,80496663,5000656009,2015,2015-04-20T04:00:00.000Z,2123,21,FINCH AVE E,WAYSIDE AVE,10 m East of,Major Arterial,Scarborough,43.800505,-79.29964,Intersection,Intersection Related,Traffic Signal,Clear,"Dark, artificial",Dry,Non-Fatal Injury,Rear End,Driver,35 to 39,Major,0,West,Passenger Van,Going Ahead,Lost control,Normal, , , , , , , , ,Yes, , , , ,Yes,Yes,Yes, ,Yes, ,42,,,117,,1680
-79.29964,43.800505,80496664,5000656009,2015,2015-04-20T04:00:00.000Z,2123,21,FINCH AVE E,WAYSIDE AVE,10 m East of,Major Arterial,Scarborough,43.800505,-79.29964,Intersection,Intersection Related,Traffic Signal,Clear,"Dark, artificial",Dry,Non-Fatal Injury,Rear End,Driver,50 to 54,Minimal,0,West,"Automobile, Station Wagon",Going Ahead,Other,"Ability Impaired, Alcohol Over .08", , , , , , , , ,Yes, , , , ,Yes,Yes,Yes, ,Yes, ,42,,,117,,1681
-79.29964,43.800505,80496665,5000656009,2015,2015-04-20T04:00:00.000Z,2123,21,FINCH AVE E,WAYSIDE AVE,10 m East of,Major Arterial,Scarborough,43.800505,-79.29964,Intersection,Intersection Related,Traffic Signal,Clear,"Dark, artificial",Dry,Non-Fatal Injury,Rear End,Passenger,20 to 24,None,0, , , , , , , , , , , , , ,Yes, , , , ,Yes,Yes,Yes, ,Yes, ,42,,,117,,1682
-79.29964,43.800505,80496666,5000656009,2015,2015-04-20T04:00:00.000Z,2123,21,FINCH AVE E,WAYSIDE AVE,10 m East of,Major Arterial,Scarborough,43.800505,-79.29964,Intersection,Intersection Related,Traffic Signal,Clear,"Dark, artificial",Dry,Non-Fatal Injury,Rear End,Passenger,50 to 54,Minimal,0, , , , , , , , , , , , , ,Yes, , , , ,Yes,Yes,Yes, ,Yes, ,42,,,117,,1683
-79.29964,43.800505,80496667,5000656009,2015,2015-04-20T04:00:00.000Z,2123,21,FINCH AVE E,WAYSIDE AVE,10 m East of,Major Arterial,Scarborough,43.800505,-79.29964,Intersection,Intersection Related,Traffic Signal,Clear,"Dark, artificial",Dry,Non-Fatal Injury,Rear End,Passenger,15 to 19,Minimal,0, , , , , , , , , , , , , ,Yes, , , , ,Yes,Yes,Yes, ,Yes, ,42,,,117,,1684
-79.438464,43.75545,80495632,5002187382,2015,2015-12-21T05:00:00.000Z,2125,21,BATHURST ST,SHEPPARD AVE W, ,Major Arterial,North York,43.75545,-79.438464,Intersection,At Intersection,Traffic Signal,Rain,"Dark, artificial",Wet,Non-Fatal Injury,Pedestrian Collisions,Driver,20 to 24,None,0,North,"Automobile, Station Wagon",Going Ahead,Disobeyed Traffic Control,Unknown, , , , , , ,Yes, ,Yes, , , , , ,Yes,Yes,Yes, , ,32,,,38,,1685
-79.438464,43.75545,80495633,5002187382,2015,2015-12-21T05:00:00.000Z,2125,21,BATHURST ST,SHEPPARD AVE W, ,Major Arterial,North York,43.75545,-79.438464,Intersection,At Intersection,Traffic Signal,Rain,"Dark, artificial",Wet,Non-Fatal Injury,Pedestrian Collisions,Pedestrian,15 to 19,Major,0,West, , , , ,Vehicle is going straight thru inter.while ped cross without ROW,Crossing without right of way,Inattentive, , , ,Yes, ,Yes, , , , , ,Yes,Yes,Yes, , ,32,,,38,,1686
-79.301257,43.763491,80783196,7001757365,2017,2017-09-27T04:00:00.000Z,2125,21,WARDEN AVE,CONTINENTAL PL, ,Major Arterial,Scarborough,43.763491,-79.301257,Intersection,At Intersection,No Control,Clear,Dark,Dry,Fatal,Pedestrian Collisions,Driver,unknown,None,0,South,"Automobile, Station Wagon",Unknown,Other,Unknown, , , , , , ,Yes, ,Yes, , , , , ,Yes,Yes, , , ,41,,,119,,1687
-79.301257,43.763491,80783197,7001757365,2017,2017-09-27T04:00:00.000Z,2125,21,WARDEN AVE,CONTINENTAL PL, ,Major Arterial,Scarborough,43.763491,-79.301257,Intersection,At Intersection,No Control,Clear,Dark,Dry,Fatal,Pedestrian Collisions,Pedestrian,30 to 34,Fatal,43,East, , , , ,Vehicle is going straight thru inter.while ped cross without ROW,"Crossing, no Traffic Control",Unknown, , , ,Yes, ,Yes, , , , , ,Yes,Yes, , , ,41,,,119,,1688
-79.301257,43.763491,80783198,7001757365,2017,2017-09-27T04:00:00.000Z,2125,21,WARDEN AVE,CONTINENTAL PL, ,Major Arterial,Scarborough,43.763491,-79.301257,Intersection,At Intersection,No Control,Clear,Dark,Dry,Fatal,Pedestrian Collisions,Pedestrian,5 to 9,Fatal,44,East, , , , ,Vehicle is going straight thru inter.while ped cross without ROW,"Crossing, no Traffic Control",Unknown, , , ,Yes, ,Yes, , , , , ,Yes,Yes, , , ,41,,,119,,1689
-79.301257,43.763491,80783199,7001757365,2017,2017-09-27T04:00:00.000Z,2125,21,WARDEN AVE,CONTINENTAL PL, ,Major Arterial,Scarborough,43.763491,-79.301257,Intersection,At Intersection,No Control,Clear,Dark,Dry,Fatal,Pedestrian Collisions,Driver,35 to 39,None,0,North,"Automobile, Station Wagon",Going Ahead,Driving Properly,Unknown, , , , , , ,Yes, ,Yes, , , , , ,Yes,Yes, , , ,41,,,119,,1690
-79.27369,43.745945,7493133,1327320,2012,2012-11-24T05:00:00.000Z,2127,21,KENNEDY RD,RADNOR AVE, ,Major Arterial,Scarborough,43.745945,-79.27369,Intersection,At Intersection,No Control,Clear,"Dark, artificial",Dry,Non-Fatal Injury,SMV Other,Passenger,15 to 19,None,0, ,Other, , , , , , , , , , , ,Yes, , , , ,Yes,Yes,Yes, , , ,41,,,126,,1691
-79.27369,43.745945,7493134,1327320,2012,2012-11-24T05:00:00.000Z,2127,21,KENNEDY RD,RADNOR AVE, ,Major Arterial,Scarborough,43.745945,-79.27369,Intersection,At Intersection,No Control,Clear,"Dark, artificial",Dry,Non-Fatal Injury,SMV Other,Passenger,20 to 24,None,0, ,Other, , , , , , , , , , , ,Yes, , , , ,Yes,Yes,Yes, , , ,41,,,126,,1692
-79.27369,43.745945,7493135,1327320,2012,2012-11-24T05:00:00.000Z,2127,21,KENNEDY RD,RADNOR AVE, ,Major Arterial,Scarborough,43.745945,-79.27369,Intersection,At Intersection,No Control,Clear,"Dark, artificial",Dry,Non-Fatal Injury,SMV Other,Driver,20 to 24,Major,0,South,"Automobile, Station Wagon",Going Ahead,Speed too Fast For Condition,Unknown, , , , , , , , ,Yes, , , , ,Yes,Yes,Yes, , , ,41,,,126,,1693
-79.27369,43.745945,7493136,1327320,2012,2012-11-24T05:00:00.000Z,2127,21,KENNEDY RD,RADNOR AVE, ,Major Arterial,Scarborough,43.745945,-79.27369,Intersection,At Intersection,No Control,Clear,"Dark, artificial",Dry,Non-Fatal Injury,SMV Other,Other Property Owner,unknown, ,0, ,Other, , , , , , , , , , , ,Yes, , , , ,Yes,Yes,Yes, , , ,41,,,126,,1694
-79.613643,43.745376,80943319,8000372713,2018,2018-02-27T05:00:00.000Z,2128,21,ALBION ROAD,CARRIER DRIVE,50 m East of,Major Arterial,Etobicoke York,43.745376,-79.613643,Intersection,Intersection Related,Traffic Signal,Clear,"Dark, artificial",Dry,Non-Fatal Injury,Rear End,Driver,55 to 59,Minor,0,West,"Automobile, Station Wagon",Going Ahead,Driving Properly,Normal, , , , , , , , ,Yes, , , , , ,Yes,Yes, ,Yes, ,23,,,1,,1695
-79.613643,43.745376,80943320,8000372713,2018,2018-02-27T05:00:00.000Z,2128,21,ALBION ROAD,CARRIER DRIVE,50 m East of,Major Arterial,Etobicoke York,43.745376,-79.613643,Intersection,Intersection Related,Traffic Signal,Clear,"Dark, artificial",Dry,Non-Fatal Injury,Rear End,Driver,30 to 34,Major,0,West,"Automobile, Station Wagon",Stopped,Following too Close,"Ability Impaired, Alcohol", , , , , , , , ,Yes, , , , , ,Yes,Yes, ,Yes, ,23,,,1,,1696
-79.319873,43.695811,80985064,8002359893,2018,2018-12-25T05:00:00.000Z,2130,21,COSBURN AVE,WOODMOUNT AVE, ,Minor Arterial,Toronto and East York,43.695811,-79.319873,Intersection,At Intersection,Stop Sign,Clear,"Dark, artificial",Wet,Non-Fatal Injury,Angle,Driver,50 to 54,Major,0,South,"Automobile, Station Wagon",Going Ahead,Failed to Yield Right of Way,Normal, , , , , , , , ,Yes, , , ,Yes,Yes,Yes,Yes, , , ,54,,,59,,1697
-79.319873,43.695811,80985065,8002359893,2018,2018-12-25T05:00:00.000Z,2130,21,COSBURN AVE,WOODMOUNT AVE, ,Minor Arterial,Toronto and East York,43.695811,-79.319873,Intersection,At Intersection,Stop Sign,Clear,"Dark, artificial",Wet,Non-Fatal Injury,Angle,Driver,30 to 34,None,0,West,Police Vehicle,Going Ahead,Driving Properly,Normal, , , , , , , , ,Yes, , , ,Yes,Yes,Yes,Yes, , , ,54,,,59,,1698
-79.319873,43.695811,80985066,8002359893,2018,2018-12-25T05:00:00.000Z,2130,21,COSBURN AVE,WOODMOUNT AVE, ,Minor Arterial,Toronto and East York,43.695811,-79.319873,Intersection,At Intersection,Stop Sign,Clear,"Dark, artificial",Wet,Non-Fatal Injury,Angle,Driver,unknown,None,0,North,Pick Up Truck,Parked, ,Unknown, , , , , , , , ,Yes, , , ,Yes,Yes,Yes,Yes, , , ,54,,,59,,1699
-79.319873,43.695811,80985067,8002359893,2018,2018-12-25T05:00:00.000Z,2130,21,COSBURN AVE,WOODMOUNT AVE, ,Minor Arterial,Toronto and East York,43.695811,-79.319873,Intersection,At Intersection,Stop Sign,Clear,"Dark, artificial",Wet,Non-Fatal Injury,Angle,Passenger,80 to 84,Minor,0, , , , , , , , , , , , , ,Yes, , , ,Yes,Yes,Yes,Yes, , , ,54,,,59,,1700
-79.319873,43.695811,80985068,8002359893,2018,2018-12-25T05:00:00.000Z,2130,21,COSBURN AVE,WOODMOUNT AVE, ,Minor Arterial,Toronto and East York,43.695811,-79.319873,Intersection,At Intersection,Stop Sign,Clear,"Dark, artificial",Wet,Non-Fatal Injury,Angle,Passenger,75 to 79,Minor,0, , , , , , , , , , , , , ,Yes, , , ,Yes,Yes,Yes,Yes, , , ,54,,,59,,1701
-79.319873,43.695811,80985069,8002359893,2018,2018-12-25T05:00:00.000Z,2130,21,COSBURN AVE,WOODMOUNT AVE, ,Minor Arterial,Toronto and East York,43.695811,-79.319873,Intersection,At Intersection,Stop Sign,Clear,"Dark, artificial",Wet,Non-Fatal Injury,Angle,Passenger,55 to 59,Minor,0, , , , , , , , , , , , , ,Yes, , , ,Yes,Yes,Yes,Yes, , , ,54,,,59,,1702
-79.319873,43.695811,80985070,8002359893,2018,2018-12-25T05:00:00.000Z,2130,21,COSBURN AVE,WOODMOUNT AVE, ,Minor Arterial,Toronto and East York,43.695811,-79.319873,Intersection,At Intersection,Stop Sign,Clear,"Dark, artificial",Wet,Non-Fatal Injury,Angle,Other,40 to 44,None,0, , , , , , , , , , , , , ,Yes, , , ,Yes,Yes,Yes,Yes, , , ,54,,,59,,1703
-79.232814,43.776194,80202563,4001500296,2014,2014-02-09T05:00:00.000Z,2134,21,2087 ELLESMERE RD, ,43 m West of,Major Arterial,Scarborough,43.776194,-79.232814,Mid-Block,Non Intersection,No Control,Clear,"Dark, artificial",Slush,Non-Fatal Injury,Approaching,Driver,20 to 24,Major,0,East,"Automobile, Station Wagon",Changing Lanes,Lost control,Unknown, , , , , , , , ,Yes, , ,Yes, , ,Yes,Yes, , , ,43,,,137,,1704
-79.232814,43.776194,80202564,4001500296,2014,2014-02-09T05:00:00.000Z,2134,21,2087 ELLESMERE RD, ,43 m West of,Major Arterial,Scarborough,43.776194,-79.232814,Mid-Block,Non Intersection,No Control,Clear,"Dark, artificial",Slush,Non-Fatal Injury,Approaching,Driver,40 to 44,None,0,West,Municipal Transit Bus (TTC),Going Ahead,Driving Properly,Normal, , , , , , , , ,Yes, , ,Yes, , ,Yes,Yes, , , ,43,,,137,,1705
-79.58149,43.650745,5368873,1042389,2008,2008-05-23T04:00:00.000Z,2135,21,CENTENNIAL PARK Rd,RATHBURN Rd, ,Minor Arterial,Etobicoke York,43.650745,-79.58149,Mid-Block, ,No Control,Clear,Dark,Dry,Non-Fatal Injury,Turning Movement,Passenger,25 to 29,Major,0, ,Other, , , , , , , , , , , ,Yes,Yes, , , ,Yes,Yes,Yes, , , ,22,,,11,,1706
-79.58149,43.650745,5368874,1042389,2008,2008-05-23T04:00:00.000Z,2135,21,CENTENNIAL PARK Rd,RATHBURN Rd, ,Minor Arterial,Etobicoke York,43.650745,-79.58149,Mid-Block, ,No Control,Clear,Dark,Dry,Non-Fatal Injury,Turning Movement,Motorcycle Driver,20 to 24,Minor,0,North,Motorcycle,Going Ahead,Lost control,Normal, , , , , , , , ,Yes,Yes, , , ,Yes,Yes,Yes, , , ,22,,,11,,1707
-79.58149,43.650745,5368875,1042389,2008,2008-05-23T04:00:00.000Z,2135,21,CENTENNIAL PARK Rd,RATHBURN Rd, ,Minor Arterial,Etobicoke York,43.650745,-79.58149,Mid-Block, ,No Control,Clear,Dark,Dry,Non-Fatal Injury,Turning Movement,Driver,20 to 24,None,0,West,"Automobile, Station Wagon",Turning Left,Failed to Yield Right of Way,Normal, , , , , , , , ,Yes,Yes, , , ,Yes,Yes,Yes, , , ,22,,,11,,1708
-79.454852,43.742278,7857416,1372879,2013,2013-08-29T04:00:00.000Z,2136,21,WILLIAM R ALLEN RD,TRANSIT RD, ,Major Arterial,North York,43.742278,-79.454852,Mid-Block,Non Intersection,No Control,Clear,Dark,Dry,Non-Fatal Injury,Rear End,Motorcycle Passenger,20 to 24,Major,0, , , , , , , , , , , , , ,Yes,Yes, , , ,Yes,Yes,Yes, , , ,32,,,33,,1709
-79.454852,43.742278,7857417,1372879,2013,2013-08-29T04:00:00.000Z,2136,21,WILLIAM R ALLEN RD,TRANSIT RD, ,Major Arterial,North York,43.742278,-79.454852,Mid-Block,Non Intersection,No Control,Clear,Dark,Dry,Non-Fatal Injury,Rear End,Vehicle Owner,unknown, ,0, ,Other, , , , , , , , , , , ,Yes,Yes, , , ,Yes,Yes,Yes, , , ,32,,,33,,1710
-79.454852,43.742278,7857418,1372879,2013,2013-08-29T04:00:00.000Z,2136,21,WILLIAM R ALLEN RD,TRANSIT RD, ,Major Arterial,North York,43.742278,-79.454852,Mid-Block,Non Intersection,No Control,Clear,Dark,Dry,Non-Fatal Injury,Rear End,Motorcycle Driver,30 to 34,Major,0,South,Motorcycle,Going Ahead,Exceeding Speed Limit,Normal, , , , , , , , ,Yes,Yes, , , ,Yes,Yes,Yes, , , ,32,,,33,,1711
-79.454852,43.742278,7857419,1372879,2013,2013-08-29T04:00:00.000Z,2136,21,WILLIAM R ALLEN RD,TRANSIT RD, ,Major Arterial,North York,43.742278,-79.454852,Mid-Block,Non Intersection,No Control,Clear,Dark,Dry,Non-Fatal Injury,Rear End,Vehicle Owner,unknown, ,0, ,Other, , , , , , , , , , , ,Yes,Yes, , , ,Yes,Yes,Yes, , , ,32,,,33,,1712
-79.454852,43.742278,7857420,1372879,2013,2013-08-29T04:00:00.000Z,2136,21,WILLIAM R ALLEN RD,TRANSIT RD, ,Major Arterial,North York,43.742278,-79.454852,Mid-Block,Non Intersection,No Control,Clear,Dark,Dry,Non-Fatal Injury,Rear End,Driver,20 to 24,None,0,South,"Automobile, Station Wagon",Going Ahead,Lost control,Normal, , , , , , , , ,Yes,Yes, , , ,Yes,Yes,Yes, , , ,32,,,33,,1713
-79.35259,43.648645,5267526,1116959,2009,2009-08-02T04:00:00.000Z,2138,21,LAKE SHORE BLVD E,CHERRY ST, ,Expressway,Toronto and East York,43.648645,-79.35259,Mid-Block, ,No Control,Clear,Dark,Dry,Non-Fatal Injury,SMV Other,Passenger,35 to 39,Minor,0, ,Other, , , , , , , , , , , ,Yes, , , , ,Yes,Yes,Yes, , , ,51,,,77,,1714
-79.35259,43.648645,5267527,1116959,2009,2009-08-02T04:00:00.000Z,2138,21,LAKE SHORE BLVD E,CHERRY ST, ,Expressway,Toronto and East York,43.648645,-79.35259,Mid-Block, ,No Control,Clear,Dark,Dry,Non-Fatal Injury,SMV Other,Driver,25 to 29,Major,0,East,"Automobile, Station Wagon",Going Ahead,Lost control,Normal, , , , , , , , ,Yes, , , , ,Yes,Yes,Yes, , , ,51,,,77,,1715
-79.16969,43.854145,5873122,128407,2009,2009-09-01T04:00:00.000Z,2140,21,PICKERING TOWN LINE,STEELES AVE E, ,Local,Scarborough,43.854145,-79.16969,Mid-Block, ,No Control,Clear,Dark,Dry,Non-Fatal Injury,SMV Other,Driver,15 to 19,Major,0,South,"Automobile, Station Wagon",Going Ahead,Lost control,Inattentive, , , , , , , , ,Yes, , , , ,Yes,Yes,Yes, , , ,42,,,0,,1716
-79.16969,43.854145,5873123,128407,2009,2009-09-01T04:00:00.000Z,2140,21,PICKERING TOWN LINE,STEELES AVE E, ,Local,Scarborough,43.854145,-79.16969,Mid-Block, ,No Control,Clear,Dark,Dry,Non-Fatal Injury,SMV Other,Passenger,15 to 19,Major,0,South,"Automobile, Station Wagon", , , , , , , , , , , ,Yes, , , , ,Yes,Yes,Yes, , , ,42,,,0,,1717
-79.16969,43.854145,5873129,128407,2009,2009-09-01T04:00:00.000Z,2140,21,PICKERING TOWN LINE,STEELES AVE E, ,Local,Scarborough,43.854145,-79.16969,Mid-Block, ,No Control,Clear,Dark,Dry,Non-Fatal Injury,SMV Other,Passenger,15 to 19,Major,0,South,"Automobile, Station Wagon", , , , , , , , , , , ,Yes, , , , ,Yes,Yes,Yes, , , ,42,,,0,,1718
-79.393695,43.687121,80508064,4001839979,2014,2014-04-06T04:00:00.000Z,1725,17,YONGE ST,PLEASANT BLVD, ,Major Arterial,Toronto and East York,43.687121,-79.393695,Intersection,At Intersection,No Control,Clear,Daylight,Dry,Non-Fatal Injury,Pedestrian Collisions,Driver,75 to 79,None,0,South,"Automobile, Station Wagon",Turning Left,Failed to Yield Right of Way,Normal, , , , , , ,Yes, ,Yes,Yes, , , , ,Yes,Yes, , , ,53,,,98,,1719
-79.469394,43.722506,80775507,7000452997,2017,2017-03-13T04:00:00.000Z,1405,14,CALEDONIA RD,BRIDGELAND AVE,176 m South of,Minor Arterial,North York,43.722506,-79.469394,Mid-Block,Non Intersection,No Control,Snow,Daylight,Wet,Non-Fatal Injury,Rear End,Driver,40 to 44,Major,0,South,"Automobile, Station Wagon",Slowing or Stopping,Driving Properly,Normal, , , , , , , , ,Yes, , , , , ,Yes,Yes, , , ,32,,,31,,1720
-79.393695,43.687121,80508065,4001839979,2014,2014-04-06T04:00:00.000Z,1725,17,YONGE ST,PLEASANT BLVD, ,Major Arterial,Toronto and East York,43.687121,-79.393695,Intersection,At Intersection,No Control,Clear,Daylight,Dry,Non-Fatal Injury,Pedestrian Collisions,Motorcycle Driver,25 to 29,Major,0,North,Motorcycle,Changing Lanes,Driving Properly,Normal, , , , , , ,Yes, ,Yes,Yes, , , , ,Yes,Yes, , , ,53,,,98,,1721
-79.370654,43.671935,80566644,6002114627,2016,2016-11-28T05:00:00.000Z,2153,21,BLOOR ST E,PARLIAMENT ST, ,Major Arterial,Toronto and East York,43.671935,-79.370654,Intersection,At Intersection,Traffic Signal,Clear,Dark,Dry,Fatal,SMV Other,Passenger,20 to 24,Major,0, , , , , , , , , , , , , ,Yes, , , , ,Yes,Yes,Yes, , , ,"51,53",,,71,,1722
-79.393695,43.687121,80508066,4001839979,2014,2014-04-06T04:00:00.000Z,1725,17,YONGE ST,PLEASANT BLVD, ,Major Arterial,Toronto and East York,43.687121,-79.393695,Intersection,At Intersection,No Control,Clear,Daylight,Dry,Non-Fatal Injury,Pedestrian Collisions,Pedestrian,65 to 69,Major,0,Unknown, , , , ,Pedestrian hit on sidewalk or shoulder,On Sidewalk or Shoulder,Normal, , , ,Yes, ,Yes,Yes, , , , ,Yes,Yes, , , ,53,,,98,,1723
-79.46649,43.682045,5313833,1017137,2008,2008-01-25T05:00:00.000Z,1823,18,ROGERS RD,KANE AVE, ,Minor Arterial,Toronto and East York,43.682045,-79.46649,Intersection, ,Stop Sign,Clear,Dark,Dry,Fatal,Angle,Driver,75 to 79,Fatal,5,South,"Automobile, Station Wagon",Going Ahead,Failed to Yield Right of Way,Normal, , , , , , , , ,Yes, , , , ,Yes,Yes,Yes, , , ,12,,,110,,1724
-79.19069,43.800445,6216098,1200079,2010,2010-10-05T04:00:00.000Z,1730,17,MILNER AVE,AUTO MALL DR, ,Minor Arterial,Scarborough,43.800445,-79.19069,Mid-Block, ,No Control,Rain,Daylight,Wet,Non-Fatal Injury,SMV Other,Driver,30 to 34,Major,0,East,"Automobile, Station Wagon",Going Ahead,Speed too Fast For Condition,Normal, , , , , , , , ,Yes, , , , , ,Yes,Yes, , , ,42,,,131,,1725
-79.19069,43.800445,6216099,1200079,2010,2010-10-05T04:00:00.000Z,1730,17,MILNER AVE,AUTO MALL DR, ,Minor Arterial,Scarborough,43.800445,-79.19069,Mid-Block, ,No Control,Rain,Daylight,Wet,Non-Fatal Injury,SMV Other,Other Property Owner,unknown, ,0, ,Other, , , , , , , , , , , ,Yes, , , , , ,Yes,Yes, , , ,42,,,131,,1726
-79.348491,43.650244,7802739,1349359,2013,2013-03-29T04:00:00.000Z,1734,17,LAKE SHORE BLVD E,DON ROADWAY, ,Expressway,Toronto and East York,43.650244,-79.348491,Mid-Block, ,No Control,Clear,Daylight,Dry,Fatal,SMV Other,Vehicle Owner,unknown, ,0, , , , , , , , , , , , , ,Yes, , , , ,Yes,Yes,Yes, , , ,51,,,77,,1727
-79.348491,43.650244,7802740,1349359,2013,2013-03-29T04:00:00.000Z,1734,17,LAKE SHORE BLVD E,DON ROADWAY, ,Expressway,Toronto and East York,43.650244,-79.348491,Mid-Block, ,No Control,Clear,Daylight,Dry,Fatal,SMV Other,Driver,15 to 19,Minor,0,East,"Automobile, Station Wagon",Going Ahead,Lost control,Unknown, , , , , , , , ,Yes, , , , ,Yes,Yes,Yes, , , ,51,,,77,,1728
-79.348491,43.650244,7802741,1349359,2013,2013-03-29T04:00:00.000Z,1734,17,LAKE SHORE BLVD E,DON ROADWAY, ,Expressway,Toronto and East York,43.650244,-79.348491,Mid-Block, ,No Control,Clear,Daylight,Dry,Fatal,SMV Other,Passenger,15 to 19,Minor,0, , , , , , , , , , , , , ,Yes, , , , ,Yes,Yes,Yes, , , ,51,,,77,,1729
-79.348491,43.650244,7802742,1349359,2013,2013-03-29T04:00:00.000Z,1734,17,LAKE SHORE BLVD E,DON ROADWAY, ,Expressway,Toronto and East York,43.650244,-79.348491,Mid-Block, ,No Control,Clear,Daylight,Dry,Fatal,SMV Other,Other Property Owner,unknown, ,0, , , , , , , , , , , , , ,Yes, , , , ,Yes,Yes,Yes, , , ,51,,,77,,1730
-79.348491,43.650244,7802743,1349359,2013,2013-03-29T04:00:00.000Z,1734,17,LAKE SHORE BLVD E,DON ROADWAY, ,Expressway,Toronto and East York,43.650244,-79.348491,Mid-Block, ,No Control,Clear,Daylight,Dry,Fatal,SMV Other,Passenger,15 to 19,Minor,0, , , , , , , , , , , , , ,Yes, , , , ,Yes,Yes,Yes, , , ,51,,,77,,1731
-79.348491,43.650244,7802744,1349359,2013,2013-03-29T04:00:00.000Z,1734,17,LAKE SHORE BLVD E,DON ROADWAY, ,Expressway,Toronto and East York,43.650244,-79.348491,Mid-Block, ,No Control,Clear,Daylight,Dry,Fatal,SMV Other,Passenger,15 to 19,Minor,0, , , , , , , , , , , , , ,Yes, , , , ,Yes,Yes,Yes, , , ,51,,,77,,1732
-79.348491,43.650244,7802745,1349359,2013,2013-03-29T04:00:00.000Z,1734,17,LAKE SHORE BLVD E,DON ROADWAY, ,Expressway,Toronto and East York,43.650244,-79.348491,Mid-Block, ,No Control,Clear,Daylight,Dry,Fatal,SMV Other,Passenger,15 to 19,Fatal,8, , , , , , , , , , , , , ,Yes, , , , ,Yes,Yes,Yes, , , ,51,,,77,,1733
-79.463603,43.698886,80632029,6001057996,2016,2016-06-17T04:00:00.000Z,1737,17,CALEDONIA RD,CASTLEFIELD AVE,35 m North of,Minor Arterial,North York,43.698886,-79.463603,Mid-Block,Non Intersection,No Control,Clear,Daylight,Dry,Non-Fatal Injury,Turning Movement,Motorcycle Driver,20 to 24,Major,0,North,Motorcycle,Going Ahead,Exceeding Speed Limit,Normal, , , , , , , , ,Yes,Yes, , , , ,Yes,Yes, , , ,13,,,108,,1734
-79.463603,43.698886,80632030,6001057996,2016,2016-06-17T04:00:00.000Z,1737,17,CALEDONIA RD,CASTLEFIELD AVE,35 m North of,Minor Arterial,North York,43.698886,-79.463603,Mid-Block,Non Intersection,No Control,Clear,Daylight,Dry,Non-Fatal Injury,Turning Movement,Driver,40 to 44,None,0,West,"Automobile, Station Wagon",Turning Right,Driving Properly,Normal, , , , , , , , ,Yes,Yes, , , , ,Yes,Yes, , , ,13,,,108,,1735
-79.27009,43.813645,6649622,1242807,2011,2011-05-20T04:00:00.000Z,1738,17,MCCOWAN Road,BRIDLEY Driv, ,Major Arterial,Scarborough,43.813645,-79.27009,Mid-Block, ,No Control,Clear,Daylight,Dry,Non-Fatal Injury,Rear End,Driver,35 to 39,None,0,South,"Automobile, Station Wagon",Going Ahead,Driving Properly,Normal, , , , , , , , ,Yes, , , , ,Yes,Yes,Yes, , , ,42,,,129,,1736
-79.27009,43.813645,6649623,1242807,2011,2011-05-20T04:00:00.000Z,1738,17,MCCOWAN Road,BRIDLEY Driv, ,Major Arterial,Scarborough,43.813645,-79.27009,Mid-Block, ,No Control,Clear,Daylight,Dry,Non-Fatal Injury,Rear End,Passenger,20 to 24,Minor,0, ,Other, , , , , , , , , , , ,Yes, , , , ,Yes,Yes,Yes, , , ,42,,,129,,1737
-79.483188,43.693354,80632026,5000998310,2015,2015-06-14T04:00:00.000Z,1409,14,TRETHEWEY DR,CLEARVIEW HTS,5 m West of,Minor Arterial,Etobicoke York,43.693354,-79.483188,Intersection,At Intersection,No Control,Rain,Daylight,Wet,Non-Fatal Injury,Approaching,Driver,50 to 54,None,0,West,"Automobile, Station Wagon",Going Ahead,Speed too Fast For Condition,Inattentive, , , , , , , , ,Yes, , , , ,Yes,Yes,Yes, , , ,12,,,112,,1738
-79.27009,43.813645,6649624,1242807,2011,2011-05-20T04:00:00.000Z,1738,17,MCCOWAN Road,BRIDLEY Driv, ,Major Arterial,Scarborough,43.813645,-79.27009,Mid-Block, ,No Control,Clear,Daylight,Dry,Non-Fatal Injury,Rear End,Passenger,15 to 19,Major,0, ,Other, , , , , , , , , , , ,Yes, , , , ,Yes,Yes,Yes, , , ,42,,,129,,1739