X,Y,Index_,ACCNUM,YEAR,DATE,TIME,Hour,STREET1,STREET2,OFFSET,ROAD_CLASS,District,LATITUDE,LONGITUDE,LOCCOORD,ACCLOC,TRAFFCTL,VISIBILITY,LIGHT,RDSFCOND,ACCLASS,IMPACTYPE,INVTYPE,INVAGE,INJURY,FATAL_NO,INITDIR,VEHTYPE,MANOEUVER,DRIVACT,DRIVCOND,PEDTYPE,PEDACT,PEDCOND,CYCLISTYPE,CYCACT,CYCCOND,PEDESTRIAN,CYCLIST,AUTOMOBILE,MOTORCYCLE,TRUCK,TRSN_CITY_,EMERG_VEH,PASSENGER,SPEEDING,AG_DRIV,REDLIGHT,ALCOHOL,DISABILITY,Division,Ward_Name,Ward_ID,Hood_ID,Hood_Name,ObjectId
-79.27009,43.813645,6649625,1242807,2011,2011-05-20T04:00:00.000Z,1738,17,MCCOWAN Road,BRIDLEY Driv, ,Major Arterial,Scarborough,43.813645,-79.27009,Mid-Block, ,No Control,Clear,Daylight,Dry,Non-Fatal Injury,Rear End,Passenger,15 to 19,Minimal,0, ,Other, , , , , , , , , , , ,Yes, , , , ,Yes,Yes,Yes, , , ,42,,,129,,1740
-79.27009,43.813645,6649626,1242807,2011,2011-05-20T04:00:00.000Z,1738,17,MCCOWAN Road,BRIDLEY Driv, ,Major Arterial,Scarborough,43.813645,-79.27009,Mid-Block, ,No Control,Clear,Daylight,Dry,Non-Fatal Injury,Rear End,Vehicle Owner,unknown, ,0, ,Other, , , , , , , , , , , ,Yes, , , , ,Yes,Yes,Yes, , , ,42,,,129,,1741
-79.27009,43.813645,6649627,1242807,2011,2011-05-20T04:00:00.000Z,1738,17,MCCOWAN Road,BRIDLEY Driv, ,Major Arterial,Scarborough,43.813645,-79.27009,Mid-Block, ,No Control,Clear,Daylight,Dry,Non-Fatal Injury,Rear End,Driver,15 to 19,Minor,0,South,"Automobile, Station Wagon",Changing Lanes,Following too Close,Had Been Drinking, , , , , , , , ,Yes, , , , ,Yes,Yes,Yes, , , ,42,,,129,,1742
-79.27009,43.813645,6649628,1242807,2011,2011-05-20T04:00:00.000Z,1738,17,MCCOWAN Road,BRIDLEY Driv, ,Major Arterial,Scarborough,43.813645,-79.27009,Mid-Block, ,No Control,Clear,Daylight,Dry,Non-Fatal Injury,Rear End,Other Property Owner,unknown, ,0, ,Other, , , , , , , , , , , ,Yes, , , , ,Yes,Yes,Yes, , , ,42,,,129,,1743
-79.27009,43.813645,6649629,1242807,2011,2011-05-20T04:00:00.000Z,1738,17,MCCOWAN Road,BRIDLEY Driv, ,Major Arterial,Scarborough,43.813645,-79.27009,Mid-Block, ,No Control,Clear,Daylight,Dry,Non-Fatal Injury,Rear End,Vehicle Owner,unknown, ,0, ,Other, , , , , , , , , , , ,Yes, , , , ,Yes,Yes,Yes, , , ,42,,,129,,1744
-79.25899,43.710345,5065164,1144668,2009,2009-11-21T05:00:00.000Z,1740,17,KENNEDY Rd,PARK St, ,Collector,Scarborough,43.710345,-79.25899,Mid-Block, ,No Control,Clear,Dark,Dry,Non-Fatal Injury,Rear End,Moped Driver,65 to 69,Major,0,North,Moped,Going Ahead,Driving Properly,Normal, , , , , , , ,Yes,Yes, , , , , ,Yes,Yes, , , ,41,,,122,,1745
-79.25899,43.710345,5065165,1144668,2009,2009-11-21T05:00:00.000Z,1740,17,KENNEDY Rd,PARK St, ,Collector,Scarborough,43.710345,-79.25899,Mid-Block, ,No Control,Clear,Dark,Dry,Non-Fatal Injury,Rear End,Driver,35 to 39,None,0,North,"Automobile, Station Wagon",Going Ahead,Following too Close,Normal, , , , , , , ,Yes,Yes, , , , , ,Yes,Yes, , , ,41,,,122,,1746
-79.38309,43.767745,6218767,1201108,2010,2010-10-25T04:00:00.000Z,1740,17,SHEPPARD AVE E,REAN DR, ,Major Arterial,North York,43.767745,-79.38309,Intersection,At Intersection,Traffic Signal,Clear,Dark,Dry,Non-Fatal Injury,Turning Movement,Driver,45 to 49,Minor,0,West,"Automobile, Station Wagon",Going Ahead,Driving Properly,Normal, , , , , , , , ,Yes, , , , , ,Yes,Yes, , , ,33,,,52,,1747
-79.38309,43.767745,6218768,1201108,2010,2010-10-25T04:00:00.000Z,1740,17,SHEPPARD AVE E,REAN DR, ,Major Arterial,North York,43.767745,-79.38309,Intersection,At Intersection,Traffic Signal,Clear,Dark,Dry,Non-Fatal Injury,Turning Movement,Vehicle Owner,unknown, ,0, ,Other, , , , , , , , , , , ,Yes, , , , , ,Yes,Yes, , , ,33,,,52,,1748
-79.38309,43.767745,6218769,1201108,2010,2010-10-25T04:00:00.000Z,1740,17,SHEPPARD AVE E,REAN DR, ,Major Arterial,North York,43.767745,-79.38309,Intersection,At Intersection,Traffic Signal,Clear,Dark,Dry,Non-Fatal Injury,Turning Movement,Driver,30 to 34,Major,0,East,"Automobile, Station Wagon",Turning Left,Failed to Yield Right of Way,Inattentive, , , , , , , , ,Yes, , , , , ,Yes,Yes, , , ,33,,,52,,1749
-79.38309,43.767745,6218770,1201108,2010,2010-10-25T04:00:00.000Z,1740,17,SHEPPARD AVE E,REAN DR, ,Major Arterial,North York,43.767745,-79.38309,Intersection,At Intersection,Traffic Signal,Clear,Dark,Dry,Non-Fatal Injury,Turning Movement,Vehicle Owner,unknown, ,0, ,Other, , , , , , , , , , , ,Yes, , , , , ,Yes,Yes, , , ,33,,,52,,1750
-79.44509,43.682945,6727689,1281688,2011,2011-12-25T05:00:00.000Z,1740,17,DUFFERIN ST,ROSECLIFFE AVE, ,Major Arterial,Toronto and East York,43.682945,-79.44509,Mid-Block, ,No Control,Clear,"Dark, artificial",Dry,Non-Fatal Injury,SMV Unattended Vehicle,Other,unknown,None,0, ,Other,Parked, , , , , , , , , , ,Yes, , , , ,Yes,Yes,Yes, , , ,13,,,92,,1751
-79.44509,43.682945,6727690,1281688,2011,2011-12-25T05:00:00.000Z,1740,17,DUFFERIN ST,ROSECLIFFE AVE, ,Major Arterial,Toronto and East York,43.682945,-79.44509,Mid-Block, ,No Control,Clear,"Dark, artificial",Dry,Non-Fatal Injury,SMV Unattended Vehicle,Passenger,15 to 19,Major,0, ,Other, , , , , , , , , , , ,Yes, , , , ,Yes,Yes,Yes, , , ,13,,,92,,1752
-79.44509,43.682945,6727691,1281688,2011,2011-12-25T05:00:00.000Z,1740,17,DUFFERIN ST,ROSECLIFFE AVE, ,Major Arterial,Toronto and East York,43.682945,-79.44509,Mid-Block, ,No Control,Clear,"Dark, artificial",Dry,Non-Fatal Injury,SMV Unattended Vehicle,Driver,20 to 24,Major,0,North,"Automobile, Station Wagon",Going Ahead,Lost control,Normal, , , , , , , , ,Yes, , , , ,Yes,Yes,Yes, , , ,13,,,92,,1753
-79.264842,43.779536,80201573,4001426631,2014,2014-01-28T05:00:00.000Z,1740,17,BRIMLEY RD,HIGHWAY 401 C  W, ,Expressway,Scarborough,43.779536,-79.264842,Mid-Block,Non Intersection,No Control,Clear,"Dark, artificial",Dry,Non-Fatal Injury,Approaching,Driver,65 to 69,None,0,North,Pick Up Truck,Going Ahead,Lost control,Inattentive, , , , , , , , ,Yes, , , , ,Yes,Yes,Yes, , , ,"42,41,43",,,128,,1754
-79.264842,43.779536,80201574,4001426631,2014,2014-01-28T05:00:00.000Z,1740,17,BRIMLEY RD,HIGHWAY 401 C  W, ,Expressway,Scarborough,43.779536,-79.264842,Mid-Block,Non Intersection,No Control,Clear,"Dark, artificial",Dry,Non-Fatal Injury,Approaching,Driver,40 to 44,Minimal,0,South,Passenger Van,Going Ahead,Driving Properly,Normal, , , , , , , , ,Yes, , , , ,Yes,Yes,Yes, , , ,"42,41,43",,,128,,1755
-79.264842,43.779536,80201575,4001426631,2014,2014-01-28T05:00:00.000Z,1740,17,BRIMLEY RD,HIGHWAY 401 C  W, ,Expressway,Scarborough,43.779536,-79.264842,Mid-Block,Non Intersection,No Control,Clear,"Dark, artificial",Dry,Non-Fatal Injury,Approaching,Passenger,60 to 64,Major,0, , , , , , , , , , , , , ,Yes, , , , ,Yes,Yes,Yes, , , ,"42,41,43",,,128,,1756
-79.264842,43.779536,80201576,4001426631,2014,2014-01-28T05:00:00.000Z,1740,17,BRIMLEY RD,HIGHWAY 401 C  W, ,Expressway,Scarborough,43.779536,-79.264842,Mid-Block,Non Intersection,No Control,Clear,"Dark, artificial",Dry,Non-Fatal Injury,Approaching,Passenger,5 to 9,None,0, , , , , , , , , , , , , ,Yes, , , , ,Yes,Yes,Yes, , , ,"42,41,43",,,128,,1757
-79.264842,43.779536,80201577,4001426631,2014,2014-01-28T05:00:00.000Z,1740,17,BRIMLEY RD,HIGHWAY 401 C  W, ,Expressway,Scarborough,43.779536,-79.264842,Mid-Block,Non Intersection,No Control,Clear,"Dark, artificial",Dry,Non-Fatal Injury,Approaching,Passenger,5 to 9,None,0, , , , , , , , , , , , , ,Yes, , , , ,Yes,Yes,Yes, , , ,"42,41,43",,,128,,1758
-79.50899,43.699345,6689768,1260151,2011,2011-08-23T04:00:00.000Z,1742,17,WRIGHT AVE,SAM FRUSTAGLIO DR, ,Local,Etobicoke York,43.699345,-79.50899,Intersection,At Intersection,No Control,Clear,"Daylight, artificial",Dry,Non-Fatal Injury,SMV Other,Other Property Owner,unknown, ,0, ,Other, , , , , , , , , , , , ,Yes, , , , ,Yes,Yes, , , ,12,,,113,,1759
-79.50899,43.699345,6689769,1260151,2011,2011-08-23T04:00:00.000Z,1742,17,WRIGHT AVE,SAM FRUSTAGLIO DR, ,Local,Etobicoke York,43.699345,-79.50899,Intersection,At Intersection,No Control,Clear,"Daylight, artificial",Dry,Non-Fatal Injury,SMV Other,Motorcycle Driver,20 to 24,Major,0,West,Motorcycle,Going Ahead,Lost control,Inattentive, , , , , , , , , ,Yes, , , , ,Yes,Yes, , , ,12,,,113,,1760
-79.31279,43.685645,5246210,1107567,2009,2009-05-08T04:00:00.000Z,1743,17,WOODBINE AVE,DANFORTH AVE, ,Major Arterial,Toronto and East York,43.685645,-79.31279,Intersection,At Intersection,Traffic Signal,Clear,Daylight,Dry,Non-Fatal Injury,SMV Other,Passenger,15 to 19,Major,0, ,Other,Other, , , , , , , , , , ,Yes, , , , ,Yes,Yes,Yes, , , ,"54,55",,,64,,1761
-79.31279,43.685645,5246211,1107567,2009,2009-05-08T04:00:00.000Z,1743,17,WOODBINE AVE,DANFORTH AVE, ,Major Arterial,Toronto and East York,43.685645,-79.31279,Intersection,At Intersection,Traffic Signal,Clear,Daylight,Dry,Non-Fatal Injury,SMV Other,Driver,20 to 24,Minor,0,West,"Automobile, Station Wagon",Going Ahead,Lost control,Normal, , , , , , , , ,Yes, , , , ,Yes,Yes,Yes, , , ,"54,55",,,64,,1762
-79.31279,43.685645,5246212,1107567,2009,2009-05-08T04:00:00.000Z,1743,17,WOODBINE AVE,DANFORTH AVE, ,Major Arterial,Toronto and East York,43.685645,-79.31279,Intersection,At Intersection,Traffic Signal,Clear,Daylight,Dry,Non-Fatal Injury,SMV Other,Other Property Owner,unknown, ,0, ,Other, , , , , , , , , , , ,Yes, , , , ,Yes,Yes,Yes, , , ,"54,55",,,64,,1763
-79.551685,43.648165,80217930,4002857204,2014,2014-09-06T04:00:00.000Z,1744,17,BURNHAMTHORPE RD,SHAVER AVE N, ,Major Arterial,Etobicoke York,43.648165,-79.551685,Intersection,Intersection Related,Stop Sign,Clear,Daylight,Dry,Non-Fatal Injury,Turning Movement,Driver,20 to 24,Minor,0,West,"Automobile, Station Wagon",Going Ahead,Exceeding Speed Limit,Unknown, , , , , , , , ,Yes, , , , ,Yes,Yes,Yes, , , ,22,,,14,,1764
-79.551685,43.648165,80217931,4002857204,2014,2014-09-06T04:00:00.000Z,1744,17,BURNHAMTHORPE RD,SHAVER AVE N, ,Major Arterial,Etobicoke York,43.648165,-79.551685,Intersection,Intersection Related,Stop Sign,Clear,Daylight,Dry,Non-Fatal Injury,Turning Movement,Driver,45 to 49,Major,0,South,"Automobile, Station Wagon",Turning Left,Failed to Yield Right of Way,Unknown, , , , , , , , ,Yes, , , , ,Yes,Yes,Yes, , , ,22,,,14,,1765
-79.551685,43.648165,80217932,4002857204,2014,2014-09-06T04:00:00.000Z,1744,17,BURNHAMTHORPE RD,SHAVER AVE N, ,Major Arterial,Etobicoke York,43.648165,-79.551685,Intersection,Intersection Related,Stop Sign,Clear,Daylight,Dry,Non-Fatal Injury,Turning Movement,Passenger,45 to 49,Major,0, , , , , , , , , , , , , ,Yes, , , , ,Yes,Yes,Yes, , , ,22,,,14,,1766
-79.551685,43.648165,80217933,4002857204,2014,2014-09-06T04:00:00.000Z,1744,17,BURNHAMTHORPE RD,SHAVER AVE N, ,Major Arterial,Etobicoke York,43.648165,-79.551685,Intersection,Intersection Related,Stop Sign,Clear,Daylight,Dry,Non-Fatal Injury,Turning Movement,Passenger,10 to 14,Minor,0, , , , , , , , , , , , , ,Yes, , , , ,Yes,Yes,Yes, , , ,22,,,14,,1767
-79.383662,43.68439,80875487,8000560882,2018,2018-03-28T04:00:00.000Z,1749,17,MOUNT PLEASANT RD,CARSTOWE RD, ,Major Arterial,Toronto and East York,43.68439,-79.383662,Mid-Block,Non Intersection,No Control,Clear,Daylight,Dry,Fatal,Turning Movement,Driver,15 to 19,None,0,North,"Automobile, Station Wagon",Making U Turn,Improper Turn,Normal, , , , , , , , ,Yes,Yes, , , , ,Yes,Yes, , , ,53,,,98,,1768
-79.383662,43.68439,80875565,8000560882,2018,2018-03-28T04:00:00.000Z,1749,17,MOUNT PLEASANT RD,CARSTOWE RD, ,Major Arterial,Toronto and East York,43.68439,-79.383662,Mid-Block,Non Intersection,No Control,Clear,Daylight,Dry,Fatal,Turning Movement,Motorcycle Driver,35 to 39,Fatal,17,North,Motorcycle,Going Ahead,Improper Passing,Normal, , , , , , , , ,Yes,Yes, , , , ,Yes,Yes, , , ,53,,,98,,1769
-79.51129,43.618345,5247585,1108100,2009,2009-06-03T04:00:00.000Z,1750,17,EVANS Ave,ISLINGTON Ave, ,Major Arterial,Etobicoke York,43.618345,-79.51129,Intersection,At Intersection,Traffic Signal,Clear,Daylight,Dry,Non-Fatal Injury,Angle,Vehicle Owner,unknown, ,0, ,Other, , , , , , , , , , , ,Yes, , , , ,Yes,Yes,Yes,Yes, , ,22,,,17,,1770
-79.51129,43.618345,5247586,1108100,2009,2009-06-03T04:00:00.000Z,1750,17,EVANS Ave,ISLINGTON Ave, ,Major Arterial,Etobicoke York,43.618345,-79.51129,Intersection,At Intersection,Traffic Signal,Clear,Daylight,Dry,Non-Fatal Injury,Angle,Driver,30 to 34,None,0,East,"Automobile, Station Wagon",Going Ahead,Disobeyed Traffic Control,Unknown, , , , , , , , ,Yes, , , , ,Yes,Yes,Yes,Yes, , ,22,,,17,,1771
-79.51129,43.618345,5247587,1108100,2009,2009-06-03T04:00:00.000Z,1750,17,EVANS Ave,ISLINGTON Ave, ,Major Arterial,Etobicoke York,43.618345,-79.51129,Intersection,At Intersection,Traffic Signal,Clear,Daylight,Dry,Non-Fatal Injury,Angle,Passenger,0 to 4,Minor,0, ,Other, , , , , , , , , , , ,Yes, , , , ,Yes,Yes,Yes,Yes, , ,22,,,17,,1772
-79.51129,43.618345,5247588,1108100,2009,2009-06-03T04:00:00.000Z,1750,17,EVANS Ave,ISLINGTON Ave, ,Major Arterial,Etobicoke York,43.618345,-79.51129,Intersection,At Intersection,Traffic Signal,Clear,Daylight,Dry,Non-Fatal Injury,Angle,Passenger,35 to 39,Minor,0, ,Other, , , , , , , , , , , ,Yes, , , , ,Yes,Yes,Yes,Yes, , ,22,,,17,,1773
-79.51129,43.618345,5247589,1108100,2009,2009-06-03T04:00:00.000Z,1750,17,EVANS Ave,ISLINGTON Ave, ,Major Arterial,Etobicoke York,43.618345,-79.51129,Intersection,At Intersection,Traffic Signal,Clear,Daylight,Dry,Non-Fatal Injury,Angle,Vehicle Owner,unknown, ,0, ,Other, , , , , , , , , , , ,Yes, , , , ,Yes,Yes,Yes,Yes, , ,22,,,17,,1774
-79.51129,43.618345,5247590,1108100,2009,2009-06-03T04:00:00.000Z,1750,17,EVANS Ave,ISLINGTON Ave, ,Major Arterial,Etobicoke York,43.618345,-79.51129,Intersection,At Intersection,Traffic Signal,Clear,Daylight,Dry,Non-Fatal Injury,Angle,Driver,40 to 44,Major,0,North,"Automobile, Station Wagon",Going Ahead,Driving Properly,Normal, , , , , , , , ,Yes, , , , ,Yes,Yes,Yes,Yes, , ,22,,,17,,1775
-79.371425,43.649378,80777037,7000957172,2017,2017-05-30T04:00:00.000Z,1750,17,FRONT ST E,LOWER JARVIS ST,20 m East of,Major Arterial,Toronto and East York,43.649378,-79.371425,Intersection,At Intersection,Traffic Signal,Rain,Daylight,Wet,Non-Fatal Injury,SMV Other,Motorcycle Driver,30 to 34,Major,0,West,Motorcycle,Slowing or Stopping,Speed too Fast For Condition,Inattentive, , , , , , , , , ,Yes, , , , ,Yes,Yes, , , ,51,,,77,,1776
-79.43939,43.755345,7806023,1350729,2013,2013-03-21T04:00:00.000Z,1800,18,631 SHEPPARD Ave W, , ,Major Arterial,North York,43.755345,-79.43939,Mid-Block, ,No Control,Clear,Daylight,Wet,Non-Fatal Injury,Sideswipe,Driver,40 to 44,None,0,East,"Automobile, Station Wagon",Changing Lanes,Improper Lane Change,Normal, , , , , , , , ,Yes, , , , , ,Yes,Yes, , , ,32,,,33,,1777
-79.43939,43.755345,7806024,1350729,2013,2013-03-21T04:00:00.000Z,1800,18,631 SHEPPARD Ave W, , ,Major Arterial,North York,43.755345,-79.43939,Mid-Block, ,No Control,Clear,Daylight,Wet,Non-Fatal Injury,Sideswipe,Driver,35 to 39,Major,0,East,"Automobile, Station Wagon",Going Ahead,Speed too Fast For Condition,Normal, , , , , , , , ,Yes, , , , , ,Yes,Yes, , , ,32,,,33,,1778
-79.564426,43.618773,80542268,6000923025,2016,2016-05-28T04:00:00.000Z,1800,18,THE WEST MALL,WESTSIDE DR, ,Minor Arterial,Etobicoke York,43.618773,-79.564426,Mid-Block,Non Intersection,No Control,Clear,Daylight,Dry,Fatal,Approaching,Passenger,65 to 69,Major,0, , , , , , , , , , , , , ,Yes, , , , ,Yes,Yes,Yes, , , ,22,,,14,,1779
-79.564426,43.618773,80542280,6000923025,2016,2016-05-28T04:00:00.000Z,1800,18,THE WEST MALL,WESTSIDE DR, ,Minor Arterial,Etobicoke York,43.618773,-79.564426,Mid-Block,Non Intersection,No Control,Clear,Daylight,Dry,Fatal,Approaching,Driver,20 to 24,Fatal,33,South,"Automobile, Station Wagon",Changing Lanes,Lost control,Inattentive, , , , , , , , ,Yes, , , , ,Yes,Yes,Yes, , , ,22,,,14,,1780
-79.564426,43.618773,80542824,6000923025,2016,2016-05-28T04:00:00.000Z,1800,18,THE WEST MALL,WESTSIDE DR, ,Minor Arterial,Etobicoke York,43.618773,-79.564426,Mid-Block,Non Intersection,No Control,Clear,Daylight,Dry,Fatal,Approaching,Driver,25 to 29,Major,0,North,"Automobile, Station Wagon",Going Ahead,Driving Properly,Normal, , , , , , , , ,Yes, , , , ,Yes,Yes,Yes, , , ,22,,,14,,1781
-79.22219,43.751145,7409570,1291890,2012,2012-05-01T04:00:00.000Z,1802,18,MARKHAM RD,BLAKEMANOR BLVD, ,Major Arterial,Scarborough,43.751145,-79.22219,Intersection, ,No Control,Clear,Daylight,Dry,Non-Fatal Injury,SMV Other,Driver,45 to 49,Major,0,North,"Automobile, Station Wagon",Unknown,Lost control,Unknown, , , , , , , , ,Yes, , , , , ,Yes,Yes, , , ,43,,,137,,1782
-79.22219,43.751145,7409571,1291890,2012,2012-05-01T04:00:00.000Z,1802,18,MARKHAM RD,BLAKEMANOR BLVD, ,Major Arterial,Scarborough,43.751145,-79.22219,Intersection, ,No Control,Clear,Daylight,Dry,Non-Fatal Injury,SMV Other,Other Property Owner,unknown, ,0, ,Other, , , , , , , , , , , ,Yes, , , , , ,Yes,Yes, , , ,43,,,137,,1783
-79.22219,43.751145,7409572,1291890,2012,2012-05-01T04:00:00.000Z,1802,18,MARKHAM RD,BLAKEMANOR BLVD, ,Major Arterial,Scarborough,43.751145,-79.22219,Intersection, ,No Control,Clear,Daylight,Dry,Non-Fatal Injury,SMV Other,Other Property Owner,unknown, ,0, ,Other, , , , , , , , , , , ,Yes, , , , , ,Yes,Yes, , , ,43,,,137,,1784
-79.2196,43.813903,80496697,5000679922,2015,2015-04-24T04:00:00.000Z,1804,18,HUPFIELD TRL,GLANVIL CRES,20 m South of,Collector,Scarborough,43.813903,-79.2196,Intersection,Non Intersection,No Control,Clear,Daylight,Dry,Non-Fatal Injury,SMV Other,Driver,15 to 19,None,0,North,"Automobile, Station Wagon",Going Ahead,Lost control,Normal, , , , , , , , ,Yes, , , , ,Yes,Yes,Yes, , , ,42,,,132,,1785
-79.2196,43.813903,80496698,5000679922,2015,2015-04-24T04:00:00.000Z,1804,18,HUPFIELD TRL,GLANVIL CRES,20 m South of,Collector,Scarborough,43.813903,-79.2196,Intersection,Non Intersection,No Control,Clear,Daylight,Dry,Non-Fatal Injury,SMV Other,Passenger,15 to 19,Major,0, , , , , , , , , , , , , ,Yes, , , , ,Yes,Yes,Yes, , , ,42,,,132,,1786
-79.425716,43.630068,80507565,6000720268,2016,2016-04-27T04:00:00.000Z,1805,18,LAKE SHORE BLVD W,BRITISH COLUMBIA RD,324 m East of,Major Arterial,Toronto and East York,43.630068,-79.425716,Mid-Block,Non Intersection,No Control,Clear,Daylight,Dry,Non-Fatal Injury,Approaching,Driver,30 to 34,Major,0,West,"Automobile, Station Wagon",Going Ahead,Other,Inattentive, , , , , , , , ,Yes, , ,Yes, , ,Yes,Yes, , , ,14,,,82,,1787
-79.425716,43.630068,80507566,6000720268,2016,2016-04-27T04:00:00.000Z,1805,18,LAKE SHORE BLVD W,BRITISH COLUMBIA RD,324 m East of,Major Arterial,Toronto and East York,43.630068,-79.425716,Mid-Block,Non Intersection,No Control,Clear,Daylight,Dry,Non-Fatal Injury,Approaching,Driver,50 to 54,Minor,0,East,"Automobile, Station Wagon",Going Ahead,Driving Properly,Normal, , , , , , , , ,Yes, , ,Yes, , ,Yes,Yes, , , ,14,,,82,,1788
-79.425716,43.630068,80507567,6000720268,2016,2016-04-27T04:00:00.000Z,1805,18,LAKE SHORE BLVD W,BRITISH COLUMBIA RD,324 m East of,Major Arterial,Toronto and East York,43.630068,-79.425716,Mid-Block,Non Intersection,No Control,Clear,Daylight,Dry,Non-Fatal Injury,Approaching,Driver,20 to 24,None,0,East,"Automobile, Station Wagon",Going Ahead,Driving Properly,Normal, , , , , , , , ,Yes, , ,Yes, , ,Yes,Yes, , , ,14,,,82,,1789
-79.425716,43.630068,80507568,6000720268,2016,2016-04-27T04:00:00.000Z,1805,18,LAKE SHORE BLVD W,BRITISH COLUMBIA RD,324 m East of,Major Arterial,Toronto and East York,43.630068,-79.425716,Mid-Block,Non Intersection,No Control,Clear,Daylight,Dry,Non-Fatal Injury,Approaching,Driver,55 to 59,None,0,East,"Bus (Other) (Go Bus, Gray Coach)",Going Ahead,Driving Properly,Normal, , , , , , , , ,Yes, , ,Yes, , ,Yes,Yes, , , ,14,,,82,,1790
-79.46519,43.761045,6915629,1248878,2011,2011-08-12T04:00:00.000Z,1808,18,DUFFERIN Stre,STEEPROCK Driv, ,Major Arterial,North York,43.761045,-79.46519,Intersection,At Intersection,Traffic Signal,Clear,Daylight,Dry,Non-Fatal Injury,Turning Movement,Vehicle Owner,unknown, ,0, ,Other, , , , , , , , , , , ,Yes,Yes, , , , ,Yes,Yes, , , ,32,,,34,,1791
-79.46519,43.761045,6915630,1248878,2011,2011-08-12T04:00:00.000Z,1808,18,DUFFERIN Stre,STEEPROCK Driv, ,Major Arterial,North York,43.761045,-79.46519,Intersection,At Intersection,Traffic Signal,Clear,Daylight,Dry,Non-Fatal Injury,Turning Movement,Motorcycle Driver,25 to 29,Major,0,South,Motorcycle,Going Ahead,Speed too Fast For Condition,Inattentive, , , , , , , , ,Yes,Yes, , , , ,Yes,Yes, , , ,32,,,34,,1792
-79.46519,43.761045,6915631,1248878,2011,2011-08-12T04:00:00.000Z,1808,18,DUFFERIN Stre,STEEPROCK Driv, ,Major Arterial,North York,43.761045,-79.46519,Intersection,At Intersection,Traffic Signal,Clear,Daylight,Dry,Non-Fatal Injury,Turning Movement,Driver,50 to 54,Minimal,0,North,"Automobile, Station Wagon",Turning Left,Driving Properly,Normal, , , , , , , , ,Yes,Yes, , , , ,Yes,Yes, , , ,32,,,34,,1793
-79.46649,43.682045,5313834,1017137,2008,2008-01-25T05:00:00.000Z,1823,18,ROGERS RD,KANE AVE, ,Minor Arterial,Toronto and East York,43.682045,-79.46649,Intersection, ,Stop Sign,Clear,Dark,Dry,Fatal,Angle,Vehicle Owner,unknown, ,0, ,Other, , , , , , , , , , , ,Yes, , , , ,Yes,Yes,Yes, , , ,12,,,110,,1794
-79.53899,43.679845,5335112,1027162,2008,2008-03-10T04:00:00.000Z,2155,21,EGLINTON AVE W,ISLINGTON AVE, ,Major Arterial,Etobicoke York,43.679845,-79.53899,Intersection, ,Traffic Signal,Clear,Dark,Dry,Non-Fatal Injury,Turning Movement,Passenger,85 to 89,Major,0, ,"Automobile, Station Wagon", , , , , , , , , , , ,Yes, , , , ,Yes,Yes,Yes, , , ,"23,22",,,7,,1795
-79.53899,43.679845,5335113,1027162,2008,2008-03-10T04:00:00.000Z,2155,21,EGLINTON AVE W,ISLINGTON AVE, ,Major Arterial,Etobicoke York,43.679845,-79.53899,Intersection, ,Traffic Signal,Clear,Dark,Dry,Non-Fatal Injury,Turning Movement,Driver,85 to 89,Minor,0,West,"Automobile, Station Wagon",Turning Left,Failed to Yield Right of Way,Normal, , , , , , , , ,Yes, , , , ,Yes,Yes,Yes, , , ,"23,22",,,7,,1796
-79.483188,43.693354,80632027,5000998310,2015,2015-06-14T04:00:00.000Z,1409,14,TRETHEWEY DR,CLEARVIEW HTS,5 m West of,Minor Arterial,Etobicoke York,43.693354,-79.483188,Intersection,At Intersection,No Control,Rain,Daylight,Wet,Non-Fatal Injury,Approaching,Driver,25 to 29,Major,0,East,"Automobile, Station Wagon",Going Ahead,Driving Properly,Normal, , , , , , , , ,Yes, , , , ,Yes,Yes,Yes, , , ,12,,,112,,1797
-79.46649,43.682045,5313835,1017137,2008,2008-01-25T05:00:00.000Z,1823,18,ROGERS RD,KANE AVE, ,Minor Arterial,Toronto and East York,43.682045,-79.46649,Intersection, ,Stop Sign,Clear,Dark,Dry,Fatal,Angle,Driver,25 to 29,None,0,East,"Automobile, Station Wagon",Going Ahead,Driving Properly,Normal, , , , , , , , ,Yes, , , , ,Yes,Yes,Yes, , , ,12,,,110,,1798
-79.53899,43.679845,5335114,1027162,2008,2008-03-10T04:00:00.000Z,2155,21,EGLINTON AVE W,ISLINGTON AVE, ,Major Arterial,Etobicoke York,43.679845,-79.53899,Intersection, ,Traffic Signal,Clear,Dark,Dry,Non-Fatal Injury,Turning Movement,Vehicle Owner,unknown, ,0, ,Other, , , , , , , , , , , ,Yes, , , , ,Yes,Yes,Yes, , , ,"23,22",,,7,,1799
-79.483188,43.693354,80632028,5000998310,2015,2015-06-14T04:00:00.000Z,1409,14,TRETHEWEY DR,CLEARVIEW HTS,5 m West of,Minor Arterial,Etobicoke York,43.693354,-79.483188,Intersection,At Intersection,No Control,Rain,Daylight,Wet,Non-Fatal Injury,Approaching,Passenger,20 to 24,Minor,0, , , , , , , , , , , , , ,Yes, , , , ,Yes,Yes,Yes, , , ,12,,,112,,1800