X,Y,Index_,ACCNUM,YEAR,DATE,TIME,Hour,STREET1,STREET2,OFFSET,ROAD_CLASS,District,LATITUDE,LONGITUDE,LOCCOORD,ACCLOC,TRAFFCTL,VISIBILITY,LIGHT,RDSFCOND,ACCLASS,IMPACTYPE,INVTYPE,INVAGE,INJURY,FATAL_NO,INITDIR,VEHTYPE,MANOEUVER,DRIVACT,DRIVCOND,PEDTYPE,PEDACT,PEDCOND,CYCLISTYPE,CYCACT,CYCCOND,PEDESTRIAN,CYCLIST,AUTOMOBILE,MOTORCYCLE,TRUCK,TRSN_CITY_,EMERG_VEH,PASSENGER,SPEEDING,AG_DRIV,REDLIGHT,ALCOHOL,DISABILITY,Division,Ward_Name,Ward_ID,Hood_ID,Hood_Name,ObjectId
-79.39089,43.708245,7402959,1289091,2012,2012-02-12T05:00:00.000Z,1505,15,EGLINTON Ave E,BROWNLOW Ave, ,Major Arterial,Toronto and East York,43.708245,-79.39089,Mid-Block, ,No Control,Clear,Daylight,Wet,Non-Fatal Injury,SMV Other,Driver,25 to 29,Major,0,East,"Automobile, Station Wagon",Going Ahead,Lost control,Unknown, , , , , , , , ,Yes, , , , , ,Yes,Yes, , , ,53,,,104,,1920
-79.39089,43.708245,7402960,1289091,2012,2012-02-12T05:00:00.000Z,1505,15,EGLINTON Ave E,BROWNLOW Ave, ,Major Arterial,Toronto and East York,43.708245,-79.39089,Mid-Block, ,No Control,Clear,Daylight,Wet,Non-Fatal Injury,SMV Other,Other Property Owner,unknown, ,0, ,Other, , , , , , , , , , , ,Yes, , , , , ,Yes,Yes, , , ,53,,,104,,1921
-79.35389,43.670445,7559338,1290476,2012,2012-02-20T05:00:00.000Z,1505,15,BROADVIEW AVE,BAIN AVE, ,Minor Arterial,Toronto and East York,43.670445,-79.35389,Intersection, ,No Control,Clear,Daylight,Dry,Non-Fatal Injury,Pedestrian Collisions,Vehicle Owner,unknown, ,0, ,Other, , , , , , , , , ,Yes, ,Yes, , , , , ,Yes,Yes, , , ,55,,,68,,1922
-79.35389,43.670445,7559339,1290476,2012,2012-02-20T05:00:00.000Z,1505,15,BROADVIEW AVE,BAIN AVE, ,Minor Arterial,Toronto and East York,43.670445,-79.35389,Intersection, ,No Control,Clear,Daylight,Dry,Non-Fatal Injury,Pedestrian Collisions,Driver,70 to 74,None,0,North,Taxi,Going Ahead,Driving Properly,Normal, , , , , , ,Yes, ,Yes, , , , , ,Yes,Yes, , , ,55,,,68,,1923
-79.35389,43.670445,7559340,1290476,2012,2012-02-20T05:00:00.000Z,1505,15,BROADVIEW AVE,BAIN AVE, ,Minor Arterial,Toronto and East York,43.670445,-79.35389,Intersection, ,No Control,Clear,Daylight,Dry,Non-Fatal Injury,Pedestrian Collisions,Driver,45 to 49,None,0,North,"Automobile, Station Wagon",Changing Lanes,Exceeding Speed Limit,Inattentive, , , , , , ,Yes, ,Yes, , , , , ,Yes,Yes, , , ,55,,,68,,1924
-79.35389,43.670445,7559341,1290476,2012,2012-02-20T05:00:00.000Z,1505,15,BROADVIEW AVE,BAIN AVE, ,Minor Arterial,Toronto and East York,43.670445,-79.35389,Intersection, ,No Control,Clear,Daylight,Dry,Non-Fatal Injury,Pedestrian Collisions,Other Property Owner,unknown, ,0, ,Other, , , , , , , , , ,Yes, ,Yes, , , , , ,Yes,Yes, , , ,55,,,68,,1925
-79.35389,43.670445,7559342,1290476,2012,2012-02-20T05:00:00.000Z,1505,15,BROADVIEW AVE,BAIN AVE, ,Minor Arterial,Toronto and East York,43.670445,-79.35389,Intersection, ,No Control,Clear,Daylight,Dry,Non-Fatal Injury,Pedestrian Collisions,Pedestrian,45 to 49,Major,0,South,Other, , , ,Pedestrian hit on sidewalk or shoulder,On Sidewalk or Shoulder,Normal, , , ,Yes, ,Yes, , , , , ,Yes,Yes, , , ,55,,,68,,1926
-79.168781,43.804213,80198087,3000989119,2013,2013-11-17T05:00:00.000Z,1506,15,MEADOWVALE RD,DEAN PARK  RD, ,Minor Arterial,Scarborough,43.804213,-79.168781,Intersection,At Intersection,Traffic Signal,Clear,Daylight,Dry,Non-Fatal Injury,Angle,Driver,60 to 64,Major,0,South,"Automobile, Station Wagon",Going Ahead,Disobeyed Traffic Control,Inattentive, , , , , , , , ,Yes, , , , ,Yes,Yes,Yes,Yes, , ,42,,,131,,1927
-79.168781,43.804213,80198088,3000989119,2013,2013-11-17T05:00:00.000Z,1506,15,MEADOWVALE RD,DEAN PARK  RD, ,Minor Arterial,Scarborough,43.804213,-79.168781,Intersection,At Intersection,Traffic Signal,Clear,Daylight,Dry,Non-Fatal Injury,Angle,Driver,25 to 29,None,0,West,Passenger Van,Going Ahead,Driving Properly,Normal, , , , , , , , ,Yes, , , , ,Yes,Yes,Yes,Yes, , ,42,,,131,,1928
-79.168781,43.804213,80198089,3000989119,2013,2013-11-17T05:00:00.000Z,1506,15,MEADOWVALE RD,DEAN PARK  RD, ,Minor Arterial,Scarborough,43.804213,-79.168781,Intersection,At Intersection,Traffic Signal,Clear,Daylight,Dry,Non-Fatal Injury,Angle,Passenger,0 to 4,None,0, , , , , , , , , , , , , ,Yes, , , , ,Yes,Yes,Yes,Yes, , ,42,,,131,,1929
-79.31559,43.702745,7432659,1301849,2012,2012-05-07T04:00:00.000Z,1510,15,O CONNOR DR,GLENWOOD CRES, ,Major Arterial,Toronto and East York,43.702745,-79.31559,Intersection,At Intersection,Traffic Signal,Clear,Daylight,Dry,Non-Fatal Injury,SMV Other,Vehicle Owner,unknown, ,0, ,Other, , , , , , , , , , , ,Yes, , , , , ,Yes,Yes, , ,Yes,54,,,54,,1930
-79.31559,43.702745,7432660,1301849,2012,2012-05-07T04:00:00.000Z,1510,15,O CONNOR DR,GLENWOOD CRES, ,Major Arterial,Toronto and East York,43.702745,-79.31559,Intersection,At Intersection,Traffic Signal,Clear,Daylight,Dry,Non-Fatal Injury,SMV Other,Driver,20 to 24,Major,0,North,"Automobile, Station Wagon",Going Ahead,Lost control,Medical or Physical Disability, , , , , , , , ,Yes, , , , , ,Yes,Yes, , ,Yes,54,,,54,,1931
-79.31559,43.702745,7432661,1301849,2012,2012-05-07T04:00:00.000Z,1510,15,O CONNOR DR,GLENWOOD CRES, ,Major Arterial,Toronto and East York,43.702745,-79.31559,Intersection,At Intersection,Traffic Signal,Clear,Daylight,Dry,Non-Fatal Injury,SMV Other,Other Property Owner,unknown, ,0, ,Other, , , , , , , , , , , ,Yes, , , , , ,Yes,Yes, , ,Yes,54,,,54,,1932
-79.233508,43.776007,7533584,1338584,2012,2012-12-07T05:00:00.000Z,1510,15,ELLESMERE RD,MARKHAM RD, ,Major Arterial,Scarborough,43.776007,-79.233508,Mid-Block,At Intersection,No Control,Rain,Daylight,Wet,Non-Fatal Injury,Rear End,Passenger,50 to 54,Major,0, ,Other, , , , , , , , , , , ,Yes, , , , ,Yes,Yes,Yes, , , ,43,,,137,,1933
-79.233508,43.776007,7533585,1338584,2012,2012-12-07T05:00:00.000Z,1510,15,ELLESMERE RD,MARKHAM RD, ,Major Arterial,Scarborough,43.776007,-79.233508,Mid-Block,At Intersection,No Control,Rain,Daylight,Wet,Non-Fatal Injury,Rear End,Passenger,50 to 54,Minor,0, ,Other, , , , , , , , , , , ,Yes, , , , ,Yes,Yes,Yes, , , ,43,,,137,,1934
-79.233508,43.776007,7533586,1338584,2012,2012-12-07T05:00:00.000Z,1510,15,ELLESMERE RD,MARKHAM RD, ,Major Arterial,Scarborough,43.776007,-79.233508,Mid-Block,At Intersection,No Control,Rain,Daylight,Wet,Non-Fatal Injury,Rear End,Vehicle Owner,unknown, ,0, ,Other, , , , , , , , , , , ,Yes, , , , ,Yes,Yes,Yes, , , ,43,,,137,,1935
-79.233508,43.776007,7533587,1338584,2012,2012-12-07T05:00:00.000Z,1510,15,ELLESMERE RD,MARKHAM RD, ,Major Arterial,Scarborough,43.776007,-79.233508,Mid-Block,At Intersection,No Control,Rain,Daylight,Wet,Non-Fatal Injury,Rear End,Driver,45 to 49,None,0,East,"Automobile, Station Wagon",Going Ahead,Speed too Fast For Condition,Normal, , , , , , , , ,Yes, , , , ,Yes,Yes,Yes, , , ,43,,,137,,1936
-79.233508,43.776007,7533588,1338584,2012,2012-12-07T05:00:00.000Z,1510,15,ELLESMERE RD,MARKHAM RD, ,Major Arterial,Scarborough,43.776007,-79.233508,Mid-Block,At Intersection,No Control,Rain,Daylight,Wet,Non-Fatal Injury,Rear End,Driver,70 to 74,None,0,East,"Automobile, Station Wagon",Stopped,Driving Properly,Normal, , , , , , , , ,Yes, , , , ,Yes,Yes,Yes, , , ,43,,,137,,1937
-79.233508,43.776007,7533589,1338584,2012,2012-12-07T05:00:00.000Z,1510,15,ELLESMERE RD,MARKHAM RD, ,Major Arterial,Scarborough,43.776007,-79.233508,Mid-Block,At Intersection,No Control,Rain,Daylight,Wet,Non-Fatal Injury,Rear End,Vehicle Owner,unknown, ,0, ,Other, , , , , , , , , , , ,Yes, , , , ,Yes,Yes,Yes, , , ,43,,,137,,1938
-79.46399,43.788445,5381353,1047968,2008,2008-07-11T04:00:00.000Z,2155,21,STEELES AVE W,HIDDEN TRL, ,Major Arterial,North York,43.788445,-79.46399,Mid-Block, ,No Control,Clear,Dark,Dry,Fatal,Approaching,Passenger,20 to 24,Minor,0, ,Other, , , , , , , , , , , ,Yes, ,Yes, , ,Yes,Yes,Yes, , , ,32,,,35,,1939
-79.46399,43.788445,5381354,1047968,2008,2008-07-11T04:00:00.000Z,2155,21,STEELES AVE W,HIDDEN TRL, ,Major Arterial,North York,43.788445,-79.46399,Mid-Block, ,No Control,Clear,Dark,Dry,Fatal,Approaching,Driver,55 to 59,Minor,0,West,"Automobile, Station Wagon",Going Ahead,Driving Properly,Normal, , , , , , , , ,Yes, ,Yes, , ,Yes,Yes,Yes, , , ,32,,,35,,1940
-79.46399,43.788445,5381355,1047968,2008,2008-07-11T04:00:00.000Z,2155,21,STEELES AVE W,HIDDEN TRL, ,Major Arterial,North York,43.788445,-79.46399,Mid-Block, ,No Control,Clear,Dark,Dry,Fatal,Approaching,Vehicle Owner,unknown, ,0, ,Other, , , , , , , , , , , ,Yes, ,Yes, , ,Yes,Yes,Yes, , , ,32,,,35,,1941
-79.46399,43.788445,5381356,1047968,2008,2008-07-11T04:00:00.000Z,2155,21,STEELES AVE W,HIDDEN TRL, ,Major Arterial,North York,43.788445,-79.46399,Mid-Block, ,No Control,Clear,Dark,Dry,Fatal,Approaching,Driver,30 to 34,Fatal,30,East,"Automobile, Station Wagon",Going Ahead,Lost control,Unknown, , , , , , , , ,Yes, ,Yes, , ,Yes,Yes,Yes, , , ,32,,,35,,1942
-79.46399,43.788445,5381357,1047968,2008,2008-07-11T04:00:00.000Z,2155,21,STEELES AVE W,HIDDEN TRL, ,Major Arterial,North York,43.788445,-79.46399,Mid-Block, ,No Control,Clear,Dark,Dry,Fatal,Approaching,Vehicle Owner,unknown, ,0, ,Other, , , , , , , , , , , ,Yes, ,Yes, , ,Yes,Yes,Yes, , , ,32,,,35,,1943
-79.590785,43.74137,80248933,5001484830,2015,2015-08-28T04:00:00.000Z,2200,22,ALBION RD,FINCH AVE W, ,Major Arterial,Etobicoke York,43.74137,-79.590785,Mid-Block,Non Intersection,No Control,Clear,Daylight,Dry,Non-Fatal Injury,Approaching,Driver,15 to 19,Minor,0,East,"Automobile, Station Wagon",Going Ahead,Lost control,Unknown, , , , , , , , ,Yes, , , , ,Yes,Yes,Yes, , , ,23,,,2,,1944
-79.590785,43.74137,80248934,5001484830,2015,2015-08-28T04:00:00.000Z,2200,22,ALBION RD,FINCH AVE W, ,Major Arterial,Etobicoke York,43.74137,-79.590785,Mid-Block,Non Intersection,No Control,Clear,Daylight,Dry,Non-Fatal Injury,Approaching,Driver,40 to 44,Minor,0,West,"Automobile, Station Wagon",Going Ahead,Driving Properly,Normal, , , , , , , , ,Yes, , , , ,Yes,Yes,Yes, , , ,23,,,2,,1945
-79.590785,43.74137,80248935,5001484830,2015,2015-08-28T04:00:00.000Z,2200,22,ALBION RD,FINCH AVE W, ,Major Arterial,Etobicoke York,43.74137,-79.590785,Mid-Block,Non Intersection,No Control,Clear,Daylight,Dry,Non-Fatal Injury,Approaching,Passenger,15 to 19,Major,0, , , , , , , , , , , , , ,Yes, , , , ,Yes,Yes,Yes, , , ,23,,,2,,1946
-79.40669,43.780545,7852275,1370644,2013,2013-08-15T04:00:00.000Z,2201,22,WILLOWDALE AVE,OLIVE AVE, ,Minor Arterial,North York,43.780545,-79.40669,Intersection,At Intersection,No Control,Clear,"Dark, artificial",Dry,Fatal,Turning Movement,Vehicle Owner,unknown, ,0, ,"Automobile, Station Wagon", , , , , , , , , , , ,Yes,Yes, , , , ,Yes,Yes, , , ,32,,,51,,1947
-79.40669,43.780545,7852276,1370644,2013,2013-08-15T04:00:00.000Z,2201,22,WILLOWDALE AVE,OLIVE AVE, ,Minor Arterial,North York,43.780545,-79.40669,Intersection,At Intersection,No Control,Clear,"Dark, artificial",Dry,Fatal,Turning Movement,Driver,65 to 69,None,0,South,"Automobile, Station Wagon",Turning Left,Driving Properly,Normal, , , , , , , , ,Yes,Yes, , , , ,Yes,Yes, , , ,32,,,51,,1948
-79.40669,43.780545,7852277,1370644,2013,2013-08-15T04:00:00.000Z,2201,22,WILLOWDALE AVE,OLIVE AVE, ,Minor Arterial,North York,43.780545,-79.40669,Intersection,At Intersection,No Control,Clear,"Dark, artificial",Dry,Fatal,Turning Movement,Vehicle Owner,unknown, ,0, ,Other, , , , , , , , , , , ,Yes,Yes, , , , ,Yes,Yes, , , ,32,,,51,,1949
-79.40669,43.780545,7852278,1370644,2013,2013-08-15T04:00:00.000Z,2201,22,WILLOWDALE AVE,OLIVE AVE, ,Minor Arterial,North York,43.780545,-79.40669,Intersection,At Intersection,No Control,Clear,"Dark, artificial",Dry,Fatal,Turning Movement,Motorcycle Driver,20 to 24,Fatal,31,North,Motorcycle,Going Ahead,Exceeding Speed Limit,Unknown, , , , , , , , ,Yes,Yes, , , , ,Yes,Yes, , , ,32,,,51,,1950
-79.54409,43.751745,5293168,1128059,2009,2009-09-02T04:00:00.000Z,2203,22,FINCH AVE W,JAYZEL DR, ,Major Arterial,Etobicoke York,43.751745,-79.54409,Mid-Block, ,No Control,Clear,Dark,Dry,Non-Fatal Injury,Pedestrian Collisions,Driver,25 to 29,None,0,East,"Automobile, Station Wagon",Going Ahead,Exceeding Speed Limit,"Ability Impaired, Alcohol Over .08", , , , , , ,Yes, ,Yes, , , , , ,Yes,Yes, ,Yes, ,31,,,22,,1951
-79.54409,43.751745,5293169,1128059,2009,2009-09-02T04:00:00.000Z,2203,22,FINCH AVE W,JAYZEL DR, ,Major Arterial,Etobicoke York,43.751745,-79.54409,Mid-Block, ,No Control,Clear,Dark,Dry,Non-Fatal Injury,Pedestrian Collisions,Pedestrian,25 to 29,Major,0, ,Other, , , ,Pedestrian hit at mid-block,Person Getting on/off Vehicle,Normal, , , ,Yes, ,Yes, , , , , ,Yes,Yes, ,Yes, ,31,,,22,,1952
-79.353244,43.785887,80984815,8002281849,2018,2018-12-12T05:00:00.000Z,2205,22,3030 DON MILLS RD W, ,160 m South of,Major Arterial,North York,43.785887,-79.353244,Mid-Block,Non Intersection,No Control,Clear,"Dark, artificial",Other,Non-Fatal Injury,SMV Other,Driver,20 to 24,Major,0,South,"Automobile, Station Wagon",Going Ahead,Speed too Fast For Condition,Inattentive, , , , , , , , ,Yes, , , , ,Yes,Yes,Yes, , , ,33,,,47,,1953
-79.353244,43.785887,80984816,8002281849,2018,2018-12-12T05:00:00.000Z,2205,22,3030 DON MILLS RD W, ,160 m South of,Major Arterial,North York,43.785887,-79.353244,Mid-Block,Non Intersection,No Control,Clear,"Dark, artificial",Other,Non-Fatal Injury,SMV Other,Passenger,20 to 24,None,0, , , , , , , , , , , , , ,Yes, , , , ,Yes,Yes,Yes, , , ,33,,,47,,1954
-79.353244,43.785887,80984817,8002281849,2018,2018-12-12T05:00:00.000Z,2205,22,3030 DON MILLS RD W, ,160 m South of,Major Arterial,North York,43.785887,-79.353244,Mid-Block,Non Intersection,No Control,Clear,"Dark, artificial",Other,Non-Fatal Injury,SMV Other,Passenger,20 to 24,Minor,0, , , , , , , , , , , , , ,Yes, , , , ,Yes,Yes,Yes, , , ,33,,,47,,1955
-79.353244,43.785887,80984818,8002281849,2018,2018-12-12T05:00:00.000Z,2205,22,3030 DON MILLS RD W, ,160 m South of,Major Arterial,North York,43.785887,-79.353244,Mid-Block,Non Intersection,No Control,Clear,"Dark, artificial",Other,Non-Fatal Injury,SMV Other,Passenger,20 to 24,Minor,0, , , , , , , , , , , , , ,Yes, , , , ,Yes,Yes,Yes, , , ,33,,,47,,1956
-79.50262,43.626326,80503472,6000555439,2016,2016-04-01T04:00:00.000Z,2206,22,THE QUEENSWAY,ROYAL YORK RD, ,Major Arterial,Etobicoke York,43.626326,-79.50262,Intersection,At Intersection,Traffic Signal,Clear,"Dark, artificial",Dry,Non-Fatal Injury,Turning Movement,Driver,45 to 49,Minimal,0,East,"Automobile, Station Wagon",Turning Left,Improper Turn,Normal, , , , , , , , ,Yes, , , , ,Yes,Yes,Yes, , , ,22,,,16,,1957
-79.50262,43.626326,80503473,6000555439,2016,2016-04-01T04:00:00.000Z,2206,22,THE QUEENSWAY,ROYAL YORK RD, ,Major Arterial,Etobicoke York,43.626326,-79.50262,Intersection,At Intersection,Traffic Signal,Clear,"Dark, artificial",Dry,Non-Fatal Injury,Turning Movement,Driver,20 to 24,Minor,0,West,"Automobile, Station Wagon",Going Ahead,Exceeding Speed Limit,Normal, , , , , , , , ,Yes, , , , ,Yes,Yes,Yes, , , ,22,,,16,,1958
-79.50262,43.626326,80503474,6000555439,2016,2016-04-01T04:00:00.000Z,2206,22,THE QUEENSWAY,ROYAL YORK RD, ,Major Arterial,Etobicoke York,43.626326,-79.50262,Intersection,At Intersection,Traffic Signal,Clear,"Dark, artificial",Dry,Non-Fatal Injury,Turning Movement,Passenger,15 to 19,Minimal,0, , , , , , , , , , , , , ,Yes, , , , ,Yes,Yes,Yes, , , ,22,,,16,,1959
-79.50262,43.626326,80503475,6000555439,2016,2016-04-01T04:00:00.000Z,2206,22,THE QUEENSWAY,ROYAL YORK RD, ,Major Arterial,Etobicoke York,43.626326,-79.50262,Intersection,At Intersection,Traffic Signal,Clear,"Dark, artificial",Dry,Non-Fatal Injury,Turning Movement,Passenger,25 to 29,Major,0, , , , , , , , , , , , , ,Yes, , , , ,Yes,Yes,Yes, , , ,22,,,16,,1960
-79.53279,43.754045,6662842,1248453,2011,2011-06-26T04:00:00.000Z,2208,22,FINCH AVE W,400 S FINCH E RAMP N, ,Expressway,Etobicoke York,43.754045,-79.53279,Intersection,At Intersection,Traffic Signal,Clear,Dark,Dry,Non-Fatal Injury,Rear End,Passenger,10 to 14,Major,0, ,Other, , , , , , , , , , , ,Yes, , , , ,Yes,Yes,Yes, , , ,31,,,21,,1961
-79.53279,43.754045,6662843,1248453,2011,2011-06-26T04:00:00.000Z,2208,22,FINCH AVE W,400 S FINCH E RAMP N, ,Expressway,Etobicoke York,43.754045,-79.53279,Intersection,At Intersection,Traffic Signal,Clear,Dark,Dry,Non-Fatal Injury,Rear End,Passenger,25 to 29,Minor,0, ,Other, , , , , , , , , , , ,Yes, , , , ,Yes,Yes,Yes, , , ,31,,,21,,1962
-79.53279,43.754045,6662844,1248453,2011,2011-06-26T04:00:00.000Z,2208,22,FINCH AVE W,400 S FINCH E RAMP N, ,Expressway,Etobicoke York,43.754045,-79.53279,Intersection,At Intersection,Traffic Signal,Clear,Dark,Dry,Non-Fatal Injury,Rear End,Driver,35 to 39,Minor,0,West,"Automobile, Station Wagon",Going Ahead,Driving Properly,Normal, , , , , , , , ,Yes, , , , ,Yes,Yes,Yes, , , ,31,,,21,,1963
-79.53279,43.754045,6662845,1248453,2011,2011-06-26T04:00:00.000Z,2208,22,FINCH AVE W,400 S FINCH E RAMP N, ,Expressway,Etobicoke York,43.754045,-79.53279,Intersection,At Intersection,Traffic Signal,Clear,Dark,Dry,Non-Fatal Injury,Rear End,Vehicle Owner,unknown, ,0, ,Other, , , , , , , , , , , ,Yes, , , , ,Yes,Yes,Yes, , , ,31,,,21,,1964
-79.53279,43.754045,6662846,1248453,2011,2011-06-26T04:00:00.000Z,2208,22,FINCH AVE W,400 S FINCH E RAMP N, ,Expressway,Etobicoke York,43.754045,-79.53279,Intersection,At Intersection,Traffic Signal,Clear,Dark,Dry,Non-Fatal Injury,Rear End,Driver,35 to 39,None,0,West,"Automobile, Station Wagon",Going Ahead,Speed too Fast For Condition,Normal, , , , , , , , ,Yes, , , , ,Yes,Yes,Yes, , , ,31,,,21,,1965
-79.53279,43.754045,6662847,1248453,2011,2011-06-26T04:00:00.000Z,2208,22,FINCH AVE W,400 S FINCH E RAMP N, ,Expressway,Etobicoke York,43.754045,-79.53279,Intersection,At Intersection,Traffic Signal,Clear,Dark,Dry,Non-Fatal Injury,Rear End,Passenger,55 to 59,Minimal,0, ,Other, , , , , , , , , , , ,Yes, , , , ,Yes,Yes,Yes, , , ,31,,,21,,1966
-79.53279,43.754045,6662848,1248453,2011,2011-06-26T04:00:00.000Z,2208,22,FINCH AVE W,400 S FINCH E RAMP N, ,Expressway,Etobicoke York,43.754045,-79.53279,Intersection,At Intersection,Traffic Signal,Clear,Dark,Dry,Non-Fatal Injury,Rear End,Driver,55 to 59,Minimal,0,West,"Automobile, Station Wagon",Going Ahead,Driving Properly,Normal, , , , , , , , ,Yes, , , , ,Yes,Yes,Yes, , , ,31,,,21,,1967
-79.403369,43.643778,6805959,1263909,2011,2011-11-05T04:00:00.000Z,2211,22,KING ST W,BATHURST ST, ,Major Arterial,Toronto and East York,43.643778,-79.403369,Mid-Block, ,No Control,Clear,"Dark, artificial",Dry,Non-Fatal Injury,Pedestrian Collisions,Vehicle Owner,unknown, ,0, ,Other, , , , , , , , , ,Yes, ,Yes, , ,Yes, , ,Yes,Yes, ,Yes, ,14,,,82,,1968
-79.403369,43.643778,6805960,1263909,2011,2011-11-05T04:00:00.000Z,2211,22,KING ST W,BATHURST ST, ,Major Arterial,Toronto and East York,43.643778,-79.403369,Mid-Block, ,No Control,Clear,"Dark, artificial",Dry,Non-Fatal Injury,Pedestrian Collisions,Driver,20 to 24,None,0,West,"Automobile, Station Wagon",Going Ahead,Exceeding Speed Limit,"Ability Impaired, Alcohol Over .08", , , , , , ,Yes, ,Yes, , ,Yes, , ,Yes,Yes, ,Yes, ,14,,,82,,1969
-79.403369,43.643778,6805961,1263909,2011,2011-11-05T04:00:00.000Z,2211,22,KING ST W,BATHURST ST, ,Major Arterial,Toronto and East York,43.643778,-79.403369,Mid-Block, ,No Control,Clear,"Dark, artificial",Dry,Non-Fatal Injury,Pedestrian Collisions,Pedestrian,25 to 29,Minor,0,West,Other, , , ,Pedestrian hit on sidewalk or shoulder,On Sidewalk or Shoulder,Normal, , , ,Yes, ,Yes, , ,Yes, , ,Yes,Yes, ,Yes, ,14,,,82,,1970
-79.403369,43.643778,6805962,1263909,2011,2011-11-05T04:00:00.000Z,2211,22,KING ST W,BATHURST ST, ,Major Arterial,Toronto and East York,43.643778,-79.403369,Mid-Block, ,No Control,Clear,"Dark, artificial",Dry,Non-Fatal Injury,Pedestrian Collisions,Pedestrian,30 to 34,Major,0,West,Other, , , ,Pedestrian hit on sidewalk or shoulder,On Sidewalk or Shoulder,Normal, , , ,Yes, ,Yes, , ,Yes, , ,Yes,Yes, ,Yes, ,14,,,82,,1971
-79.403369,43.643778,6805963,1263909,2011,2011-11-05T04:00:00.000Z,2211,22,KING ST W,BATHURST ST, ,Major Arterial,Toronto and East York,43.643778,-79.403369,Mid-Block, ,No Control,Clear,"Dark, artificial",Dry,Non-Fatal Injury,Pedestrian Collisions,Vehicle Owner,unknown, ,0, ,Other, , , , , , , , , ,Yes, ,Yes, , ,Yes, , ,Yes,Yes, ,Yes, ,14,,,82,,1972
-79.403369,43.643778,6805964,1263909,2011,2011-11-05T04:00:00.000Z,2211,22,KING ST W,BATHURST ST, ,Major Arterial,Toronto and East York,43.643778,-79.403369,Mid-Block, ,No Control,Clear,"Dark, artificial",Dry,Non-Fatal Injury,Pedestrian Collisions,Driver,30 to 34,None,0,East,Municipal Transit Bus (TTC),Stopped,Driving Properly,Normal, , , , , , ,Yes, ,Yes, , ,Yes, , ,Yes,Yes, ,Yes, ,14,,,82,,1973
-79.24749,43.823245,7527528,1302410,2012,2012-07-06T04:00:00.000Z,2212,22,MARKHAM Rd,MCNICOLL Ave, ,Major Arterial,Scarborough,43.823245,-79.24749,Mid-Block, ,No Control,Clear,"Dark, artificial",Dry,Non-Fatal Injury,SMV Other,Passenger,20 to 24,Minor,0, ,Other, , , , , , , , , , , ,Yes, , , , ,Yes,Yes,Yes, , , ,42,,,131,,1974
-79.24749,43.823245,7527529,1302410,2012,2012-07-06T04:00:00.000Z,2212,22,MARKHAM Rd,MCNICOLL Ave, ,Major Arterial,Scarborough,43.823245,-79.24749,Mid-Block, ,No Control,Clear,"Dark, artificial",Dry,Non-Fatal Injury,SMV Other,Driver,20 to 24,Major,0,South,"Automobile, Station Wagon",Going Ahead,Exceeding Speed Limit,Unknown, , , , , , , , ,Yes, , , , ,Yes,Yes,Yes, , , ,42,,,131,,1975
-79.56319,43.674445,5251737,1110013,2009,2009-06-18T04:00:00.000Z,2213,22,EGLINTON AVE W,MARTIN GROVE RD, ,Major Arterial,Etobicoke York,43.674445,-79.56319,Intersection, ,Traffic Controller,Clear,Dark,Dry,Non-Fatal Injury,Turning Movement,Driver,40 to 44,Major,0,East,"Automobile, Station Wagon",Turning Left,Failed to Yield Right of Way,Normal, , , , , , , , ,Yes, , , , , ,Yes,Yes, , , ,"23,22",,,11,,1976
-79.56319,43.674445,5251738,1110013,2009,2009-06-18T04:00:00.000Z,2213,22,EGLINTON AVE W,MARTIN GROVE RD, ,Major Arterial,Etobicoke York,43.674445,-79.56319,Intersection, ,Traffic Controller,Clear,Dark,Dry,Non-Fatal Injury,Turning Movement,Driver,20 to 24,Major,0,West,"Automobile, Station Wagon",Going Ahead,Driving Properly,Normal, , , , , , , , ,Yes, , , , , ,Yes,Yes, , , ,"23,22",,,11,,1977
-79.46829,43.672345,6633739,1236150,2011,2011-04-27T04:00:00.000Z,2213,22,ST CLAIR AVE W,KEELE ST, ,Major Arterial,Etobicoke York,43.672345,-79.46829,Mid-Block, ,No Control,Clear,Dark,Dry,Non-Fatal Injury,SMV Other,Passenger,25 to 29,Major,0, ,Other, , , , , , , , , , , ,Yes, , , , ,Yes,Yes,Yes, ,Yes, ,"12,11",,,90,,1978
-79.46829,43.672345,6633740,1236150,2011,2011-04-27T04:00:00.000Z,2213,22,ST CLAIR AVE W,KEELE ST, ,Major Arterial,Etobicoke York,43.672345,-79.46829,Mid-Block, ,No Control,Clear,Dark,Dry,Non-Fatal Injury,SMV Other,Driver,20 to 24,Minimal,0,West,"Automobile, Station Wagon",Going Ahead,Lost control,"Ability Impaired, Alcohol Over .08", , , , , , , , ,Yes, , , , ,Yes,Yes,Yes, ,Yes, ,"12,11",,,90,,1979
-79.46829,43.672345,6633741,1236150,2011,2011-04-27T04:00:00.000Z,2213,22,ST CLAIR AVE W,KEELE ST, ,Major Arterial,Etobicoke York,43.672345,-79.46829,Mid-Block, ,No Control,Clear,Dark,Dry,Non-Fatal Injury,SMV Other,Other Property Owner,unknown, ,0, ,Other, , , , , , , , , , , ,Yes, , , , ,Yes,Yes,Yes, ,Yes, ,"12,11",,,90,,1980