X,Y,Index_,ACCNUM,YEAR,DATE,TIME,Hour,STREET1,STREET2,OFFSET,ROAD_CLASS,District,LATITUDE,LONGITUDE,LOCCOORD,ACCLOC,TRAFFCTL,VISIBILITY,LIGHT,RDSFCOND,ACCLASS,IMPACTYPE,INVTYPE,INVAGE,INJURY,FATAL_NO,INITDIR,VEHTYPE,MANOEUVER,DRIVACT,DRIVCOND,PEDTYPE,PEDACT,PEDCOND,CYCLISTYPE,CYCACT,CYCCOND,PEDESTRIAN,CYCLIST,AUTOMOBILE,MOTORCYCLE,TRUCK,TRSN_CITY_,EMERG_VEH,PASSENGER,SPEEDING,AG_DRIV,REDLIGHT,ALCOHOL,DISABILITY,Division,Ward_Name,Ward_ID,Hood_ID,Hood_Name,ObjectId
-79.425586,43.629969,80769203,6001515823,2016,2016-08-26T04:00:00.000Z,2215,22,LAKE SHORE BLVD W,BRITISH COLUMBIA RD,368 m East of,Major Arterial,Toronto and East York,43.629969,-79.425586,Mid-Block,Non Intersection,No Control,Clear,"Dark, artificial",Dry,Non-Fatal Injury,Sideswipe,Motorcycle Driver,40 to 44,Major,0,East,Motorcycle,Going Ahead,Lost control,Normal, , , , , , , , ,Yes,Yes, , , ,Yes,Yes,Yes, , , ,14,,,82,,1981
-79.425586,43.629969,80769204,6001515823,2016,2016-08-26T04:00:00.000Z,2215,22,LAKE SHORE BLVD W,BRITISH COLUMBIA RD,368 m East of,Major Arterial,Toronto and East York,43.629969,-79.425586,Mid-Block,Non Intersection,No Control,Clear,"Dark, artificial",Dry,Non-Fatal Injury,Sideswipe,Driver,55 to 59,None,0,East,"Automobile, Station Wagon",Going Ahead,Driving Properly,Normal, , , , , , , , ,Yes,Yes, , , ,Yes,Yes,Yes, , , ,14,,,82,,1982
-79.425586,43.629969,80769205,6001515823,2016,2016-08-26T04:00:00.000Z,2215,22,LAKE SHORE BLVD W,BRITISH COLUMBIA RD,368 m East of,Major Arterial,Toronto and East York,43.629969,-79.425586,Mid-Block,Non Intersection,No Control,Clear,"Dark, artificial",Dry,Non-Fatal Injury,Sideswipe,Passenger,50 to 54,None,0, , , , , , , , , , , , , ,Yes,Yes, , , ,Yes,Yes,Yes, , , ,14,,,82,,1983
-79.57159,43.738245,6195570,1191325,2010,2010-09-24T04:00:00.000Z,2225,22,ALBION RD,TODD BROOK DR, ,Major Arterial,Etobicoke York,43.738245,-79.57159,Intersection, ,No Control,Clear,Dark,Dry,Non-Fatal Injury,Rear End,Motorcycle Driver,20 to 24,Major,0,East,Motorcycle,Going Ahead,Exceeding Speed Limit,Normal, , , , , , , , ,Yes,Yes, , , , ,Yes,Yes, , , ,23,,,3,,1984
-79.57159,43.738245,6195571,1191325,2010,2010-09-24T04:00:00.000Z,2225,22,ALBION RD,TODD BROOK DR, ,Major Arterial,Etobicoke York,43.738245,-79.57159,Intersection, ,No Control,Clear,Dark,Dry,Non-Fatal Injury,Rear End,Driver,50 to 54,None,0,East,"Automobile, Station Wagon",Going Ahead,Driving Properly,Normal, , , , , , , , ,Yes,Yes, , , , ,Yes,Yes, , , ,23,,,3,,1985
-79.21289,43.799145,6804372,1224710,2011,2011-03-24T04:00:00.000Z,2225,22,SHEPPARD AVE E,MURISON BLVD, ,Major Arterial,Scarborough,43.799145,-79.21289,Intersection,At Intersection,Traffic Signal,Clear,Dark,Dry,Fatal,Pedestrian Collisions,Driver,30 to 34,None,0,East,"Automobile, Station Wagon",Going Ahead,Exceeding Speed Limit,Normal, , , , , , ,Yes, ,Yes, , , , , ,Yes,Yes, , , ,42,,,132,,1986
-79.21289,43.799145,6804373,1224710,2011,2011-03-24T04:00:00.000Z,2225,22,SHEPPARD AVE E,MURISON BLVD, ,Major Arterial,Scarborough,43.799145,-79.21289,Intersection,At Intersection,Traffic Signal,Clear,Dark,Dry,Fatal,Pedestrian Collisions,Pedestrian,20 to 24,Fatal,6,South,Other, , , ,Vehicle is going straight thru inter.while ped cross without ROW,Crossing without right of way,Normal, , , ,Yes, ,Yes, , , , , ,Yes,Yes, , , ,42,,,132,,1987
-79.50146,43.741427,80722541,6002020311,2016,2016-11-13T05:00:00.000Z,2225,22,SHEPPARD AVE W,ARLETA AVE, ,Major Arterial,North York,43.741427,-79.50146,Intersection,At Intersection,Traffic Signal,Clear,"Dark, artificial",Dry,Non-Fatal Injury,Turning Movement,Driver,25 to 29,None,0,North,"Automobile, Station Wagon",Turning Left,Failed to Yield Right of Way,Inattentive, , , , , , , , ,Yes,Yes, , , , ,Yes,Yes, , , ,31,,,25,,1988
-79.50146,43.741427,80722594,6002020311,2016,2016-11-13T05:00:00.000Z,2225,22,SHEPPARD AVE W,ARLETA AVE, ,Major Arterial,North York,43.741427,-79.50146,Intersection,At Intersection,Traffic Signal,Clear,"Dark, artificial",Dry,Non-Fatal Injury,Turning Movement,Motorcycle Driver,45 to 49,Major,0,West,Motorcycle,Going Ahead,Speed too Fast For Condition,Normal, , , , , , , , ,Yes,Yes, , , , ,Yes,Yes, , , ,31,,,25,,1989
-79.50146,43.741427,80722595,6002020311,2016,2016-11-13T05:00:00.000Z,2225,22,SHEPPARD AVE W,ARLETA AVE, ,Major Arterial,North York,43.741427,-79.50146,Intersection,At Intersection,Traffic Signal,Clear,"Dark, artificial",Dry,Non-Fatal Injury,Turning Movement,Driver,50 to 54,None,0,West,"Automobile, Station Wagon",Going Ahead,Driving Properly,Normal, , , , , , , , ,Yes,Yes, , , , ,Yes,Yes, , , ,31,,,25,,1990
-79.51839,43.718745,5374244,1044815,2008,2008-06-24T04:00:00.000Z,2226,22,WILSON AVE,JETHRO RD, ,Major Arterial,Etobicoke York,43.718745,-79.51839,Intersection,At Intersection,Traffic Signal,Clear,Dark,Dry,Fatal,Pedestrian Collisions,Vehicle Owner,unknown, ,0, ,Other, , , , , , , , , ,Yes, ,Yes, , , , , ,Yes,Yes, , , ,31,,,26,,1991
-79.51839,43.718745,5374245,1044815,2008,2008-06-24T04:00:00.000Z,2226,22,WILSON AVE,JETHRO RD, ,Major Arterial,Etobicoke York,43.718745,-79.51839,Intersection,At Intersection,Traffic Signal,Clear,Dark,Dry,Fatal,Pedestrian Collisions,Driver,25 to 29,None,0,East,"Automobile, Station Wagon",Going Ahead,Driving Properly,Normal, , , , , , ,Yes, ,Yes, , , , , ,Yes,Yes, , , ,31,,,26,,1992
-79.51839,43.718745,5374246,1044815,2008,2008-06-24T04:00:00.000Z,2226,22,WILSON AVE,JETHRO RD, ,Major Arterial,Etobicoke York,43.718745,-79.51839,Intersection,At Intersection,Traffic Signal,Clear,Dark,Dry,Fatal,Pedestrian Collisions,Pedestrian,75 to 79,Fatal,27,North,Other, , , ,Vehicle is going straight thru inter.while ped cross without ROW,Crossing without right of way,Unknown, , , ,Yes, ,Yes, , , , , ,Yes,Yes, , , ,31,,,26,,1993
-79.43188,43.699633,80252558,5001740132,2015,2015-10-08T04:00:00.000Z,2227,22,EGLINTON AVE W,MENIN RD,16 m West of,Major Arterial,Toronto and East York,43.699633,-79.43188,Intersection,Intersection Related,No Control,Rain,"Dark, artificial",Wet,Non-Fatal Injury,Pedestrian Collisions,Driver,35 to 39,None,0,West,Municipal Transit Bus (TTC),Going Ahead,Speed too Fast For Condition,Normal, , , , , , ,Yes, , , , ,Yes, , ,Yes,Yes, , , ,13,,,106,,1994
-79.43188,43.699633,80252559,5001740132,2015,2015-10-08T04:00:00.000Z,2227,22,EGLINTON AVE W,MENIN RD,16 m West of,Major Arterial,Toronto and East York,43.699633,-79.43188,Intersection,Intersection Related,No Control,Rain,"Dark, artificial",Wet,Non-Fatal Injury,Pedestrian Collisions,Pedestrian,85 to 89,Major,0,Unknown, , , , ,Pedestrian involved in a collision with transit vehicle anywhere along roadway,"Crossing, no Traffic Control",Normal, , , ,Yes, , , , ,Yes, , ,Yes,Yes, , , ,13,,,106,,1995
-79.43179,43.674645,5342803,1030716,2008,2008-03-17T04:00:00.000Z,2230,22,DAVENPORT RD,SOMERSET AVE, ,Minor Arterial,Toronto and East York,43.674645,-79.43179,Mid-Block, ,No Control,Clear,Dark,Dry,Non-Fatal Injury,Pedestrian Collisions,Driver,unknown,None,0,East,"Automobile, Station Wagon",Going Ahead,Exceeding Speed Limit,Unknown, , , , , , ,Yes, ,Yes, , , , , ,Yes,Yes, , , ,13,,,94,,1996
-79.43179,43.674645,5342804,1030716,2008,2008-03-17T04:00:00.000Z,2230,22,DAVENPORT RD,SOMERSET AVE, ,Minor Arterial,Toronto and East York,43.674645,-79.43179,Mid-Block, ,No Control,Clear,Dark,Dry,Non-Fatal Injury,Pedestrian Collisions,Pedestrian,65 to 69,Major,0, ,Other, , , ,Pedestrian hit at mid-block,Person Getting on/off Vehicle,Normal, , , ,Yes, ,Yes, , , , , ,Yes,Yes, , , ,13,,,94,,1997
-79.45428,43.741828,80230356,5000220860,2015,2015-02-06T05:00:00.000Z,2231,22,TRANSIT RD,WILLIAM R ALLEN RD S, ,Expressway,North York,43.741828,-79.45428,Intersection,At Intersection,Traffic Signal,Clear,"Dark, artificial",Dry,Non-Fatal Injury,Turning Movement,Driver,20 to 24,Major,0,West,"Automobile, Station Wagon",Turning Left,Disobeyed Traffic Control,Inattentive, , , , , , , , ,Yes, , ,Yes, , ,Yes,Yes,Yes, , ,32,,,33,,1998
-79.45428,43.741828,80230357,5000220860,2015,2015-02-06T05:00:00.000Z,2231,22,TRANSIT RD,WILLIAM R ALLEN RD S, ,Expressway,North York,43.741828,-79.45428,Intersection,At Intersection,Traffic Signal,Clear,"Dark, artificial",Dry,Non-Fatal Injury,Turning Movement,Driver,35 to 39,None,0,North,Municipal Transit Bus (TTC),Going Ahead,Driving Properly,Normal, , , , , , , , ,Yes, , ,Yes, , ,Yes,Yes,Yes, , ,32,,,33,,1999
-79.59279,43.711345,6196034,1191546,2010,2010-09-26T04:00:00.000Z,2235,22,HIGHWAY 27  N,VICE REGENT BLVD, ,Major Arterial,Etobicoke York,43.711345,-79.59279,Intersection,At Intersection,Stop Sign,Clear,Dark,Dry,Fatal,Turning Movement,Vehicle Owner,unknown, ,0, ,Other, , , , , , , , , , , ,Yes, , , , ,Yes,Yes,Yes, ,Yes, ,23,,,1,,2000
-79.52479,43.618045,5245961,1107460,2009,2009-06-22T04:00:00.000Z,0,0,F G GARDINER XY  E,KIPLING AVE, ,Expressway,Etobicoke York,43.618045,-79.52479,Mid-Block, ,No Control,Clear,Daylight,Dry,Non-Fatal Injury,Sideswipe,Motorcycle Driver,25 to 29,Major,0,East,Motorcycle,Going Ahead,Driving Properly,Normal, , , , , , , , ,Yes,Yes, , , , ,Yes,Yes, , , ,22,,,17,,1
-79.52479,43.618045,5245962,1107460,2009,2009-06-22T04:00:00.000Z,0,0,F G GARDINER XY  E,KIPLING AVE, ,Expressway,Etobicoke York,43.618045,-79.52479,Mid-Block, ,No Control,Clear,Daylight,Dry,Non-Fatal Injury,Sideswipe,Driver,40 to 44,None,0,East,"Automobile, Station Wagon",Changing Lanes,Improper Lane Change,Normal, , , , , , , , ,Yes,Yes, , , , ,Yes,Yes, , , ,22,,,17,,2
-79.511226,43.759463,7863107,1375311,2013,2013-09-14T04:00:00.000Z,0,0,POTSDAM RD,WILMONT DR, ,Local,Etobicoke York,43.759463,-79.511226,Mid-Block, ,No Control,Clear,Daylight,Dry,Non-Fatal Injury,SMV Unattended Vehicle,Driver,20 to 24,Major,0,East,"Automobile, Station Wagon",Going Ahead,Exceeding Speed Limit,Unknown, , , , , , , , ,Yes, , , , , ,Yes,Yes, , , ,31,,,24,,3
-79.511226,43.759463,7863108,1375311,2013,2013-09-14T04:00:00.000Z,0,0,POTSDAM RD,WILMONT DR, ,Local,Etobicoke York,43.759463,-79.511226,Mid-Block, ,No Control,Clear,Daylight,Dry,Non-Fatal Injury,SMV Unattended Vehicle,Other,70 to 74,None,0,East,"Automobile, Station Wagon",Parked, , , , , , , , , , ,Yes, , , , , ,Yes,Yes, , , ,31,,,24,,4
-79.418048,43.790209,80792418,7001731321,2017,2017-09-24T04:00:00.000Z,0,0,YONGE ST,CENTRE AVE,80 m South of,Major Arterial,North York,43.790209,-79.418048,Mid-Block,Non Intersection,No Control,Clear,"Dark, artificial",Dry,Non-Fatal Injury,Pedestrian Collisions,Driver,25 to 29,None,0,North,"Automobile, Station Wagon",Going Ahead,Lost control,Inattentive, , , , , , ,Yes, ,Yes, , , , , ,Yes,Yes, , , ,32,,,50,,5
-79.418048,43.790209,80792419,7001731321,2017,2017-09-24T04:00:00.000Z,0,0,YONGE ST,CENTRE AVE,80 m South of,Major Arterial,North York,43.790209,-79.418048,Mid-Block,Non Intersection,No Control,Clear,"Dark, artificial",Dry,Non-Fatal Injury,Pedestrian Collisions,Pedestrian,30 to 34,Major,0,Unknown, , , , ,Pedestrian hit on sidewalk or shoulder,On Sidewalk or Shoulder,Normal, , , ,Yes, ,Yes, , , , , ,Yes,Yes, , , ,32,,,50,,6
-79.418048,43.790209,80792420,7001731321,2017,2017-09-24T04:00:00.000Z,0,0,YONGE ST,CENTRE AVE,80 m South of,Major Arterial,North York,43.790209,-79.418048,Mid-Block,Non Intersection,No Control,Clear,"Dark, artificial",Dry,Non-Fatal Injury,Pedestrian Collisions,Pedestrian,30 to 34,Major,0,Unknown, , , , ,Pedestrian hit on sidewalk or shoulder,On Sidewalk or Shoulder,Normal, , , ,Yes, ,Yes, , , , , ,Yes,Yes, , , ,32,,,50,,7
-79.561664,43.645896,80489774,5001661734,2015,2015-09-26T04:00:00.000Z,1,0,BURNHAMTHORPE RD,427 C N BURNHAMTHORPE RAMP, ,Expressway,Etobicoke York,43.645896,-79.561664,Intersection,At Intersection,Traffic Signal,Clear,"Dark, artificial",Dry,Fatal,Turning Movement,Driver,30 to 34,Fatal,47,East,"Automobile, Station Wagon",Going Ahead,Disobeyed Traffic Control,"Ability Impaired, Alcohol", , , , , , , , ,Yes, , , , , ,Yes,Yes,Yes,Yes, ,22,,,14,,8
-79.561664,43.645896,80489775,5001661734,2015,2015-09-26T04:00:00.000Z,1,0,BURNHAMTHORPE RD,427 C N BURNHAMTHORPE RAMP, ,Expressway,Etobicoke York,43.645896,-79.561664,Intersection,At Intersection,Traffic Signal,Clear,"Dark, artificial",Dry,Fatal,Turning Movement,Driver,20 to 24,Major,0,North,"Automobile, Station Wagon",Turning Left,Driving Properly,Normal, , , , , , , , ,Yes, , , , , ,Yes,Yes,Yes,Yes, ,22,,,14,,9
-79.164188,43.785041,80943288,8000710389,2018,2018-04-21T04:00:00.000Z,1,0,HIGHWAY 2A  E,LAWSON RD,400 m East of, , ,43.785041,-79.164188,Mid-Block,Non Intersection,No Control,Clear,Dark,Dry,Non-Fatal Injury,Rear End,Passenger,50 to 54,None,0, , , , , , , , , , , , , ,Yes, , , , ,Yes,Yes,Yes, , , , ,,,133,,10
-79.164188,43.785041,80943289,8000710389,2018,2018-04-21T04:00:00.000Z,1,0,HIGHWAY 2A  E,LAWSON RD,400 m East of, , ,43.785041,-79.164188,Mid-Block,Non Intersection,No Control,Clear,Dark,Dry,Non-Fatal Injury,Rear End,Passenger,60 to 64,Minimal,0, , , , , , , , , , , , , ,Yes, , , , ,Yes,Yes,Yes, , , , ,,,133,,11
-79.164188,43.785041,80943290,8000710389,2018,2018-04-21T04:00:00.000Z,1,0,HIGHWAY 2A  E,LAWSON RD,400 m East of, , ,43.785041,-79.164188,Mid-Block,Non Intersection,No Control,Clear,Dark,Dry,Non-Fatal Injury,Rear End,Passenger,60 to 64,None,0, , , , , , , , , , , , , ,Yes, , , , ,Yes,Yes,Yes, , , , ,,,133,,12
-79.164188,43.785041,80943291,8000710389,2018,2018-04-21T04:00:00.000Z,1,0,HIGHWAY 2A  E,LAWSON RD,400 m East of, , ,43.785041,-79.164188,Mid-Block,Non Intersection,No Control,Clear,Dark,Dry,Non-Fatal Injury,Rear End,Passenger,70 to 74,Major,0, , , , , , , , , , , , , ,Yes, , , , ,Yes,Yes,Yes, , , , ,,,133,,13
-79.164188,43.785041,80943292,8000710389,2018,2018-04-21T04:00:00.000Z,1,0,HIGHWAY 2A  E,LAWSON RD,400 m East of, , ,43.785041,-79.164188,Mid-Block,Non Intersection,No Control,Clear,Dark,Dry,Non-Fatal Injury,Rear End,Driver,70 to 74,None,0,East,"Automobile, Station Wagon",Going Ahead,Driving Properly,Normal, , , , , , , , ,Yes, , , , ,Yes,Yes,Yes, , , , ,,,133,,14
-79.164188,43.785041,80943293,8000710389,2018,2018-04-21T04:00:00.000Z,1,0,HIGHWAY 2A  E,LAWSON RD,400 m East of, , ,43.785041,-79.164188,Mid-Block,Non Intersection,No Control,Clear,Dark,Dry,Non-Fatal Injury,Rear End,Driver,20 to 24,Minimal,0,East,"Automobile, Station Wagon",Going Ahead,Exceeding Speed Limit,Had Been Drinking, , , , , , , , ,Yes, , , , ,Yes,Yes,Yes, , , , ,,,133,,15
-79.582813,43.717608,80774605,7000576786,2017,2017-04-02T04:00:00.000Z,4,0,MARTIN GROVE RD,JEFFCOAT DR,120 m South of,Major Arterial,Etobicoke York,43.717608,-79.582813,Mid-Block,Non Intersection,No Control,Clear,"Dark, artificial",Dry,Non-Fatal Injury,SMV Other,Driver,60 to 64,Major,0,South,"Automobile, Station Wagon",Unknown,Speed too Fast For Condition,Inattentive, , , , , , , , ,Yes, , , , , ,Yes,Yes, , , ,23,,,1,,16
-79.25189,43.791045,5792549,1114459,2009,2009-07-16T04:00:00.000Z,8,0,SHEPPARD AVE E,MCCOWAN RD, ,Major Arterial,Scarborough,43.791045,-79.25189,Mid-Block, ,No Control,Clear,Dark,Dry,Non-Fatal Injury,Turning Movement,Vehicle Owner,unknown, ,0, ,Other, , , , , , , , , , , ,Yes,Yes, , , , ,Yes,Yes, , , ,42,,,128,,17
-79.25189,43.791045,5792550,1114459,2009,2009-07-16T04:00:00.000Z,8,0,SHEPPARD AVE E,MCCOWAN RD, ,Major Arterial,Scarborough,43.791045,-79.25189,Mid-Block, ,No Control,Clear,Dark,Dry,Non-Fatal Injury,Turning Movement,Driver,35 to 39,None,0,East,"Automobile, Station Wagon",Turning Left,Improper Turn,Had Been Drinking, , , , , , , , ,Yes,Yes, , , , ,Yes,Yes, , , ,42,,,128,,18
-79.25189,43.791045,5792551,1114459,2009,2009-07-16T04:00:00.000Z,8,0,SHEPPARD AVE E,MCCOWAN RD, ,Major Arterial,Scarborough,43.791045,-79.25189,Mid-Block, ,No Control,Clear,Dark,Dry,Non-Fatal Injury,Turning Movement,Motorcycle Driver,35 to 39,Major,0,West,Motorcycle,Going Ahead,Exceeding Speed Limit,Normal, , , , , , , , ,Yes,Yes, , , , ,Yes,Yes, , , ,42,,,128,,19
-79.528835,43.626292,80502528,5001136090,2015,2015-07-06T04:00:00.000Z,8,0,KIPLING AVE,JUTLAND RD, ,Major Arterial,Etobicoke York,43.626292,-79.528835,Intersection,Intersection Related,No Control,Clear,"Dark, artificial",Dry,Fatal,Turning Movement,Driver,50 to 54,Minimal,0,South,"Automobile, Station Wagon",Turning Left,Driving Properly,Normal, , , , , , , , ,Yes,Yes, , , ,Yes,Yes,Yes, , , ,22,,,14,,20
-79.528835,43.626292,80502529,5001136090,2015,2015-07-06T04:00:00.000Z,8,0,KIPLING AVE,JUTLAND RD, ,Major Arterial,Etobicoke York,43.626292,-79.528835,Intersection,Intersection Related,No Control,Clear,"Dark, artificial",Dry,Fatal,Turning Movement,Motorcycle Driver,25 to 29,Fatal,33,North,Motorcycle,Going Ahead,Exceeding Speed Limit,Unknown, , , , , , , , ,Yes,Yes, , , ,Yes,Yes,Yes, , , ,22,,,14,,21
-79.528835,43.626292,80502530,5001136090,2015,2015-07-06T04:00:00.000Z,8,0,KIPLING AVE,JUTLAND RD, ,Major Arterial,Etobicoke York,43.626292,-79.528835,Intersection,Intersection Related,No Control,Clear,"Dark, artificial",Dry,Fatal,Turning Movement,Passenger,50 to 54,Minor,0, , , , , , , , , , , , , ,Yes,Yes, , , ,Yes,Yes,Yes, , , ,22,,,14,,22
-79.33899,43.658345,5345498,1031943,2008,2008-03-13T04:00:00.000Z,10,0,CARLAW AVE,EASTERN AVE, ,Major Arterial,Toronto and East York,43.658345,-79.33899,Intersection,At Intersection,Traffic Signal,Clear,Dark,Dry,Non-Fatal Injury,Angle,Vehicle Owner,unknown, ,0, ,Other, , , , , , , , , , , ,Yes, , , , ,Yes,Yes,Yes,Yes, , ,55,,,70,,23
-79.33899,43.658345,5345499,1031943,2008,2008-03-13T04:00:00.000Z,10,0,CARLAW AVE,EASTERN AVE, ,Major Arterial,Toronto and East York,43.658345,-79.33899,Intersection,At Intersection,Traffic Signal,Clear,Dark,Dry,Non-Fatal Injury,Angle,Driver,35 to 39,Major,0,West,"Automobile, Station Wagon",Going Ahead,Disobeyed Traffic Control,Normal, , , , , , , , ,Yes, , , , ,Yes,Yes,Yes,Yes, , ,55,,,70,,24
-79.33899,43.658345,5345500,1031943,2008,2008-03-13T04:00:00.000Z,10,0,CARLAW AVE,EASTERN AVE, ,Major Arterial,Toronto and East York,43.658345,-79.33899,Intersection,At Intersection,Traffic Signal,Clear,Dark,Dry,Non-Fatal Injury,Angle,Passenger,unknown,Minimal,0, ,Other, , , , , , , , , , , ,Yes, , , , ,Yes,Yes,Yes,Yes, , ,55,,,70,,25
-79.33899,43.658345,5345501,1031943,2008,2008-03-13T04:00:00.000Z,10,0,CARLAW AVE,EASTERN AVE, ,Major Arterial,Toronto and East York,43.658345,-79.33899,Intersection,At Intersection,Traffic Signal,Clear,Dark,Dry,Non-Fatal Injury,Angle,Driver,40 to 44,Minimal,0,North,"Automobile, Station Wagon",Going Ahead,Driving Properly,Normal, , , , , , , , ,Yes, , , , ,Yes,Yes,Yes,Yes, , ,55,,,70,,26
-79.33899,43.658345,5345502,1031943,2008,2008-03-13T04:00:00.000Z,10,0,CARLAW AVE,EASTERN AVE, ,Major Arterial,Toronto and East York,43.658345,-79.33899,Intersection,At Intersection,Traffic Signal,Clear,Dark,Dry,Non-Fatal Injury,Angle,Other Property Owner,unknown, ,0, ,Other, , , , , , , , , , , ,Yes, , , , ,Yes,Yes,Yes,Yes, , ,55,,,70,,27
-79.535251,43.615851,80890115,7000010890,2017,2017-01-03T05:00:00.000Z,10,0,F G GARDINER XY  E,KIPLING AVE,900 m West of,Expressway,Etobicoke York,43.615851,-79.535251,Mid-Block,Non Intersection,No Control,Rain,"Dark, artificial",Wet,Non-Fatal Injury,Rear End,Passenger,20 to 24,Major,0, , , , , , , , , , , , , ,Yes, , , , ,Yes,Yes,Yes, , , ,22,,,20,,28
-79.535251,43.615851,80890116,7000010890,2017,2017-01-03T05:00:00.000Z,10,0,F G GARDINER XY  E,KIPLING AVE,900 m West of,Expressway,Etobicoke York,43.615851,-79.535251,Mid-Block,Non Intersection,No Control,Rain,"Dark, artificial",Wet,Non-Fatal Injury,Rear End,Passenger,15 to 19,Major,0, , , , , , , , , , , , , ,Yes, , , , ,Yes,Yes,Yes, , , ,22,,,20,,29
-79.535251,43.615851,80890117,7000010890,2017,2017-01-03T05:00:00.000Z,10,0,F G GARDINER XY  E,KIPLING AVE,900 m West of,Expressway,Etobicoke York,43.615851,-79.535251,Mid-Block,Non Intersection,No Control,Rain,"Dark, artificial",Wet,Non-Fatal Injury,Rear End,Passenger,unknown,Minor,0, , , , , , , , , , , , , ,Yes, , , , ,Yes,Yes,Yes, , , ,22,,,20,,30
-79.535251,43.615851,80890118,7000010890,2017,2017-01-03T05:00:00.000Z,10,0,F G GARDINER XY  E,KIPLING AVE,900 m West of,Expressway,Etobicoke York,43.615851,-79.535251,Mid-Block,Non Intersection,No Control,Rain,"Dark, artificial",Wet,Non-Fatal Injury,Rear End,Passenger,50 to 54,Minor,0, , , , , , , , , , , , , ,Yes, , , , ,Yes,Yes,Yes, , , ,22,,,20,,31
-79.535251,43.615851,80890119,7000010890,2017,2017-01-03T05:00:00.000Z,10,0,F G GARDINER XY  E,KIPLING AVE,900 m West of,Expressway,Etobicoke York,43.615851,-79.535251,Mid-Block,Non Intersection,No Control,Rain,"Dark, artificial",Wet,Non-Fatal Injury,Rear End,Passenger,45 to 49,Minor,0, , , , , , , , , , , , , ,Yes, , , , ,Yes,Yes,Yes, , , ,22,,,20,,32
-79.535251,43.615851,80890120,7000010890,2017,2017-01-03T05:00:00.000Z,10,0,F G GARDINER XY  E,KIPLING AVE,900 m West of,Expressway,Etobicoke York,43.615851,-79.535251,Mid-Block,Non Intersection,No Control,Rain,"Dark, artificial",Wet,Non-Fatal Injury,Rear End,Driver,25 to 29,Major,0,East,"Automobile, Station Wagon",Slowing or Stopping,Driving Properly,Normal, , , , , , , , ,Yes, , , , ,Yes,Yes,Yes, , , ,22,,,20,,33
-79.535251,43.615851,80890121,7000010890,2017,2017-01-03T05:00:00.000Z,10,0,F G GARDINER XY  E,KIPLING AVE,900 m West of,Expressway,Etobicoke York,43.615851,-79.535251,Mid-Block,Non Intersection,No Control,Rain,"Dark, artificial",Wet,Non-Fatal Injury,Rear End,Driver,75 to 79,Minimal,0,East,"Automobile, Station Wagon",Going Ahead,Speed too Fast For Condition,Inattentive, , , , , , , , ,Yes, , , , ,Yes,Yes,Yes, , , ,22,,,20,,34
-79.595577,43.717196,80632475,6000897819,2016,2016-05-25T04:00:00.000Z,13,0,HIGHWAY 27  N,REXDALE BLVD,20 m South of,Major Arterial,Etobicoke York,43.717196,-79.595577,Intersection,At Intersection,Traffic Signal,Clear,"Dark, artificial",Dry,Non-Fatal Injury,Rear End,Truck Driver,55 to 59,Major,0,North,Truck-Tractor,Going Ahead,Speed too Fast For Condition,Unknown, , , , , , , , ,Yes, ,Yes, , , ,Yes,Yes, , , ,23,,,1,,35
-79.595577,43.717196,80632476,6000897819,2016,2016-05-25T04:00:00.000Z,13,0,HIGHWAY 27  N,REXDALE BLVD,20 m South of,Major Arterial,Etobicoke York,43.717196,-79.595577,Intersection,At Intersection,Traffic Signal,Clear,"Dark, artificial",Dry,Non-Fatal Injury,Rear End,Truck Driver,40 to 44,Minor,0,North,Truck - Dump,Stopped,Driving Properly,Normal, , , , , , , , ,Yes, ,Yes, , , ,Yes,Yes, , , ,23,,,1,,36
-79.595577,43.717196,80632477,6000897819,2016,2016-05-25T04:00:00.000Z,13,0,HIGHWAY 27  N,REXDALE BLVD,20 m South of,Major Arterial,Etobicoke York,43.717196,-79.595577,Intersection,At Intersection,Traffic Signal,Clear,"Dark, artificial",Dry,Non-Fatal Injury,Rear End,Driver,50 to 54,None,0,North,"Automobile, Station Wagon",Stopped,Driving Properly,Normal, , , , , , , , ,Yes, ,Yes, , , ,Yes,Yes, , , ,23,,,1,,37
-79.402889,43.656546,6226306,1204248,2010,2010-11-07T04:00:00.000Z,15,0,AUGUSTA AVE,COLLEGE ST, ,Collector,Toronto and East York,43.656546,-79.402889,Mid-Block, ,No Control,Clear,Dark,Dry,Non-Fatal Injury,Pedestrian Collisions,Vehicle Owner,unknown, ,0, , , , , , , , , , , ,Yes, ,Yes, , , , , ,Yes,Yes, , , ,14,,,78,,38
-79.402889,43.656546,6226307,1204248,2010,2010-11-07T04:00:00.000Z,15,0,AUGUSTA AVE,COLLEGE ST, ,Collector,Toronto and East York,43.656546,-79.402889,Mid-Block, ,No Control,Clear,Dark,Dry,Non-Fatal Injury,Pedestrian Collisions,Driver,15 to 19,None,0,South,"Automobile, Station Wagon",Going Ahead,Wrong Way on One Way Road,Unknown, , , , , , ,Yes, ,Yes, , , , , ,Yes,Yes, , , ,14,,,78,,39