X,Y,Index_,ACCNUM,YEAR,DATE,TIME,Hour,STREET1,STREET2,OFFSET,ROAD_CLASS,District,LATITUDE,LONGITUDE,LOCCOORD,ACCLOC,TRAFFCTL,VISIBILITY,LIGHT,RDSFCOND,ACCLASS,IMPACTYPE,INVTYPE,INVAGE,INJURY,FATAL_NO,INITDIR,VEHTYPE,MANOEUVER,DRIVACT,DRIVCOND,PEDTYPE,PEDACT,PEDCOND,CYCLISTYPE,CYCACT,CYCCOND,PEDESTRIAN,CYCLIST,AUTOMOBILE,MOTORCYCLE,TRUCK,TRSN_CITY_,EMERG_VEH,PASSENGER,SPEEDING,AG_DRIV,REDLIGHT,ALCOHOL,DISABILITY,Division,Ward_Name,Ward_ID,Hood_ID,Hood_Name,ObjectId
-79.402889,43.656546,6226308,1204248,2010,2010-11-07T04:00:00.000Z,15,0,AUGUSTA AVE,COLLEGE ST, ,Collector,Toronto and East York,43.656546,-79.402889,Mid-Block, ,No Control,Clear,Dark,Dry,Non-Fatal Injury,Pedestrian Collisions,Pedestrian,45 to 49,Major,0,East,Other, , , ,Pedestrian hit at mid-block,"Crossing, no Traffic Control",Had Been Drinking, , , ,Yes, ,Yes, , , , , ,Yes,Yes, , , ,14,,,78,,40
-79.319248,43.741103,80252568,5001740465,2015,2015-10-09T04:00:00.000Z,15,0,1244 LAWRENCE, , ,Major Arterial,North York,43.741103,-79.319248,Intersection,At/Near Private Drive,No Control,Rain,"Dark, artificial",Wet,Non-Fatal Injury,Pedestrian Collisions,Driver,20 to 24,Minimal,0,West,"Automobile, Station Wagon",Going Ahead,Exceeding Speed Limit,Inattentive, , , , , , ,Yes, ,Yes, , , , ,Yes,Yes,Yes, , , ,33,,,43,,41
-79.319248,43.741103,80252569,5001740465,2015,2015-10-09T04:00:00.000Z,15,0,1244 LAWRENCE, , ,Major Arterial,North York,43.741103,-79.319248,Intersection,At/Near Private Drive,No Control,Rain,"Dark, artificial",Wet,Non-Fatal Injury,Pedestrian Collisions,Driver,40 to 44,None,0,South,"Automobile, Station Wagon",Turning Right,Failed to Yield Right of Way,Inattentive, , , , , , ,Yes, ,Yes, , , , ,Yes,Yes,Yes, , , ,33,,,43,,42
-79.319248,43.741103,80252570,5001740465,2015,2015-10-09T04:00:00.000Z,15,0,1244 LAWRENCE, , ,Major Arterial,North York,43.741103,-79.319248,Intersection,At/Near Private Drive,No Control,Rain,"Dark, artificial",Wet,Non-Fatal Injury,Pedestrian Collisions,Driver,15 to 19,None,0,West,"Automobile, Station Wagon",Going Ahead,Exceeding Speed Limit,Inattentive, , , , , , ,Yes, ,Yes, , , , ,Yes,Yes,Yes, , , ,33,,,43,,43
-79.319248,43.741103,80252571,5001740465,2015,2015-10-09T04:00:00.000Z,15,0,1244 LAWRENCE, , ,Major Arterial,North York,43.741103,-79.319248,Intersection,At/Near Private Drive,No Control,Rain,"Dark, artificial",Wet,Non-Fatal Injury,Pedestrian Collisions,Passenger,20 to 24,Minimal,0, , , , , , , , , , , ,Yes, ,Yes, , , , ,Yes,Yes,Yes, , , ,33,,,43,,44
-79.319248,43.741103,80252572,5001740465,2015,2015-10-09T04:00:00.000Z,15,0,1244 LAWRENCE, , ,Major Arterial,North York,43.741103,-79.319248,Intersection,At/Near Private Drive,No Control,Rain,"Dark, artificial",Wet,Non-Fatal Injury,Pedestrian Collisions,Passenger,15 to 19,Minor,0, , , , , , , , , , , ,Yes, ,Yes, , , , ,Yes,Yes,Yes, , , ,33,,,43,,45
-79.319248,43.741103,80252573,5001740465,2015,2015-10-09T04:00:00.000Z,15,0,1244 LAWRENCE, , ,Major Arterial,North York,43.741103,-79.319248,Intersection,At/Near Private Drive,No Control,Rain,"Dark, artificial",Wet,Non-Fatal Injury,Pedestrian Collisions,Passenger,15 to 19,Minimal,0, , , , , , , , , , , ,Yes, ,Yes, , , , ,Yes,Yes,Yes, , , ,33,,,43,,46
-79.319248,43.741103,80252574,5001740465,2015,2015-10-09T04:00:00.000Z,15,0,1244 LAWRENCE, , ,Major Arterial,North York,43.741103,-79.319248,Intersection,At/Near Private Drive,No Control,Rain,"Dark, artificial",Wet,Non-Fatal Injury,Pedestrian Collisions,Pedestrian,50 to 54,Major,0,Unknown, , , , ,Pedestrian hit on sidewalk or shoulder,On Sidewalk or Shoulder,Unknown, , , ,Yes, ,Yes, , , , ,Yes,Yes,Yes, , , ,33,,,43,,47
-79.215801,43.761779,80783074,7000557720,2017,2017-03-30T04:00:00.000Z,15,0,SCARBOROUGH GOLF CLUB RD,LAWRENCE AVE E, ,Major Arterial,Scarborough,43.761779,-79.215801,Intersection,At Intersection,Traffic Signal,Clear,"Dark, artificial",Dry,Non-Fatal Injury,Angle,Driver,15 to 19,Major,0,North,"Automobile, Station Wagon",Going Ahead,Disobeyed Traffic Control,Unknown, , , , , , , , ,Yes, , , , ,Yes,Yes,Yes,Yes, , ,43,,,137,,48
-79.215801,43.761779,80783179,7000557720,2017,2017-03-30T04:00:00.000Z,15,0,SCARBOROUGH GOLF CLUB RD,LAWRENCE AVE E, ,Major Arterial,Scarborough,43.761779,-79.215801,Intersection,At Intersection,Traffic Signal,Clear,"Dark, artificial",Dry,Non-Fatal Injury,Angle,Driver,55 to 59,Minor,0,East,"Automobile, Station Wagon",Going Ahead,Driving Properly,Normal, , , , , , , , ,Yes, , , , ,Yes,Yes,Yes,Yes, , ,43,,,137,,49
-79.215801,43.761779,80783180,7000557720,2017,2017-03-30T04:00:00.000Z,15,0,SCARBOROUGH GOLF CLUB RD,LAWRENCE AVE E, ,Major Arterial,Scarborough,43.761779,-79.215801,Intersection,At Intersection,Traffic Signal,Clear,"Dark, artificial",Dry,Non-Fatal Injury,Angle,Passenger,70 to 74,None,0, , , , , , , , , , , , , ,Yes, , , , ,Yes,Yes,Yes,Yes, , ,43,,,137,,50
-79.470042,43.787211,80931233,7000036465,2017,2017-01-07T05:00:00.000Z,16,0,DUFFERIN ST,STEELES AVE W, ,Major Arterial,North York,43.787211,-79.470042,Intersection,At Intersection,Traffic Signal,Clear,"Dark, artificial",Dry,Non-Fatal Injury,Angle,Driver,20 to 24,None,0,North,"Automobile, Station Wagon",Going Ahead,Driving Properly,Normal, , , , , , , , ,Yes, , , , , ,Yes,Yes,Yes,Yes, ,32,,,34,,51
-79.470042,43.787211,80931234,7000036465,2017,2017-01-07T05:00:00.000Z,16,0,DUFFERIN ST,STEELES AVE W, ,Major Arterial,North York,43.787211,-79.470042,Intersection,At Intersection,Traffic Signal,Clear,"Dark, artificial",Dry,Non-Fatal Injury,Angle,Driver,65 to 69,Major,0,North,Pick Up Truck,Going Ahead,Driving Properly,Normal, , , , , , , , ,Yes, , , , , ,Yes,Yes,Yes,Yes, ,32,,,34,,52
-79.470042,43.787211,80931235,7000036465,2017,2017-01-07T05:00:00.000Z,16,0,DUFFERIN ST,STEELES AVE W, ,Major Arterial,North York,43.787211,-79.470042,Intersection,At Intersection,Traffic Signal,Clear,"Dark, artificial",Dry,Non-Fatal Injury,Angle,Driver,35 to 39,Minimal,0,East,"Automobile, Station Wagon",Going Ahead,Disobeyed Traffic Control,"Ability Impaired, Alcohol Over .08", , , , , , , , ,Yes, , , , , ,Yes,Yes,Yes,Yes, ,32,,,34,,53
-79.44079,43.635445,6627086,1233231,2011,2011-05-16T04:00:00.000Z,17,0,F G GARDINER Expr E,DOWLING Ave, ,Expressway,Toronto and East York,43.635445,-79.44079,Mid-Block, ,No Control,Rain,"Dark, artificial",Wet,Non-Fatal Injury,SMV Other,Passenger,20 to 24,Minor,0, ,Other, , , , , , , , , , , ,Yes, , , , ,Yes,Yes,Yes, , , ,14,,,85,,54
-79.44079,43.635445,6627087,1233231,2011,2011-05-16T04:00:00.000Z,17,0,F G GARDINER Expr E,DOWLING Ave, ,Expressway,Toronto and East York,43.635445,-79.44079,Mid-Block, ,No Control,Rain,"Dark, artificial",Wet,Non-Fatal Injury,SMV Other,Driver,30 to 34,Major,0,East,"Automobile, Station Wagon",Going Ahead,Speed too Fast For Condition,Normal, , , , , , , , ,Yes, , , , ,Yes,Yes,Yes, , , ,14,,,85,,55
-79.44079,43.635445,6627088,1233231,2011,2011-05-16T04:00:00.000Z,17,0,F G GARDINER Expr E,DOWLING Ave, ,Expressway,Toronto and East York,43.635445,-79.44079,Mid-Block, ,No Control,Rain,"Dark, artificial",Wet,Non-Fatal Injury,SMV Other,Vehicle Owner,unknown, ,0, ,Other, , , , , , , , , , , ,Yes, , , , ,Yes,Yes,Yes, , , ,14,,,85,,56
-79.28869,43.704645,6914923,1153473,2010,2010-02-18T05:00:00.000Z,18,0,PHARMACY AVE,ST BEDES RD, ,Minor Arterial,Scarborough,43.704645,-79.28869,Intersection,At Intersection,No Control,Clear,Dark,Wet,Fatal,SMV Other,Vehicle Owner,unknown, ,0, ,Other, , , , , , , , , , , ,Yes, , , , ,Yes,Yes,Yes, , , ,41,,,120,,57
-79.28869,43.704645,6914924,1153473,2010,2010-02-18T05:00:00.000Z,18,0,PHARMACY AVE,ST BEDES RD, ,Minor Arterial,Scarborough,43.704645,-79.28869,Intersection,At Intersection,No Control,Clear,Dark,Wet,Fatal,SMV Other,Passenger,15 to 19,Fatal,11, ,Other, , , , , , , , , , , ,Yes, , , , ,Yes,Yes,Yes, , , ,41,,,120,,58
-79.28869,43.704645,6914925,1153473,2010,2010-02-18T05:00:00.000Z,18,0,PHARMACY AVE,ST BEDES RD, ,Minor Arterial,Scarborough,43.704645,-79.28869,Intersection,At Intersection,No Control,Clear,Dark,Wet,Fatal,SMV Other,Passenger,15 to 19,Major,0, ,Other, , , , , , , , , , , ,Yes, , , , ,Yes,Yes,Yes, , , ,41,,,120,,59
-79.28869,43.704645,6914926,1153473,2010,2010-02-18T05:00:00.000Z,18,0,PHARMACY AVE,ST BEDES RD, ,Minor Arterial,Scarborough,43.704645,-79.28869,Intersection,At Intersection,No Control,Clear,Dark,Wet,Fatal,SMV Other,Passenger,15 to 19,Major,0, ,Other, , , , , , , , , , , ,Yes, , , , ,Yes,Yes,Yes, , , ,41,,,120,,60
-79.28869,43.704645,6914927,1153473,2010,2010-02-18T05:00:00.000Z,18,0,PHARMACY AVE,ST BEDES RD, ,Minor Arterial,Scarborough,43.704645,-79.28869,Intersection,At Intersection,No Control,Clear,Dark,Wet,Fatal,SMV Other,Driver,15 to 19,None,0,South,"Automobile, Station Wagon",Going Ahead,Exceeding Speed Limit,Unknown, , , , , , , , ,Yes, , , , ,Yes,Yes,Yes, , , ,41,,,120,,61
-79.28869,43.704645,6914928,1153473,2010,2010-02-18T05:00:00.000Z,18,0,PHARMACY AVE,ST BEDES RD, ,Minor Arterial,Scarborough,43.704645,-79.28869,Intersection,At Intersection,No Control,Clear,Dark,Wet,Fatal,SMV Other,Other Property Owner,unknown, ,0, ,Other, , , , , , , , , , , ,Yes, , , , ,Yes,Yes,Yes, , , ,41,,,120,,62
-79.53622,43.753218,80877058,8000722475,2018,2018-04-23T04:00:00.000Z,20,0,FINCH AVE W,SIGNET DR, ,Major Arterial,Etobicoke York,43.753218,-79.53622,Intersection,At Intersection,Traffic Signal,Clear,"Dark, artificial",Dry,Fatal,Angle,Driver,15 to 19,Minor,0,South,"Automobile, Station Wagon",Going Ahead,Driving Properly,Normal, , , , , , , , ,Yes, , , , , ,Yes,Yes,Yes, , ,31,,,22,,63
-79.53622,43.753218,80877059,8000722475,2018,2018-04-23T04:00:00.000Z,20,0,FINCH AVE W,SIGNET DR, ,Major Arterial,Etobicoke York,43.753218,-79.53622,Intersection,At Intersection,Traffic Signal,Clear,"Dark, artificial",Dry,Fatal,Angle,Driver,55 to 59,None,0,Unknown,"Automobile, Station Wagon", , , , , , , , , , , ,Yes, , , , , ,Yes,Yes,Yes, , ,31,,,22,,64
-79.53622,43.753218,80877067,8000722475,2018,2018-04-23T04:00:00.000Z,20,0,FINCH AVE W,SIGNET DR, ,Major Arterial,Etobicoke York,43.753218,-79.53622,Intersection,At Intersection,Traffic Signal,Clear,"Dark, artificial",Dry,Fatal,Angle,Driver,40 to 44,Fatal,21,West,"Automobile, Station Wagon",Going Ahead,Disobeyed Traffic Control,Normal, , , , , , , , ,Yes, , , , , ,Yes,Yes,Yes, , ,31,,,22,,65
-79.48289,43.765245,6131850,1163934,2010,2010-04-22T04:00:00.000Z,21,0,1181 FINCH AVE W, , ,Major Arterial,North York,43.765245,-79.48289,Mid-Block,At Intersection,Traffic Signal,Clear,Dark,Dry,Non-Fatal Injury,SMV Other,Passenger,25 to 29,Major,0, ,Other, , , , , , , , , , , ,Yes, , , , ,Yes,Yes,Yes, ,Yes, ,31,,,27,,66
-79.48289,43.765245,6131851,1163934,2010,2010-04-22T04:00:00.000Z,21,0,1181 FINCH AVE W, , ,Major Arterial,North York,43.765245,-79.48289,Mid-Block,At Intersection,Traffic Signal,Clear,Dark,Dry,Non-Fatal Injury,SMV Other,Driver,25 to 29,Major,0,East,"Automobile, Station Wagon",Going Ahead,Exceeding Speed Limit,"Ability Impaired, Alcohol", , , , , , , , ,Yes, , , , ,Yes,Yes,Yes, ,Yes, ,31,,,27,,67
-79.507922,43.759272,80497074,5000976277,2015,2015-06-11T04:00:00.000Z,24,0,FINCH AVE W,TOBERMORY DR, ,Major Arterial,Etobicoke York,43.759272,-79.507922,Intersection,At Intersection,Traffic Signal,Clear,"Dark, artificial",Dry,Fatal,Cyclist Collisions,Driver,20 to 24,None,0,West,"Automobile, Station Wagon",Going Ahead,Exceeding Speed Limit,"Ability Impaired, Alcohol", , , , , , , ,Yes,Yes, , , , , ,Yes,Yes, ,Yes, ,31,,,25,,68
-79.507922,43.759272,80497075,5000976277,2015,2015-06-11T04:00:00.000Z,24,0,FINCH AVE W,TOBERMORY DR, ,Major Arterial,Etobicoke York,43.759272,-79.507922,Intersection,At Intersection,Traffic Signal,Clear,"Dark, artificial",Dry,Fatal,Cyclist Collisions,Cyclist,40 to 44,Fatal,28,West,Bicycle,Going Ahead, , , , , ,Cyclist and Driver travelling in same direction. One vehicle rear-ended the other.,Driving Properly,Unknown, ,Yes,Yes, , , , , ,Yes,Yes, ,Yes, ,31,,,25,,69
-79.387683,43.672415,80240988,5000963180,2015,2015-06-09T04:00:00.000Z,25,0,878 YONGE  ST, ,20 m North of,Major Arterial,Toronto and East York,43.672415,-79.387683,Mid-Block,Intersection Related,No Control,Clear,"Dark, artificial",Dry,Non-Fatal Injury,Turning Movement,Driver,40 to 44,Major,0,North,"Automobile, Station Wagon",Turning Left,Improper Turn,Normal, , , , , , , , ,Yes, , , , ,Yes,Yes,Yes, ,Yes, ,53,,,98,,70
-79.387683,43.672415,80240989,5000963180,2015,2015-06-09T04:00:00.000Z,25,0,878 YONGE  ST, ,20 m North of,Major Arterial,Toronto and East York,43.672415,-79.387683,Mid-Block,Intersection Related,No Control,Clear,"Dark, artificial",Dry,Non-Fatal Injury,Turning Movement,Driver,30 to 34,None,0,South,"Automobile, Station Wagon",Going Ahead,Speed too Fast For Condition,"Ability Impaired, Alcohol Over .08", , , , , , , , ,Yes, , , , ,Yes,Yes,Yes, ,Yes, ,53,,,98,,71
-79.387683,43.672415,80240990,5000963180,2015,2015-06-09T04:00:00.000Z,25,0,878 YONGE  ST, ,20 m North of,Major Arterial,Toronto and East York,43.672415,-79.387683,Mid-Block,Intersection Related,No Control,Clear,"Dark, artificial",Dry,Non-Fatal Injury,Turning Movement,Passenger,40 to 44,Major,0, , , , , , , , , , , , , ,Yes, , , , ,Yes,Yes,Yes, ,Yes, ,53,,,98,,72
-79.387683,43.672415,80240991,5000963180,2015,2015-06-09T04:00:00.000Z,25,0,878 YONGE  ST, ,20 m North of,Major Arterial,Toronto and East York,43.672415,-79.387683,Mid-Block,Intersection Related,No Control,Clear,"Dark, artificial",Dry,Non-Fatal Injury,Turning Movement,Passenger,30 to 34,None,0, , , , , , , , , , , , , ,Yes, , , , ,Yes,Yes,Yes, ,Yes, ,53,,,98,,73
-79.447826,43.689715,80949009,8001481293,2018,2018-08-12T04:00:00.000Z,26,0,DUFFERIN ST,GIBSON ST,60 m South of,Major Arterial,Toronto and East York,43.689715,-79.447826,Mid-Block,Non Intersection,No Control,Clear,"Dark, artificial",Dry,Non-Fatal Injury,Approaching,Motorcycle Driver,30 to 34,Major,0,North,Motorcycle,Overtaking,Improper Passing,Unknown, , , , , , , , ,Yes,Yes, , , ,Yes,Yes,Yes, , , ,13,,,109,,74
-79.447826,43.689715,80949010,8001481293,2018,2018-08-12T04:00:00.000Z,26,0,DUFFERIN ST,GIBSON ST,60 m South of,Major Arterial,Toronto and East York,43.689715,-79.447826,Mid-Block,Non Intersection,No Control,Clear,"Dark, artificial",Dry,Non-Fatal Injury,Approaching,Driver,30 to 34,Minor,0,South,"Automobile, Station Wagon",Going Ahead,Driving Properly,Normal, , , , , , , , ,Yes,Yes, , , ,Yes,Yes,Yes, , , ,13,,,109,,75
-79.447826,43.689715,80949011,8001481293,2018,2018-08-12T04:00:00.000Z,26,0,DUFFERIN ST,GIBSON ST,60 m South of,Major Arterial,Toronto and East York,43.689715,-79.447826,Mid-Block,Non Intersection,No Control,Clear,"Dark, artificial",Dry,Non-Fatal Injury,Approaching,Motorcycle Passenger,25 to 29,Major,0, , , , , , , , , , , , , ,Yes,Yes, , , ,Yes,Yes,Yes, , , ,13,,,109,,76
-79.39079,43.778845,6653601,1244530,2011,2011-07-18T04:00:00.000Z,28,0,BAYVIEW Ave,MCKEE Ave, ,Major Arterial,North York,43.778845,-79.39079,Mid-Block, ,No Control,Clear,"Dark, artificial",Dry,Non-Fatal Injury,Pedestrian Collisions,Pedestrian,55 to 59,Major,0,Unknown,"Automobile, Station Wagon", , , ,Pedestrian hit at mid-block,Playing or Working on Highway,Normal, , , ,Yes, ,Yes, , , , ,Yes,Yes,Yes, , , ,"33,32",,,52,,77
-79.39079,43.778845,6653602,1244530,2011,2011-07-18T04:00:00.000Z,28,0,BAYVIEW Ave,MCKEE Ave, ,Major Arterial,North York,43.778845,-79.39079,Mid-Block, ,No Control,Clear,"Dark, artificial",Dry,Non-Fatal Injury,Pedestrian Collisions,Passenger,20 to 24,Major,0, ,Other, , , , , , , , , ,Yes, ,Yes, , , , ,Yes,Yes,Yes, , , ,"33,32",,,52,,78
-79.39079,43.778845,6653603,1244530,2011,2011-07-18T04:00:00.000Z,28,0,BAYVIEW Ave,MCKEE Ave, ,Major Arterial,North York,43.778845,-79.39079,Mid-Block, ,No Control,Clear,"Dark, artificial",Dry,Non-Fatal Injury,Pedestrian Collisions,Vehicle Owner,unknown, ,0, ,Other, , , , , , , , , ,Yes, ,Yes, , , , ,Yes,Yes,Yes, , , ,"33,32",,,52,,79
-79.39079,43.778845,6653604,1244530,2011,2011-07-18T04:00:00.000Z,28,0,BAYVIEW Ave,MCKEE Ave, ,Major Arterial,North York,43.778845,-79.39079,Mid-Block, ,No Control,Clear,"Dark, artificial",Dry,Non-Fatal Injury,Pedestrian Collisions,Passenger,25 to 29,Major,0, ,Other, , , , , , , , , ,Yes, ,Yes, , , , ,Yes,Yes,Yes, , , ,"33,32",,,52,,80
-79.39079,43.778845,6653605,1244530,2011,2011-07-18T04:00:00.000Z,28,0,BAYVIEW Ave,MCKEE Ave, ,Major Arterial,North York,43.778845,-79.39079,Mid-Block, ,No Control,Clear,"Dark, artificial",Dry,Non-Fatal Injury,Pedestrian Collisions,Passenger,20 to 24,Major,0, ,Other, , , , , , , , , ,Yes, ,Yes, , , , ,Yes,Yes,Yes, , , ,"33,32",,,52,,81
-79.39079,43.778845,6653606,1244530,2011,2011-07-18T04:00:00.000Z,28,0,BAYVIEW Ave,MCKEE Ave, ,Major Arterial,North York,43.778845,-79.39079,Mid-Block, ,No Control,Clear,"Dark, artificial",Dry,Non-Fatal Injury,Pedestrian Collisions,Driver,25 to 29,Major,0,North,"Automobile, Station Wagon",Going Ahead,Exceeding Speed Limit,Had Been Drinking, , , , , , ,Yes, ,Yes, , , , ,Yes,Yes,Yes, , , ,"33,32",,,52,,82
-79.519672,43.604773,80631671,7000303904,2017,2017-02-18T05:00:00.000Z,29,0,KIPLING AVE,NEW TORONTO ST,112 m North,Major Arterial,Etobicoke York,43.604773,-79.519672,Mid-Block,Underpass or Tunnel,No Control,Clear,"Dark, artificial",Dry,Fatal,SMV Other,Passenger,30 to 34,Minor,0, , , , , , , , , , , , , ,Yes, , , , ,Yes,Yes,Yes, , , ,22,,,17,,83
-79.519672,43.604773,80632485,7000303904,2017,2017-02-18T05:00:00.000Z,29,0,KIPLING AVE,NEW TORONTO ST,112 m North,Major Arterial,Etobicoke York,43.604773,-79.519672,Mid-Block,Underpass or Tunnel,No Control,Clear,"Dark, artificial",Dry,Fatal,SMV Other,Driver,30 to 34,Fatal,7,South,Pick Up Truck,Going Ahead,Failed to Yield Right of Way,Had Been Drinking, , , , , , , , ,Yes, , , , ,Yes,Yes,Yes, , , ,22,,,17,,84
-79.367893,43.677146,5363175,1039861,2008,2008-05-24T04:00:00.000Z,30,0,BAYVIEW Aven,BLOOR Ramp, ,Major Arterial,Toronto and East York,43.677146,-79.367893,Mid-Block, ,No Control,Clear,Dark,Dry,Fatal,SMV Other,Motorcycle Driver,25 to 29,Fatal,21,North,Motorcycle,Going Ahead,Exceeding Speed Limit,Unknown, , , , , , , , , ,Yes, , , , ,Yes,Yes, , , ,53,,,98,,85
-79.401897,43.637377,80721937,6001965886,2016,2016-11-05T04:00:00.000Z,32,0,BRUYERES  MEWS,IANNUZZI  ST,40 m West of,Pending,Toronto and East York,43.637377,-79.401897,Mid-Block,Non Intersection,No Control,Clear,Dark,Dry,Non-Fatal Injury,Turning Movement,Driver,20 to 24,None,0,West,"Automobile, Station Wagon",Going Ahead,Disobeyed Traffic Control,Unknown, , , , , , , , ,Yes, , , , ,Yes,Yes,Yes, , , ,14,,,82,,86
-79.401897,43.637377,80721938,6001965886,2016,2016-11-05T04:00:00.000Z,32,0,BRUYERES  MEWS,IANNUZZI  ST,40 m West of,Pending,Toronto and East York,43.637377,-79.401897,Mid-Block,Non Intersection,No Control,Clear,Dark,Dry,Non-Fatal Injury,Turning Movement,Driver,30 to 34,None,0,West,Pick Up Truck,Making U Turn,Driving Properly,Normal, , , , , , , , ,Yes, , , , ,Yes,Yes,Yes, , , ,14,,,82,,87
-79.401897,43.637377,80721939,6001965886,2016,2016-11-05T04:00:00.000Z,32,0,BRUYERES  MEWS,IANNUZZI  ST,40 m West of,Pending,Toronto and East York,43.637377,-79.401897,Mid-Block,Non Intersection,No Control,Clear,Dark,Dry,Non-Fatal Injury,Turning Movement,Driver,50 to 54,None,0,East,"Automobile, Station Wagon",Stopped,Driving Properly,Normal, , , , , , , , ,Yes, , , , ,Yes,Yes,Yes, , , ,14,,,82,,88
-79.401897,43.637377,80721940,6001965886,2016,2016-11-05T04:00:00.000Z,32,0,BRUYERES  MEWS,IANNUZZI  ST,40 m West of,Pending,Toronto and East York,43.637377,-79.401897,Mid-Block,Non Intersection,No Control,Clear,Dark,Dry,Non-Fatal Injury,Turning Movement,Passenger,20 to 24,Major,0, , , , , , , , , , , , , ,Yes, , , , ,Yes,Yes,Yes, , , ,14,,,82,,89
-79.405978,43.652239,80942703,8000256570,2018,2018-02-10T05:00:00.000Z,34,0,BATHURST ST,DUNDAS ST W,25 m South of,Major Arterial,Toronto and East York,43.652239,-79.405978,Intersection,Intersection Related,No Control,Drifting Snow,"Dark, artificial",Wet,Non-Fatal Injury,Pedestrian Collisions,Pedestrian,40 to 44,Major,0,West, , , , ,Pedestrian hit at mid-block,"Crossing, no Traffic Control",Inattentive, , , ,Yes, ,Yes, , , , , ,Yes,Yes, ,Yes, ,14,,,78,,90
-79.405978,43.652239,80942704,8000256570,2018,2018-02-10T05:00:00.000Z,34,0,BATHURST ST,DUNDAS ST W,25 m South of,Major Arterial,Toronto and East York,43.652239,-79.405978,Intersection,Intersection Related,No Control,Drifting Snow,"Dark, artificial",Wet,Non-Fatal Injury,Pedestrian Collisions,Driver,30 to 34,None,0,South,"Automobile, Station Wagon",Going Ahead,Speed too Fast For Condition,"Ability Impaired, Alcohol Over .08", , , , , , ,Yes, ,Yes, , , , , ,Yes,Yes, ,Yes, ,14,,,78,,91
-79.400638,43.638827,80497446,6000133147,2016,2016-01-23T05:00:00.000Z,35,0,BATHURST ST,FORT YORK BLVD, ,Major Arterial,Toronto and East York,43.638827,-79.400638,Intersection,At Intersection,Traffic Signal,Clear,"Dark, artificial",Dry,Non-Fatal Injury,Turning Movement,Driver,45 to 49,Major,0,South,"Automobile, Station Wagon",Turning Left,Improper Turn,Inattentive, , , , , , , , ,Yes, , , , ,Yes,Yes,Yes, , , ,14,,,77,,92
-79.400638,43.638827,80497447,6000133147,2016,2016-01-23T05:00:00.000Z,35,0,BATHURST ST,FORT YORK BLVD, ,Major Arterial,Toronto and East York,43.638827,-79.400638,Intersection,At Intersection,Traffic Signal,Clear,"Dark, artificial",Dry,Non-Fatal Injury,Turning Movement,Driver,20 to 24,None,0,North,"Automobile, Station Wagon",Going Ahead,Exceeding Speed Limit,Inattentive, , , , , , , , ,Yes, , , , ,Yes,Yes,Yes, , , ,14,,,77,,93
-79.400638,43.638827,80497448,6000133147,2016,2016-01-23T05:00:00.000Z,35,0,BATHURST ST,FORT YORK BLVD, ,Major Arterial,Toronto and East York,43.638827,-79.400638,Intersection,At Intersection,Traffic Signal,Clear,"Dark, artificial",Dry,Non-Fatal Injury,Turning Movement,Driver,20 to 24,None,0,South,"Automobile, Station Wagon",Slowing or Stopping,Driving Properly,Normal, , , , , , , , ,Yes, , , , ,Yes,Yes,Yes, , , ,14,,,77,,94
-79.400638,43.638827,80497449,6000133147,2016,2016-01-23T05:00:00.000Z,35,0,BATHURST ST,FORT YORK BLVD, ,Major Arterial,Toronto and East York,43.638827,-79.400638,Intersection,At Intersection,Traffic Signal,Clear,"Dark, artificial",Dry,Non-Fatal Injury,Turning Movement,Driver,25 to 29,None,0,South,"Automobile, Station Wagon",Slowing or Stopping,Driving Properly,Normal, , , , , , , , ,Yes, , , , ,Yes,Yes,Yes, , , ,14,,,77,,95
-79.400638,43.638827,80497450,6000133147,2016,2016-01-23T05:00:00.000Z,35,0,BATHURST ST,FORT YORK BLVD, ,Major Arterial,Toronto and East York,43.638827,-79.400638,Intersection,At Intersection,Traffic Signal,Clear,"Dark, artificial",Dry,Non-Fatal Injury,Turning Movement,Driver,35 to 39,None,0,North,"Automobile, Station Wagon",Going Ahead,Driving Properly,Unknown, , , , , , , , ,Yes, , , , ,Yes,Yes,Yes, , , ,14,,,77,,96
-79.400638,43.638827,80497451,6000133147,2016,2016-01-23T05:00:00.000Z,35,0,BATHURST ST,FORT YORK BLVD, ,Major Arterial,Toronto and East York,43.638827,-79.400638,Intersection,At Intersection,Traffic Signal,Clear,"Dark, artificial",Dry,Non-Fatal Injury,Turning Movement,Driver,40 to 44,None,0,South,"Automobile, Station Wagon",Slowing or Stopping,Driving Properly,Unknown, , , , , , , , ,Yes, , , , ,Yes,Yes,Yes, , , ,14,,,77,,97
-79.400638,43.638827,80497452,6000133147,2016,2016-01-23T05:00:00.000Z,35,0,BATHURST ST,FORT YORK BLVD, ,Major Arterial,Toronto and East York,43.638827,-79.400638,Intersection,At Intersection,Traffic Signal,Clear,"Dark, artificial",Dry,Non-Fatal Injury,Turning Movement,Passenger,20 to 24,Minimal,0, , , , , , , , , , , , , ,Yes, , , , ,Yes,Yes,Yes, , , ,14,,,77,,98