X,Y,Index_,ACCNUM,YEAR,DATE,TIME,Hour,STREET1,STREET2,OFFSET,ROAD_CLASS,District,LATITUDE,LONGITUDE,LOCCOORD,ACCLOC,TRAFFCTL,VISIBILITY,LIGHT,RDSFCOND,ACCLASS,IMPACTYPE,INVTYPE,INVAGE,INJURY,FATAL_NO,INITDIR,VEHTYPE,MANOEUVER,DRIVACT,DRIVCOND,PEDTYPE,PEDACT,PEDCOND,CYCLISTYPE,CYCACT,CYCCOND,PEDESTRIAN,CYCLIST,AUTOMOBILE,MOTORCYCLE,TRUCK,TRSN_CITY_,EMERG_VEH,PASSENGER,SPEEDING,AG_DRIV,REDLIGHT,ALCOHOL,DISABILITY,Division,Ward_Name,Ward_ID,Hood_ID,Hood_Name,ObjectId
-79.400638,43.638827,80497453,6000133147,2016,2016-01-23T05:00:00.000Z,35,0,BATHURST ST,FORT YORK BLVD, ,Major Arterial,Toronto and East York,43.638827,-79.400638,Intersection,At Intersection,Traffic Signal,Clear,"Dark, artificial",Dry,Non-Fatal Injury,Turning Movement,Passenger,15 to 19,Minimal,0, , , , , , , , , , , , , ,Yes, , , , ,Yes,Yes,Yes, , , ,14,,,77,,99
-79.400638,43.638827,80497454,6000133147,2016,2016-01-23T05:00:00.000Z,35,0,BATHURST ST,FORT YORK BLVD, ,Major Arterial,Toronto and East York,43.638827,-79.400638,Intersection,At Intersection,Traffic Signal,Clear,"Dark, artificial",Dry,Non-Fatal Injury,Turning Movement,Passenger,15 to 19,Minimal,0, , , , , , , , , , , , , ,Yes, , , , ,Yes,Yes,Yes, , , ,14,,,77,,100
-79.426357,43.705184,7889689,1386526,2013,2013-09-13T04:00:00.000Z,722,7,ROSELAWN AVE,BATHURST ST, ,Major Arterial,North York,43.705184,-79.426357,Intersection, ,Traffic Signal,Clear,Daylight,Dry,Non-Fatal Injury,Angle,Driver,55 to 59,Major,0,East,"Automobile, Station Wagon",Going Ahead,Driving Properly,Normal, , , , , , , , ,Yes, , , , , ,Yes,Yes,Yes, , ,"13,53",,,102,,101
-79.426357,43.705184,7889690,1386526,2013,2013-09-13T04:00:00.000Z,722,7,ROSELAWN AVE,BATHURST ST, ,Major Arterial,North York,43.705184,-79.426357,Intersection, ,Traffic Signal,Clear,Daylight,Dry,Non-Fatal Injury,Angle,Driver,50 to 54,None,0,West,"Automobile, Station Wagon",Stopped,Driving Properly,Normal, , , , , , , , ,Yes, , , , , ,Yes,Yes,Yes, , ,"13,53",,,102,,102
-79.426357,43.705184,7889691,1386526,2013,2013-09-13T04:00:00.000Z,722,7,ROSELAWN AVE,BATHURST ST, ,Major Arterial,North York,43.705184,-79.426357,Intersection, ,Traffic Signal,Clear,Daylight,Dry,Non-Fatal Injury,Angle,Driver,75 to 79,Minor,0,North,"Automobile, Station Wagon",Going Ahead,Disobeyed Traffic Control,Normal, , , , , , , , ,Yes, , , , , ,Yes,Yes,Yes, , ,"13,53",,,102,,103
-79.575084,43.715785,80632012,5000789698,2015,2015-05-12T04:00:00.000Z,735,7,25 RACINE RD, ,5 m North of,Collector,Etobicoke York,43.715785,-79.575084,Mid-Block,At/Near Private Drive,No Control,Clear,Daylight,Dry,Non-Fatal Injury,Turning Movement,Driver,55 to 59,Major,0,West,"Automobile, Station Wagon",Turning Left,Improper Turn,Unknown, , , , , , , , ,Yes, , , , , ,Yes,Yes, , , ,23,,,1,,104
-79.575084,43.715785,80632013,5000789698,2015,2015-05-12T04:00:00.000Z,735,7,25 RACINE RD, ,5 m North of,Collector,Etobicoke York,43.715785,-79.575084,Mid-Block,At/Near Private Drive,No Control,Clear,Daylight,Dry,Non-Fatal Injury,Turning Movement,Driver,20 to 24,Minimal,0,East,"Automobile, Station Wagon",Going Ahead,Exceeding Speed Limit,Normal, , , , , , , , ,Yes, , , , , ,Yes,Yes, , , ,23,,,1,,105
-79.491908,43.696761,80175900,4003025669,2014,2014-10-02T04:00:00.000Z,740,7,581 TRETHEWEY DR, , ,Minor Arterial,Etobicoke York,43.696761,-79.491908,Mid-Block,Non Intersection,No Control,Clear,Daylight,Dry,Non-Fatal Injury,Sideswipe,Driver,30 to 34,None,0,West,"Automobile, Station Wagon",Going Ahead,Driving Properly,Normal, , , , , , , , ,Yes, , , , ,Yes,Yes,Yes, , , ,12,,,30,,106
-79.491908,43.696761,80175901,4003025669,2014,2014-10-02T04:00:00.000Z,740,7,581 TRETHEWEY DR, , ,Minor Arterial,Etobicoke York,43.696761,-79.491908,Mid-Block,Non Intersection,No Control,Clear,Daylight,Dry,Non-Fatal Injury,Sideswipe,Driver,30 to 34,None,0,East,"Automobile, Station Wagon",Going Ahead,Driving Properly,Normal, , , , , , , , ,Yes, , , , ,Yes,Yes,Yes, , , ,12,,,30,,107
-79.491908,43.696761,80175902,4003025669,2014,2014-10-02T04:00:00.000Z,740,7,581 TRETHEWEY DR, , ,Minor Arterial,Etobicoke York,43.696761,-79.491908,Mid-Block,Non Intersection,No Control,Clear,Daylight,Dry,Non-Fatal Injury,Sideswipe,Driver,55 to 59,Major,0,West,"Automobile, Station Wagon",Overtaking,Lost control,Had Been Drinking, , , , , , , , ,Yes, , , , ,Yes,Yes,Yes, , , ,12,,,30,,108
-79.491908,43.696761,80175903,4003025669,2014,2014-10-02T04:00:00.000Z,740,7,581 TRETHEWEY DR, , ,Minor Arterial,Etobicoke York,43.696761,-79.491908,Mid-Block,Non Intersection,No Control,Clear,Daylight,Dry,Non-Fatal Injury,Sideswipe,Passenger,55 to 59,None,0, , , , , , , , , , , , , ,Yes, , , , ,Yes,Yes,Yes, , , ,12,,,30,,109
-79.491908,43.696761,80175904,4003025669,2014,2014-10-02T04:00:00.000Z,740,7,581 TRETHEWEY DR, , ,Minor Arterial,Etobicoke York,43.696761,-79.491908,Mid-Block,Non Intersection,No Control,Clear,Daylight,Dry,Non-Fatal Injury,Sideswipe,Passenger,15 to 19,None,0, , , , , , , , , , , , , ,Yes, , , , ,Yes,Yes,Yes, , , ,12,,,30,,110
-79.491908,43.696761,80175905,4003025669,2014,2014-10-02T04:00:00.000Z,740,7,581 TRETHEWEY DR, , ,Minor Arterial,Etobicoke York,43.696761,-79.491908,Mid-Block,Non Intersection,No Control,Clear,Daylight,Dry,Non-Fatal Injury,Sideswipe,Passenger,10 to 14,None,0, , , , , , , , , , , , , ,Yes, , , , ,Yes,Yes,Yes, , , ,12,,,30,,111
-79.491908,43.696761,80175906,4003025669,2014,2014-10-02T04:00:00.000Z,740,7,581 TRETHEWEY DR, , ,Minor Arterial,Etobicoke York,43.696761,-79.491908,Mid-Block,Non Intersection,No Control,Clear,Daylight,Dry,Non-Fatal Injury,Sideswipe,Passenger,35 to 39,None,0, , , , , , , , , , , , , ,Yes, , , , ,Yes,Yes,Yes, , , ,12,,,30,,112
-79.30789,43.673945,6125129,1161062,2010,2010-03-01T05:00:00.000Z,746,7,WOODBINE Aven,KINGSTON Road, ,Major Arterial,Toronto and East York,43.673945,-79.30789,Intersection,At Intersection,Traffic Signal,Clear,Daylight,Dry,Non-Fatal Injury,Angle,Passenger,40 to 44,Minimal,0, ,Other, , , , , , , , , , , ,Yes, ,Yes, , ,Yes,Yes,Yes,Yes, , ,55,,,63,,113
-79.30789,43.673945,6125130,1161062,2010,2010-03-01T05:00:00.000Z,746,7,WOODBINE Aven,KINGSTON Road, ,Major Arterial,Toronto and East York,43.673945,-79.30789,Intersection,At Intersection,Traffic Signal,Clear,Daylight,Dry,Non-Fatal Injury,Angle,Vehicle Owner,unknown, ,0, ,Other, , , , , , , , , , , ,Yes, ,Yes, , ,Yes,Yes,Yes,Yes, , ,55,,,63,,114
-79.30789,43.673945,6125131,1161062,2010,2010-03-01T05:00:00.000Z,746,7,WOODBINE Aven,KINGSTON Road, ,Major Arterial,Toronto and East York,43.673945,-79.30789,Intersection,At Intersection,Traffic Signal,Clear,Daylight,Dry,Non-Fatal Injury,Angle,Truck Driver,35 to 39,Major,0,East,Truck - Open,Going Ahead,Driving Properly,Normal, , , , , , , , ,Yes, ,Yes, , ,Yes,Yes,Yes,Yes, , ,55,,,63,,115
-79.30789,43.673945,6125132,1161062,2010,2010-03-01T05:00:00.000Z,746,7,WOODBINE Aven,KINGSTON Road, ,Major Arterial,Toronto and East York,43.673945,-79.30789,Intersection,At Intersection,Traffic Signal,Clear,Daylight,Dry,Non-Fatal Injury,Angle,Driver,55 to 59,Minor,0,South,"Automobile, Station Wagon",Going Ahead,Disobeyed Traffic Control,Inattentive, , , , , , , , ,Yes, ,Yes, , ,Yes,Yes,Yes,Yes, , ,55,,,63,,116
-79.543903,43.661391,7850941,1370071,2013,2013-08-13T04:00:00.000Z,748,7,KIPLING Ave,THORNCREST RD, ,Major Arterial,Etobicoke York,43.661391,-79.543903,Intersection, ,No Control,Clear,Daylight,Dry,Non-Fatal Injury,Angle,Motorcycle Driver,25 to 29,Major,0,South,Motorcycle,Going Ahead,Driving Properly,Normal, , , , , , , , ,Yes,Yes, , , , ,Yes,Yes, , , ,22,,,10,,117
-79.543903,43.661391,7850942,1370071,2013,2013-08-13T04:00:00.000Z,748,7,KIPLING Ave,THORNCREST RD, ,Major Arterial,Etobicoke York,43.661391,-79.543903,Intersection, ,No Control,Clear,Daylight,Dry,Non-Fatal Injury,Angle,Driver,35 to 39,None,0,East,"Automobile, Station Wagon",Other,Failed to Yield Right of Way,Normal, , , , , , , , ,Yes,Yes, , , , ,Yes,Yes, , , ,22,,,10,,118
-79.38219,43.648146,7892935,1387708,2013,2013-10-02T04:00:00.000Z,752,7,77 KING St W, , ,Major Arterial,Toronto and East York,43.648146,-79.38219,Mid-Block, ,No Control,Clear,Daylight,Dry,Non-Fatal Injury,Cyclist Collisions,Driver,35 to 39,None,0,East,"Automobile, Station Wagon",Going Ahead,Exceeding Speed Limit,Normal, , , , , , , ,Yes,Yes, , , , , ,Yes,Yes, , , ,52,,,76,,119
-79.38219,43.648146,7892936,1387708,2013,2013-10-02T04:00:00.000Z,752,7,77 KING St W, , ,Major Arterial,Toronto and East York,43.648146,-79.38219,Mid-Block, ,No Control,Clear,Daylight,Dry,Non-Fatal Injury,Cyclist Collisions,Driver,55 to 59,None,0,East,"Automobile, Station Wagon",Stopped,Other,Inattentive, , , , , , , ,Yes,Yes, , , , , ,Yes,Yes, , , ,52,,,76,,120
-79.38219,43.648146,7892937,1387708,2013,2013-10-02T04:00:00.000Z,752,7,77 KING St W, , ,Major Arterial,Toronto and East York,43.648146,-79.38219,Mid-Block, ,No Control,Clear,Daylight,Dry,Non-Fatal Injury,Cyclist Collisions,Cyclist,30 to 34,Major,0,East,Bicycle,Overtaking, , , , , ,Cyclist struck opened vehicle door,Driving Properly,Normal, ,Yes,Yes, , , , , ,Yes,Yes, , , ,52,,,76,,121
-79.532726,43.696154,7853640,1371244,2013,2013-08-19T04:00:00.000Z,759,7,ROYAL YORK RD,LAWRENCE AVE W, ,Minor Arterial,Etobicoke York,43.696154,-79.532726,Intersection, ,Traffic Signal,Clear,Daylight,Dry,Fatal,Angle,Vehicle Owner,unknown, ,0, , , , , , , , , , , , , ,Yes, , , , ,Yes,Yes,Yes,Yes, , ,23,,,8,,122
-79.532726,43.696154,7853641,1371244,2013,2013-08-19T04:00:00.000Z,759,7,ROYAL YORK RD,LAWRENCE AVE W, ,Minor Arterial,Etobicoke York,43.696154,-79.532726,Intersection, ,Traffic Signal,Clear,Daylight,Dry,Fatal,Angle,Driver,45 to 49,Minor,0,East,Pick Up Truck,Going Ahead,Driving Properly,Normal, , , , , , , , ,Yes, , , , ,Yes,Yes,Yes,Yes, , ,23,,,8,,123
-79.532726,43.696154,7853642,1371244,2013,2013-08-19T04:00:00.000Z,759,7,ROYAL YORK RD,LAWRENCE AVE W, ,Minor Arterial,Etobicoke York,43.696154,-79.532726,Intersection, ,Traffic Signal,Clear,Daylight,Dry,Fatal,Angle,Passenger,35 to 39,Minor,0, , , , , , , , , , , , , ,Yes, , , , ,Yes,Yes,Yes,Yes, , ,23,,,8,,124
-79.532726,43.696154,7853643,1371244,2013,2013-08-19T04:00:00.000Z,759,7,ROYAL YORK RD,LAWRENCE AVE W, ,Minor Arterial,Etobicoke York,43.696154,-79.532726,Intersection, ,Traffic Signal,Clear,Daylight,Dry,Fatal,Angle,Vehicle Owner,unknown, ,0, , , , , , , , , , , , , ,Yes, , , , ,Yes,Yes,Yes,Yes, , ,23,,,8,,125
-79.532726,43.696154,7853644,1371244,2013,2013-08-19T04:00:00.000Z,759,7,ROYAL YORK RD,LAWRENCE AVE W, ,Minor Arterial,Etobicoke York,43.696154,-79.532726,Intersection, ,Traffic Signal,Clear,Daylight,Dry,Fatal,Angle,Driver,60 to 64,Fatal,33,East,"Automobile, Station Wagon",Going Ahead,Driving Properly,Normal, , , , , , , , ,Yes, , , , ,Yes,Yes,Yes,Yes, , ,23,,,8,,126
-79.532726,43.696154,7853645,1371244,2013,2013-08-19T04:00:00.000Z,759,7,ROYAL YORK RD,LAWRENCE AVE W, ,Minor Arterial,Etobicoke York,43.696154,-79.532726,Intersection, ,Traffic Signal,Clear,Daylight,Dry,Fatal,Angle,Vehicle Owner,unknown, ,0, , , , , , , , , , , , , ,Yes, , , , ,Yes,Yes,Yes,Yes, , ,23,,,8,,127
-79.532726,43.696154,7853646,1371244,2013,2013-08-19T04:00:00.000Z,759,7,ROYAL YORK RD,LAWRENCE AVE W, ,Minor Arterial,Etobicoke York,43.696154,-79.532726,Intersection, ,Traffic Signal,Clear,Daylight,Dry,Fatal,Angle,Driver,20 to 24,Minor,0,South,"Automobile, Station Wagon",Going Ahead,Disobeyed Traffic Control,Unknown, , , , , , , , ,Yes, , , , ,Yes,Yes,Yes,Yes, , ,23,,,8,,128
-79.20269,43.808945,5368104,1042071,2008,2008-06-08T04:00:00.000Z,800,8,MORNINGSIDE AVE,MCLEVIN AVE, ,Major Arterial,Scarborough,43.808945,-79.20269,Intersection,At Intersection,Traffic Signal,Clear,Daylight,Dry,Non-Fatal Injury,Rear End,Vehicle Owner,unknown, ,0, ,Other, , , , , , , , , , , ,Yes, , , , ,Yes,Yes,Yes,Yes, , ,42,,,131,,129
-79.20269,43.808945,5368105,1042071,2008,2008-06-08T04:00:00.000Z,800,8,MORNINGSIDE AVE,MCLEVIN AVE, ,Major Arterial,Scarborough,43.808945,-79.20269,Intersection,At Intersection,Traffic Signal,Clear,Daylight,Dry,Non-Fatal Injury,Rear End,Driver,40 to 44,Minor,0,North,"Automobile, Station Wagon",Going Ahead,Disobeyed Traffic Control,Inattentive, , , , , , , , ,Yes, , , , ,Yes,Yes,Yes,Yes, , ,42,,,131,,130
-79.20269,43.808945,5368106,1042071,2008,2008-06-08T04:00:00.000Z,800,8,MORNINGSIDE AVE,MCLEVIN AVE, ,Major Arterial,Scarborough,43.808945,-79.20269,Intersection,At Intersection,Traffic Signal,Clear,Daylight,Dry,Non-Fatal Injury,Rear End,Driver,45 to 49,Minor,0,West,"Automobile, Station Wagon",Stopped,Driving Properly,Normal, , , , , , , , ,Yes, , , , ,Yes,Yes,Yes,Yes, , ,42,,,131,,131
-79.20269,43.808945,5368107,1042071,2008,2008-06-08T04:00:00.000Z,800,8,MORNINGSIDE AVE,MCLEVIN AVE, ,Major Arterial,Scarborough,43.808945,-79.20269,Intersection,At Intersection,Traffic Signal,Clear,Daylight,Dry,Non-Fatal Injury,Rear End,Passenger,10 to 14,Minimal,0, ,Other, , , , , , , , , , , ,Yes, , , , ,Yes,Yes,Yes,Yes, , ,42,,,131,,132
-79.20269,43.808945,5368108,1042071,2008,2008-06-08T04:00:00.000Z,800,8,MORNINGSIDE AVE,MCLEVIN AVE, ,Major Arterial,Scarborough,43.808945,-79.20269,Intersection,At Intersection,Traffic Signal,Clear,Daylight,Dry,Non-Fatal Injury,Rear End,Passenger,45 to 49,Minor,0, ,Other, , , , , , , , , , , ,Yes, , , , ,Yes,Yes,Yes,Yes, , ,42,,,131,,133
-79.20269,43.808945,5368109,1042071,2008,2008-06-08T04:00:00.000Z,800,8,MORNINGSIDE AVE,MCLEVIN AVE, ,Major Arterial,Scarborough,43.808945,-79.20269,Intersection,At Intersection,Traffic Signal,Clear,Daylight,Dry,Non-Fatal Injury,Rear End,Vehicle Owner,unknown, ,0, ,Other, , , , , , , , , , , ,Yes, , , , ,Yes,Yes,Yes,Yes, , ,42,,,131,,134
-79.20269,43.808945,5368110,1042071,2008,2008-06-08T04:00:00.000Z,800,8,MORNINGSIDE AVE,MCLEVIN AVE, ,Major Arterial,Scarborough,43.808945,-79.20269,Intersection,At Intersection,Traffic Signal,Clear,Daylight,Dry,Non-Fatal Injury,Rear End,Driver,20 to 24,Major,0,West,"Automobile, Station Wagon",Going Ahead,Driving Properly,Normal, , , , , , , , ,Yes, , , , ,Yes,Yes,Yes,Yes, , ,42,,,131,,135
-79.49899,43.697345,5404090,1057892,2008,2008-09-10T04:00:00.000Z,806,8,TRETHEWEY DR,TEDDER ST, ,Minor Arterial,Etobicoke York,43.697345,-79.49899,Intersection,At Intersection,No Control,Clear,Daylight,Dry,Fatal,Cyclist Collisions,Driver,50 to 54,None,0,East,"Automobile, Station Wagon",Turning Left,Failed to Yield Right of Way,Inattentive, , , , , , , ,Yes,Yes, , , , , ,Yes,Yes, , , ,12,,,30,,136
-79.49899,43.697345,5404091,1057892,2008,2008-09-10T04:00:00.000Z,806,8,TRETHEWEY DR,TEDDER ST, ,Minor Arterial,Etobicoke York,43.697345,-79.49899,Intersection,At Intersection,No Control,Clear,Daylight,Dry,Fatal,Cyclist Collisions,Cyclist,50 to 54,Fatal,39,West,Bicycle, , , , , , ,Motorist turned left across cyclists path.,Driving Properly,Normal, ,Yes,Yes, , , , , ,Yes,Yes, , , ,12,,,30,,137
-79.489146,43.614035,80202305,4001484501,2014,2014-02-07T05:00:00.000Z,806,8,LAKE SHORE BLVD W,PRIMROSE AVE, ,Major Arterial,Etobicoke York,43.614035,-79.489146,Intersection,Non Intersection,No Control,Clear,Daylight,Wet,Non-Fatal Injury,Angle,Driver,55 to 59,Major,0,North,"Automobile, Station Wagon",Going Ahead,Improper Turn,Unknown, , , , , , , , ,Yes, , , , ,Yes,Yes,Yes, , , ,22,,,17,,138
-79.489146,43.614035,80202306,4001484501,2014,2014-02-07T05:00:00.000Z,806,8,LAKE SHORE BLVD W,PRIMROSE AVE, ,Major Arterial,Etobicoke York,43.614035,-79.489146,Intersection,Non Intersection,No Control,Clear,Daylight,Wet,Non-Fatal Injury,Angle,Driver,20 to 24,None,0,East,Pick Up Truck,Going Ahead,Driving Properly,Normal, , , , , , , , ,Yes, , , , ,Yes,Yes,Yes, , , ,22,,,17,,139
-79.489146,43.614035,80202307,4001484501,2014,2014-02-07T05:00:00.000Z,806,8,LAKE SHORE BLVD W,PRIMROSE AVE, ,Major Arterial,Etobicoke York,43.614035,-79.489146,Intersection,Non Intersection,No Control,Clear,Daylight,Wet,Non-Fatal Injury,Angle,Passenger,20 to 24,None,0, , , , , , , , , , , , , ,Yes, , , , ,Yes,Yes,Yes, , , ,22,,,17,,140
-79.211902,43.777968,8000220,143234908,2014,2014-11-04T05:00:00.000Z,807,8,ORTON PARK RD,SLAN AVE, ,Minor Arterial,Scarborough,43.777968,-79.211902,Mid-Block, ,No Control,Clear,Daylight,Dry,Fatal,SMV Other,Driver,25 to 29,Fatal,37,North,"Automobile, Station Wagon",Going Ahead,Lost control,Unknown, , , , , , , , ,Yes, , , , , ,Yes,Yes, , , ,43,,,135,,141
-79.520129,43.618888,80209766,4002174888,2014,2014-05-29T04:00:00.000Z,814,8,FRED GARDINER EXPR,KIPLING AVENUE,500 m East of,Expressway,Etobicoke York,43.618888,-79.520129,Mid-Block,Non Intersection,No Control,Clear,Daylight,Dry,Non-Fatal Injury,Rear End,Driver,45 to 49,Major,0,East,Delivery Van,Slowing or Stopping,Speed too Fast For Condition,Unknown, , , , , , , , ,Yes, ,Yes, , , ,Yes,Yes, , , ,22,,,17,,142
-79.520129,43.618888,80209767,4002174888,2014,2014-05-29T04:00:00.000Z,814,8,FRED GARDINER EXPR,KIPLING AVENUE,500 m East of,Expressway,Etobicoke York,43.618888,-79.520129,Mid-Block,Non Intersection,No Control,Clear,Daylight,Dry,Non-Fatal Injury,Rear End,Truck Driver,65 to 69,None,0,East,Truck-Tractor,Stopped,Driving Properly,Normal, , , , , , , , ,Yes, ,Yes, , , ,Yes,Yes, , , ,22,,,17,,143
-79.53199,43.690545,5306314,1144058,2009,2009-08-05T04:00:00.000Z,820,8,3 DUFFIELD Rd, , ,Local,Etobicoke York,43.690545,-79.53199,Mid-Block, ,No Control,Clear,Daylight,Dry,Non-Fatal Injury,SMV Unattended Vehicle,Vehicle Owner,unknown, ,0, ,Other, , , , , , , , , , , ,Yes, , , , , ,Yes,Yes, , , ,23,,,7,,144
-79.53199,43.690545,5306315,1144058,2009,2009-08-05T04:00:00.000Z,820,8,3 DUFFIELD Rd, , ,Local,Etobicoke York,43.690545,-79.53199,Mid-Block, ,No Control,Clear,Daylight,Dry,Non-Fatal Injury,SMV Unattended Vehicle,Driver,40 to 44,Major,0,South,"Automobile, Station Wagon",Going Ahead,Lost control,Normal, , , , , , , , ,Yes, , , , , ,Yes,Yes, , , ,23,,,7,,145
-79.53199,43.690545,5306316,1144058,2009,2009-08-05T04:00:00.000Z,820,8,3 DUFFIELD Rd, , ,Local,Etobicoke York,43.690545,-79.53199,Mid-Block, ,No Control,Clear,Daylight,Dry,Non-Fatal Injury,SMV Unattended Vehicle,Other,unknown,None,0, ,Other,Parked, , , , , , , , , , ,Yes, , , , , ,Yes,Yes, , , ,23,,,7,,146
-79.53199,43.690545,5306317,1144058,2009,2009-08-05T04:00:00.000Z,820,8,3 DUFFIELD Rd, , ,Local,Etobicoke York,43.690545,-79.53199,Mid-Block, ,No Control,Clear,Daylight,Dry,Non-Fatal Injury,SMV Unattended Vehicle,Vehicle Owner,unknown, ,0, ,Other, , , , , , , , , , , ,Yes, , , , , ,Yes,Yes, , , ,23,,,7,,147
-79.265865,43.753928,80632271,6001864838,2016,2016-10-20T04:00:00.000Z,823,8,MIDWEST RD,MIDLAND AVE, ,Major Arterial,Scarborough,43.753928,-79.265865,Intersection,Intersection Related,Stop Sign,Rain,Daylight,Wet,Non-Fatal Injury,Pedestrian Collisions,Driver,55 to 59,None,0,South,Passenger Van,Going Ahead,Driving Properly,Normal, , , , , , ,Yes, ,Yes, , , , , ,Yes,Yes, , , ,41,,,127,,148
-79.265865,43.753928,80632272,6001864838,2016,2016-10-20T04:00:00.000Z,823,8,MIDWEST RD,MIDLAND AVE, ,Major Arterial,Scarborough,43.753928,-79.265865,Intersection,Intersection Related,Stop Sign,Rain,Daylight,Wet,Non-Fatal Injury,Pedestrian Collisions,Pedestrian,15 to 19,Major,0,East, , , , ,Vehicle is going straight thru inter.while ped cross without ROW,"Crossing, no Traffic Control",Normal, , , ,Yes, ,Yes, , , , , ,Yes,Yes, , , ,41,,,127,,149
-79.59939,43.695345,5198947,1086335,2009,2009-01-05T05:00:00.000Z,831,8,380 CARLINGVIEW DR, , ,Major Arterial,Etobicoke York,43.695345,-79.59939,Mid-Block, ,No Control,Clear,Daylight,Dry,Non-Fatal Injury,Turning Movement,Vehicle Owner,unknown, ,0, ,Other, , , , , , , , , , , ,Yes, , , , , ,Yes,Yes, , , ,23,,,1,,150
-79.59939,43.695345,5198948,1086335,2009,2009-01-05T05:00:00.000Z,831,8,380 CARLINGVIEW DR, , ,Major Arterial,Etobicoke York,43.695345,-79.59939,Mid-Block, ,No Control,Clear,Daylight,Dry,Non-Fatal Injury,Turning Movement,Driver,45 to 49,Minor,0,North,"Automobile, Station Wagon",Turning Left,Improper Turn,Inattentive, , , , , , , , ,Yes, , , , , ,Yes,Yes, , , ,23,,,1,,151
-79.59939,43.695345,5198949,1086335,2009,2009-01-05T05:00:00.000Z,831,8,380 CARLINGVIEW DR, , ,Major Arterial,Etobicoke York,43.695345,-79.59939,Mid-Block, ,No Control,Clear,Daylight,Dry,Non-Fatal Injury,Turning Movement,Driver,55 to 59,Major,0,South,"Automobile, Station Wagon",Going Ahead,Driving Properly,Normal, , , , , , , , ,Yes, , , , , ,Yes,Yes, , , ,23,,,1,,152
-79.310153,43.758959,80930346,7001917146,2017,2017-10-23T04:00:00.000Z,833,8,ELLESMERE RD,PHARMACY AVE, ,Major Arterial,Scarborough,43.758959,-79.310153,Intersection,At Intersection,Traffic Signal,Clear,Daylight,Dry,Non-Fatal Injury,Pedestrian Collisions,Pedestrian,60 to 64,Major,0,Unknown, , , , ,Pedestrian hit on sidewalk or shoulder,On Sidewalk or Shoulder,Normal, , , ,Yes, ,Yes, , , , , ,Yes,Yes, , , ,41,,,119,,153
-79.310153,43.758959,80930347,7001917146,2017,2017-10-23T04:00:00.000Z,833,8,ELLESMERE RD,PHARMACY AVE, ,Major Arterial,Scarborough,43.758959,-79.310153,Intersection,At Intersection,Traffic Signal,Clear,Daylight,Dry,Non-Fatal Injury,Pedestrian Collisions,Driver,70 to 74,None,0,West,"Automobile, Station Wagon",Turning Left,Driving Properly,Normal, , , , , , ,Yes, ,Yes, , , , , ,Yes,Yes, , , ,41,,,119,,154
-79.310153,43.758959,80930348,7001917146,2017,2017-10-23T04:00:00.000Z,833,8,ELLESMERE RD,PHARMACY AVE, ,Major Arterial,Scarborough,43.758959,-79.310153,Intersection,At Intersection,Traffic Signal,Clear,Daylight,Dry,Non-Fatal Injury,Pedestrian Collisions,Driver,25 to 29,None,0,East,"Automobile, Station Wagon",Going Ahead,Exceeding Speed Limit,Normal, , , , , , ,Yes, ,Yes, , , , , ,Yes,Yes, , , ,41,,,119,,155
-79.310153,43.758959,80930349,7001917146,2017,2017-10-23T04:00:00.000Z,833,8,ELLESMERE RD,PHARMACY AVE, ,Major Arterial,Scarborough,43.758959,-79.310153,Intersection,At Intersection,Traffic Signal,Clear,Daylight,Dry,Non-Fatal Injury,Pedestrian Collisions,Driver,20 to 24,None,0,West,"Automobile, Station Wagon",Turning Left,Failed to Yield Right of Way,Normal, , , , , , ,Yes, ,Yes, , , , , ,Yes,Yes, , , ,41,,,119,,156
-79.211017,43.762793,80565808,6000947584,2016,2016-06-01T04:00:00.000Z,836,8,LAWRENCE AVE E,MOSSBANK DR,20 m West of,Major Arterial,Scarborough,43.762793,-79.211017,Intersection,At Intersection,Traffic Signal,Clear,Daylight,Dry,Non-Fatal Injury,Rear End,Driver,20 to 24,Major,0,East,"Automobile, Station Wagon",Overtaking,Speed too Fast For Condition,Unknown, , , , , , , , ,Yes, , , , ,Yes,Yes,Yes, , , ,43,,,137,,157
-79.211017,43.762793,80565809,6000947584,2016,2016-06-01T04:00:00.000Z,836,8,LAWRENCE AVE E,MOSSBANK DR,20 m West of,Major Arterial,Scarborough,43.762793,-79.211017,Intersection,At Intersection,Traffic Signal,Clear,Daylight,Dry,Non-Fatal Injury,Rear End,Driver,35 to 39,None,0,East,"Automobile, Station Wagon",Going Ahead,Driving Properly,Normal, , , , , , , , ,Yes, , , , ,Yes,Yes,Yes, , , ,43,,,137,,158
-79.211017,43.762793,80565810,6000947584,2016,2016-06-01T04:00:00.000Z,836,8,LAWRENCE AVE E,MOSSBANK DR,20 m West of,Major Arterial,Scarborough,43.762793,-79.211017,Intersection,At Intersection,Traffic Signal,Clear,Daylight,Dry,Non-Fatal Injury,Rear End,Driver,30 to 34,None,0,East,Delivery Van,Stopped,Driving Properly,Normal, , , , , , , , ,Yes, , , , ,Yes,Yes,Yes, , , ,43,,,137,,159