X,Y,Index_,ACCNUM,YEAR,DATE,TIME,Hour,STREET1,STREET2,OFFSET,ROAD_CLASS,District,LATITUDE,LONGITUDE,LOCCOORD,ACCLOC,TRAFFCTL,VISIBILITY,LIGHT,RDSFCOND,ACCLASS,IMPACTYPE,INVTYPE,INVAGE,INJURY,FATAL_NO,INITDIR,VEHTYPE,MANOEUVER,DRIVACT,DRIVCOND,PEDTYPE,PEDACT,PEDCOND,CYCLISTYPE,CYCACT,CYCCOND,PEDESTRIAN,CYCLIST,AUTOMOBILE,MOTORCYCLE,TRUCK,TRSN_CITY_,EMERG_VEH,PASSENGER,SPEEDING,AG_DRIV,REDLIGHT,ALCOHOL,DISABILITY,Division,Ward_Name,Ward_ID,Hood_ID,Hood_Name,ObjectId
-79.211017,43.762793,80565811,6000947584,2016,2016-06-01T04:00:00.000Z,836,8,LAWRENCE AVE E,MOSSBANK DR,20 m West of,Major Arterial,Scarborough,43.762793,-79.211017,Intersection,At Intersection,Traffic Signal,Clear,Daylight,Dry,Non-Fatal Injury,Rear End,Passenger,15 to 19,Major,0, , , , , , , , , , , , , ,Yes, , , , ,Yes,Yes,Yes, , , ,43,,,137,,160
-79.30849,43.738845,6804269,1211679,2011,2011-01-10T05:00:00.000Z,837,8,VICTORIA PARK AVE,SLOANE AVE, ,Major Arterial,Scarborough,43.738845,-79.30849,Intersection, ,No Control,Clear,Daylight,Wet,Non-Fatal Injury,Rear End,Driver,40 to 44,None,0,South,"Automobile, Station Wagon",Going Ahead,Speed too Fast For Condition,Inattentive, , , , , , , , ,Yes, , ,Yes, ,Yes,Yes,Yes, , , ,"33,41",,,43,,161
-79.30849,43.738845,6804270,1211679,2011,2011-01-10T05:00:00.000Z,837,8,VICTORIA PARK AVE,SLOANE AVE, ,Major Arterial,Scarborough,43.738845,-79.30849,Intersection, ,No Control,Clear,Daylight,Wet,Non-Fatal Injury,Rear End,Passenger,10 to 14,Major,0, ,Other, , , , , , , , , , , ,Yes, , ,Yes, ,Yes,Yes,Yes, , , ,"33,41",,,43,,162
-79.30849,43.738845,6804271,1211679,2011,2011-01-10T05:00:00.000Z,837,8,VICTORIA PARK AVE,SLOANE AVE, ,Major Arterial,Scarborough,43.738845,-79.30849,Intersection, ,No Control,Clear,Daylight,Wet,Non-Fatal Injury,Rear End,Vehicle Owner,unknown, ,0, ,Other, , , , , , , , , , , ,Yes, , ,Yes, ,Yes,Yes,Yes, , , ,"33,41",,,43,,163
-79.30849,43.738845,6804272,1211679,2011,2011-01-10T05:00:00.000Z,837,8,VICTORIA PARK AVE,SLOANE AVE, ,Major Arterial,Scarborough,43.738845,-79.30849,Intersection, ,No Control,Clear,Daylight,Wet,Non-Fatal Injury,Rear End,Driver,25 to 29,None,0,South,Municipal Transit Bus (TTC),Stopped,Driving Properly,Normal, , , , , , , , ,Yes, , ,Yes, ,Yes,Yes,Yes, , , ,"33,41",,,43,,164
-79.44449,43.710745,7462428,1314296,2012,2012-09-11T04:00:00.000Z,840,8,GLENGROVE AVE,MARLEE AVE, ,Minor Arterial,North York,43.710745,-79.44449,Intersection,At Intersection,Stop Sign,Clear,Daylight,Dry,Fatal,Angle,Motorcycle Driver,20 to 24,Fatal,30,North,Motorcycle,Going Ahead,Speed too Fast For Condition,Normal, , , , , , , , ,Yes,Yes, , , , ,Yes,Yes, , , ,13,,,31,,165
-79.44449,43.710745,7462429,1314296,2012,2012-09-11T04:00:00.000Z,840,8,GLENGROVE AVE,MARLEE AVE, ,Minor Arterial,North York,43.710745,-79.44449,Intersection,At Intersection,Stop Sign,Clear,Daylight,Dry,Fatal,Angle,Vehicle Owner,unknown, ,0, ,Other, , , , , , , , , , , ,Yes,Yes, , , , ,Yes,Yes, , , ,13,,,31,,166
-79.44449,43.710745,7462430,1314296,2012,2012-09-11T04:00:00.000Z,840,8,GLENGROVE AVE,MARLEE AVE, ,Minor Arterial,North York,43.710745,-79.44449,Intersection,At Intersection,Stop Sign,Clear,Daylight,Dry,Fatal,Angle,Driver,45 to 49,None,0,West,"Automobile, Station Wagon",Going Ahead,Failed to Yield Right of Way,Normal, , , , , , , , ,Yes,Yes, , , , ,Yes,Yes, , , ,13,,,31,,167
-79.560214,43.621218,80785465,7001983024,2017,2017-11-02T04:00:00.000Z,840,8,161 THE WEST MALL, , ,Minor Arterial,Etobicoke York,43.621218,-79.560214,Mid-Block,Non Intersection,No Control, ,Daylight, ,Fatal,Approaching,Driver,35 to 39,Minor,0,South,"Automobile, Station Wagon",Going Ahead,Driving Properly,Normal, , , , , , , , ,Yes, , , , , ,Yes,Yes, , , ,22,,,14,,168
-79.560214,43.621218,80787040,7001983024,2017,2017-11-02T04:00:00.000Z,840,8,161 THE WEST MALL, , ,Minor Arterial,Etobicoke York,43.621218,-79.560214,Mid-Block,Non Intersection,No Control, ,Daylight, ,Fatal,Approaching,Driver,35 to 39,Fatal,52,North,"Automobile, Station Wagon",Going Ahead,Lost control,Normal, , , , , , , , ,Yes, , , , , ,Yes,Yes, , , ,22,,,14,,169
-79.444034,43.636378,80976796,8001922622,2018,2018-10-18T04:00:00.000Z,840,8,1491 LAKE SHORE BLVD W, ,900 m East of,Major Arterial,Toronto and East York,43.636378,-79.444034,Mid-Block,Non Intersection,No Control,Clear,Daylight,Dry,Non-Fatal Injury,Approaching,Driver,25 to 29,Major,0,West,"Automobile, Station Wagon",Going Ahead,Lost control,Inattentive, , , , , , , , ,Yes, ,Yes, , , ,Yes,Yes, , , ,14,,,85,,170
-79.444034,43.636378,80976797,8001922622,2018,2018-10-18T04:00:00.000Z,840,8,1491 LAKE SHORE BLVD W, ,900 m East of,Major Arterial,Toronto and East York,43.636378,-79.444034,Mid-Block,Non Intersection,No Control,Clear,Daylight,Dry,Non-Fatal Injury,Approaching,Truck Driver,60 to 64,None,0,East,Truck-Tractor,Going Ahead,Driving Properly,Normal, , , , , , , , ,Yes, ,Yes, , , ,Yes,Yes, , , ,14,,,85,,171
-79.49409,43.605845,7811139,1352962,2013,2013-04-24T04:00:00.000Z,843,8,MURRIE ST,ROYAL YORK RD, ,Minor Arterial,Etobicoke York,43.605845,-79.49409,Intersection,At Intersection,Stop Sign,Rain,Daylight,Wet,Non-Fatal Injury,SMV Other,Vehicle Owner,unknown, ,0, ,Other, , , , , , , , , , , ,Yes, , , , , ,Yes,Yes, , , ,22,,,17,,172
-79.49409,43.605845,7811140,1352962,2013,2013-04-24T04:00:00.000Z,843,8,MURRIE ST,ROYAL YORK RD, ,Minor Arterial,Etobicoke York,43.605845,-79.49409,Intersection,At Intersection,Stop Sign,Rain,Daylight,Wet,Non-Fatal Injury,SMV Other,Driver,75 to 79,Major,0,East,"Automobile, Station Wagon",Going Ahead,Lost control,Normal, , , , , , , , ,Yes, , , , , ,Yes,Yes, , , ,22,,,17,,173
-79.19829,43.802245,6668627,1250828,2011,2011-07-16T04:00:00.000Z,847,8,SHEPPARD Aven E,MORNINGSIDE Aven, ,Major Arterial,Scarborough,43.802245,-79.19829,Mid-Block, ,No Control,Clear,Daylight,Dry,Non-Fatal Injury,Rear End,Driver,35 to 39,Minor,0,West,"Automobile, Station Wagon",Going Ahead,Driving Properly,Normal, , , , , , , , ,Yes, , , , ,Yes,Yes,Yes, , ,Yes,42,,,131,,174
-79.19829,43.802245,6668628,1250828,2011,2011-07-16T04:00:00.000Z,847,8,SHEPPARD Aven E,MORNINGSIDE Aven, ,Major Arterial,Scarborough,43.802245,-79.19829,Mid-Block, ,No Control,Clear,Daylight,Dry,Non-Fatal Injury,Rear End,Driver,65 to 69,None,0,West,"Automobile, Station Wagon",Going Ahead,Driving Properly,Normal, , , , , , , , ,Yes, , , , ,Yes,Yes,Yes, , ,Yes,42,,,131,,175
-79.19829,43.802245,6668629,1250828,2011,2011-07-16T04:00:00.000Z,847,8,SHEPPARD Aven E,MORNINGSIDE Aven, ,Major Arterial,Scarborough,43.802245,-79.19829,Mid-Block, ,No Control,Clear,Daylight,Dry,Non-Fatal Injury,Rear End,Driver,45 to 49,Major,0,West,"Automobile, Station Wagon",Going Ahead,Lost control,Medical or Physical Disability, , , , , , , , ,Yes, , , , ,Yes,Yes,Yes, , ,Yes,42,,,131,,176
-79.19829,43.802245,6668630,1250828,2011,2011-07-16T04:00:00.000Z,847,8,SHEPPARD Aven E,MORNINGSIDE Aven, ,Major Arterial,Scarborough,43.802245,-79.19829,Mid-Block, ,No Control,Clear,Daylight,Dry,Non-Fatal Injury,Rear End,Passenger,5 to 9,Minimal,0, ,Other, , , , , , , , , , , ,Yes, , , , ,Yes,Yes,Yes, , ,Yes,42,,,131,,177
-79.19829,43.802245,6668631,1250828,2011,2011-07-16T04:00:00.000Z,847,8,SHEPPARD Aven E,MORNINGSIDE Aven, ,Major Arterial,Scarborough,43.802245,-79.19829,Mid-Block, ,No Control,Clear,Daylight,Dry,Non-Fatal Injury,Rear End,Driver,40 to 44,Minimal,0,West,"Automobile, Station Wagon",Going Ahead,Driving Properly,Normal, , , , , , , , ,Yes, , , , ,Yes,Yes,Yes, , ,Yes,42,,,131,,178
-79.25419,43.779545,5420909,1065141,2008,2008-10-19T04:00:00.000Z,850,8,MCCOWAN RD,401 C E MCCOWAN RD RAMP, ,Expressway,Scarborough,43.779545,-79.25419,Intersection,At Intersection,Traffic Signal,Clear,Daylight,Dry,Non-Fatal Injury,Pedestrian Collisions,Truck Driver,55 to 59,None,0,South,Truck - Open,Going Ahead,Speed too Fast For Condition,Inattentive, , , , , , ,Yes, , , ,Yes, , , ,Yes,Yes, , , ,43,,,137,,179
-79.25419,43.779545,5420910,1065141,2008,2008-10-19T04:00:00.000Z,850,8,MCCOWAN RD,401 C E MCCOWAN RD RAMP, ,Expressway,Scarborough,43.779545,-79.25419,Intersection,At Intersection,Traffic Signal,Clear,Daylight,Dry,Non-Fatal Injury,Pedestrian Collisions,Other,60 to 64, ,0,South,Other,Parked, , , , , , , , ,Yes, , , ,Yes, , , ,Yes,Yes, , , ,43,,,137,,180
-79.25419,43.779545,5420911,1065141,2008,2008-10-19T04:00:00.000Z,850,8,MCCOWAN RD,401 C E MCCOWAN RD RAMP, ,Expressway,Scarborough,43.779545,-79.25419,Intersection,At Intersection,Traffic Signal,Clear,Daylight,Dry,Non-Fatal Injury,Pedestrian Collisions,Pedestrian,60 to 64,Major,0,Unknown,Other, , , ,Other / Undefined,Pushing/Working on Vehicle,Unknown, , , ,Yes, , , ,Yes, , , ,Yes,Yes, , , ,43,,,137,,181
-79.36709,43.651545,6626586,1233009,2011,2011-03-15T04:00:00.000Z,852,8,KING Stre E,PRINCESS Stre, ,Major Arterial,Toronto and East York,43.651545,-79.36709,Intersection, ,No Control,Clear,Daylight,Dry,Non-Fatal Injury,Turning Movement,Passenger,45 to 49,Major,0, ,Other, , , , , , , , , , , ,Yes, , , , ,Yes,Yes,Yes, , , ,51,,,73,,182
-79.36709,43.651545,6626587,1233009,2011,2011-03-15T04:00:00.000Z,852,8,KING Stre E,PRINCESS Stre, ,Major Arterial,Toronto and East York,43.651545,-79.36709,Intersection, ,No Control,Clear,Daylight,Dry,Non-Fatal Injury,Turning Movement,Vehicle Owner,unknown, ,0, ,Other, , , , , , , , , , , ,Yes, , , , ,Yes,Yes,Yes, , , ,51,,,73,,183
-79.36709,43.651545,6626588,1233009,2011,2011-03-15T04:00:00.000Z,852,8,KING Stre E,PRINCESS Stre, ,Major Arterial,Toronto and East York,43.651545,-79.36709,Intersection, ,No Control,Clear,Daylight,Dry,Non-Fatal Injury,Turning Movement,Driver,45 to 49,None,0,West,"Automobile, Station Wagon",Turning Left,Improper Turn,Normal, , , , , , , , ,Yes, , , , ,Yes,Yes,Yes, , , ,51,,,73,,184
-79.36709,43.651545,6626589,1233009,2011,2011-03-15T04:00:00.000Z,852,8,KING Stre E,PRINCESS Stre, ,Major Arterial,Toronto and East York,43.651545,-79.36709,Intersection, ,No Control,Clear,Daylight,Dry,Non-Fatal Injury,Turning Movement,Vehicle Owner,unknown, ,0, ,Other, , , , , , , , , , , ,Yes, , , , ,Yes,Yes,Yes, , , ,51,,,73,,185
-79.36709,43.651545,6626590,1233009,2011,2011-03-15T04:00:00.000Z,852,8,KING Stre E,PRINCESS Stre, ,Major Arterial,Toronto and East York,43.651545,-79.36709,Intersection, ,No Control,Clear,Daylight,Dry,Non-Fatal Injury,Turning Movement,Driver,45 to 49,None,0,East,"Automobile, Station Wagon",Going Ahead,Driving Properly,Normal, , , , , , , , ,Yes, , , , ,Yes,Yes,Yes, , , ,51,,,73,,186
-79.36709,43.651545,6626591,1233009,2011,2011-03-15T04:00:00.000Z,852,8,KING Stre E,PRINCESS Stre, ,Major Arterial,Toronto and East York,43.651545,-79.36709,Intersection, ,No Control,Clear,Daylight,Dry,Non-Fatal Injury,Turning Movement,Other Property Owner,unknown, ,0, ,Other, , , , , , , , , , , ,Yes, , , , ,Yes,Yes,Yes, , , ,51,,,73,,187
-79.437686,43.752307,80886061,7001050075,2017,2017-06-13T04:00:00.000Z,854,8,BATHURST ST,REINER RD,3 m South of,Major Arterial,North York,43.752307,-79.437686,Intersection,At Intersection,Stop Sign,Clear,Daylight,Dry,Non-Fatal Injury,Turning Movement,Passenger,15 to 19,Minimal,0, , , , , , , , , , , , , ,Yes, , , , ,Yes,Yes,Yes, , , ,32,,,38,,188
-79.437686,43.752307,80886062,7001050075,2017,2017-06-13T04:00:00.000Z,854,8,BATHURST ST,REINER RD,3 m South of,Major Arterial,North York,43.752307,-79.437686,Intersection,At Intersection,Stop Sign,Clear,Daylight,Dry,Non-Fatal Injury,Turning Movement,Driver,75 to 79,Minimal,0,North,"Automobile, Station Wagon",Going Ahead,Driving Properly,Normal, , , , , , , , ,Yes, , , , ,Yes,Yes,Yes, , , ,32,,,38,,189
-79.437686,43.752307,80886063,7001050075,2017,2017-06-13T04:00:00.000Z,854,8,BATHURST ST,REINER RD,3 m South of,Major Arterial,North York,43.752307,-79.437686,Intersection,At Intersection,Stop Sign,Clear,Daylight,Dry,Non-Fatal Injury,Turning Movement,Driver,20 to 24,None,0,North,"Automobile, Station Wagon",Going Ahead,Driving Properly,Normal, , , , , , , , ,Yes, , , , ,Yes,Yes,Yes, , , ,32,,,38,,190
-79.437686,43.752307,80886064,7001050075,2017,2017-06-13T04:00:00.000Z,854,8,BATHURST ST,REINER RD,3 m South of,Major Arterial,North York,43.752307,-79.437686,Intersection,At Intersection,Stop Sign,Clear,Daylight,Dry,Non-Fatal Injury,Turning Movement,Driver,45 to 49,Minimal,0,North,Delivery Van,Going Ahead,Exceeding Speed Limit,Normal, , , , , , , , ,Yes, , , , ,Yes,Yes,Yes, , , ,32,,,38,,191
-79.437686,43.752307,80886065,7001050075,2017,2017-06-13T04:00:00.000Z,854,8,BATHURST ST,REINER RD,3 m South of,Major Arterial,North York,43.752307,-79.437686,Intersection,At Intersection,Stop Sign,Clear,Daylight,Dry,Non-Fatal Injury,Turning Movement,Driver,65 to 69,Major,0,East,"Automobile, Station Wagon",Turning Left,Failed to Yield Right of Way,Unknown, , , , , , , , ,Yes, , , , ,Yes,Yes,Yes, , , ,32,,,38,,192
-79.38819,43.703245,6159377,1176088,2010,2010-05-20T04:00:00.000Z,855,8,MOUNT PLEASANT RD,PENROSE RD, ,Major Arterial,Toronto and East York,43.703245,-79.38819,Intersection,At Intersection,No Control,Clear,Daylight,Dry,Non-Fatal Injury,Turning Movement,Moped Driver,20 to 24,Major,0,South,Moped,Going Ahead,Driving Properly,Normal, , , , , , , ,Yes,Yes, , , , , ,Yes,Yes, , , ,53,,,104,,193
-79.38819,43.703245,6159378,1176088,2010,2010-05-20T04:00:00.000Z,855,8,MOUNT PLEASANT RD,PENROSE RD, ,Major Arterial,Toronto and East York,43.703245,-79.38819,Intersection,At Intersection,No Control,Clear,Daylight,Dry,Non-Fatal Injury,Turning Movement,Vehicle Owner,unknown, ,0, ,Other, , , , , , , , , , ,Yes,Yes, , , , , ,Yes,Yes, , , ,53,,,104,,194
-79.38819,43.703245,6159379,1176088,2010,2010-05-20T04:00:00.000Z,855,8,MOUNT PLEASANT RD,PENROSE RD, ,Major Arterial,Toronto and East York,43.703245,-79.38819,Intersection,At Intersection,No Control,Clear,Daylight,Dry,Non-Fatal Injury,Turning Movement,Driver,45 to 49,None,0,North,"Automobile, Station Wagon",Turning Left,Improper Turn,Normal, , , , , , , ,Yes,Yes, , , , , ,Yes,Yes, , , ,53,,,104,,195
-79.42094,43.708262,80503082,6000595012,2016,2016-04-08T04:00:00.000Z,902,9,ST CLEMENTS AVE,CALDOW RD, ,Local,North York,43.708262,-79.42094,Intersection,Intersection Related,Stop Sign,Clear,Daylight,Dry,Fatal,Angle,Driver,35 to 39,Fatal,21,East,"Automobile, Station Wagon",Going Ahead,Disobeyed Traffic Control,Unknown, , , , , , , , ,Yes, , , , , ,Yes,Yes, , , ,53,,,102,,196
-79.42094,43.708262,80503083,6000595012,2016,2016-04-08T04:00:00.000Z,902,9,ST CLEMENTS AVE,CALDOW RD, ,Local,North York,43.708262,-79.42094,Intersection,Intersection Related,Stop Sign,Clear,Daylight,Dry,Fatal,Angle,Driver,60 to 64,None,0,North,"Automobile, Station Wagon",Stopped,Driving Properly,Normal, , , , , , , , ,Yes, , , , , ,Yes,Yes, , , ,53,,,102,,197
-79.470134,43.750739,80921378,8000231465,2018,2018-02-06T05:00:00.000Z,913,9,CARL HALL RD,YUKON LANE,300 m South of,Other,North York,43.750739,-79.470134,Mid-Block,Non Intersection,No Control,Clear,Daylight,Wet,Non-Fatal Injury,Approaching,Driver,35 to 39,Minor,0,South,"Automobile, Station Wagon",Going Ahead,Driving Properly,Normal, , , , , , , , ,Yes, , , , , ,Yes,Yes, , , ,32,,,26,,198
-79.470134,43.750739,80921379,8000231465,2018,2018-02-06T05:00:00.000Z,913,9,CARL HALL RD,YUKON LANE,300 m South of,Other,North York,43.750739,-79.470134,Mid-Block,Non Intersection,No Control,Clear,Daylight,Wet,Non-Fatal Injury,Approaching,Driver,35 to 39,Major,0,North,"Automobile, Station Wagon",Going Ahead,Lost control,Inattentive, , , , , , , , ,Yes, , , , , ,Yes,Yes, , , ,32,,,26,,199
-79.52249,43.618445,6806740,1272451,2011,2011-12-31T05:00:00.000Z,915,9,F G GARDINER XY  E,KIPLING Ave, ,Expressway,Etobicoke York,43.618445,-79.52249,Mid-Block, ,No Control,Rain,Daylight,Wet,Non-Fatal Injury,SMV Other,Passenger,30 to 34,Minimal,0, ,Other, , , , , , , , , , , ,Yes, , , , ,Yes,Yes,Yes, , , ,22,,,17,,200
-79.216319,43.795016,80942458,8000000595,2018,2018-01-01T05:00:00.000Z,137,1,NEILSON RD,401 C W NEILSON RAMP RD, ,Expressway,Scarborough,43.795016,-79.216319,Intersection,At Intersection,Traffic Signal,Clear,"Dark, artificial",Dry,Non-Fatal Injury,Angle,Passenger,20 to 24,Major,0, , , , , , , , , , , , , ,Yes, , , , ,Yes,Yes,Yes,Yes, , ,42,,,132,,201
-79.216319,43.795016,80942459,8000000595,2018,2018-01-01T05:00:00.000Z,137,1,NEILSON RD,401 C W NEILSON RAMP RD, ,Expressway,Scarborough,43.795016,-79.216319,Intersection,At Intersection,Traffic Signal,Clear,"Dark, artificial",Dry,Non-Fatal Injury,Angle,Passenger,75 to 79,Minimal,0, , , , , , , , , , , , , ,Yes, , , , ,Yes,Yes,Yes,Yes, , ,42,,,132,,202
-79.216319,43.795016,80942460,8000000595,2018,2018-01-01T05:00:00.000Z,137,1,NEILSON RD,401 C W NEILSON RAMP RD, ,Expressway,Scarborough,43.795016,-79.216319,Intersection,At Intersection,Traffic Signal,Clear,"Dark, artificial",Dry,Non-Fatal Injury,Angle,Passenger,75 to 79,Minimal,0, , , , , , , , , , , , , ,Yes, , , , ,Yes,Yes,Yes,Yes, , ,42,,,132,,203
-79.216319,43.795016,80942461,8000000595,2018,2018-01-01T05:00:00.000Z,137,1,NEILSON RD,401 C W NEILSON RAMP RD, ,Expressway,Scarborough,43.795016,-79.216319,Intersection,At Intersection,Traffic Signal,Clear,"Dark, artificial",Dry,Non-Fatal Injury,Angle,Passenger,75 to 79,Minimal,0, , , , , , , , , , , , , ,Yes, , , , ,Yes,Yes,Yes,Yes, , ,42,,,132,,204
-79.216319,43.795016,80942462,8000000595,2018,2018-01-01T05:00:00.000Z,137,1,NEILSON RD,401 C W NEILSON RAMP RD, ,Expressway,Scarborough,43.795016,-79.216319,Intersection,At Intersection,Traffic Signal,Clear,"Dark, artificial",Dry,Non-Fatal Injury,Angle,Passenger,30 to 34,Major,0, , , , , , , , , , , , , ,Yes, , , , ,Yes,Yes,Yes,Yes, , ,42,,,132,,205
-79.216319,43.795016,80942463,8000000595,2018,2018-01-01T05:00:00.000Z,137,1,NEILSON RD,401 C W NEILSON RAMP RD, ,Expressway,Scarborough,43.795016,-79.216319,Intersection,At Intersection,Traffic Signal,Clear,"Dark, artificial",Dry,Non-Fatal Injury,Angle,Driver,75 to 79,Minimal,0,North,"Automobile, Station Wagon",Going Ahead,Driving Properly,Normal, , , , , , , , ,Yes, , , , ,Yes,Yes,Yes,Yes, , ,42,,,132,,206
-79.216319,43.795016,80942464,8000000595,2018,2018-01-01T05:00:00.000Z,137,1,NEILSON RD,401 C W NEILSON RAMP RD, ,Expressway,Scarborough,43.795016,-79.216319,Intersection,At Intersection,Traffic Signal,Clear,"Dark, artificial",Dry,Non-Fatal Injury,Angle,Driver,20 to 24,Major,0,West,"Automobile, Station Wagon",Going Ahead,Disobeyed Traffic Control,Had Been Drinking, , , , , , , , ,Yes, , , , ,Yes,Yes,Yes,Yes, , ,42,,,132,,207
-79.425502,43.634085,7515524,1321409,2012,2012-09-16T04:00:00.000Z,138,1,DUFFERIN St,SPRINGHURST Ave, ,Expressway,Toronto and East York,43.634085,-79.425502,Mid-Block, ,Traffic Signal,Clear,"Dark, artificial",Dry,Non-Fatal Injury,SMV Other,Vehicle Owner,unknown, ,0, ,Other, , , , , , , , , , , ,Yes, , , , ,Yes,Yes,Yes, ,Yes, ,14,,,82,,208
-79.425502,43.634085,7515525,1321409,2012,2012-09-16T04:00:00.000Z,138,1,DUFFERIN St,SPRINGHURST Ave, ,Expressway,Toronto and East York,43.634085,-79.425502,Mid-Block, ,Traffic Signal,Clear,"Dark, artificial",Dry,Non-Fatal Injury,SMV Other,Driver,35 to 39,Minimal,0,North,"Automobile, Station Wagon",Going Ahead,Lost control,"Ability Impaired, Alcohol", , , , , , , , ,Yes, , , , ,Yes,Yes,Yes, ,Yes, ,14,,,82,,209
-79.425502,43.634085,7515526,1321409,2012,2012-09-16T04:00:00.000Z,138,1,DUFFERIN St,SPRINGHURST Ave, ,Expressway,Toronto and East York,43.634085,-79.425502,Mid-Block, ,Traffic Signal,Clear,"Dark, artificial",Dry,Non-Fatal Injury,SMV Other,Passenger,40 to 44,Major,0, ,Other, , , , , , , , , , , ,Yes, , , , ,Yes,Yes,Yes, ,Yes, ,14,,,82,,210
-79.425502,43.634085,7515527,1321409,2012,2012-09-16T04:00:00.000Z,138,1,DUFFERIN St,SPRINGHURST Ave, ,Expressway,Toronto and East York,43.634085,-79.425502,Mid-Block, ,Traffic Signal,Clear,"Dark, artificial",Dry,Non-Fatal Injury,SMV Other,Other Property Owner,unknown, ,0, ,Other, , , , , , , , , , , ,Yes, , , , ,Yes,Yes,Yes, ,Yes, ,14,,,82,,211
-79.380786,43.795336,80741713,7000649054,2017,2017-04-13T04:00:00.000Z,144,1,CUMMER AVE,SNOWCREST AVE,150 m East,Collector,North York,43.795336,-79.380786,Mid-Block,Non Intersection,No Control,Clear,"Dark, artificial",Dry,Fatal,SMV Other,Passenger,25 to 29,Major,0, , , , , , , , , , , , , ,Yes, , , , ,Yes,Yes,Yes, , , ,33,,,49,,212
-79.380786,43.795336,80741716,7000649054,2017,2017-04-13T04:00:00.000Z,144,1,CUMMER AVE,SNOWCREST AVE,150 m East,Collector,North York,43.795336,-79.380786,Mid-Block,Non Intersection,No Control,Clear,"Dark, artificial",Dry,Fatal,SMV Other,Driver,25 to 29,Fatal,17,East,"Automobile, Station Wagon",Going Ahead,Lost control,Unknown, , , , , , , , ,Yes, , , , ,Yes,Yes,Yes, , , ,33,,,49,,213
-79.25809,43.734545,5417990,1063951,2008,2008-10-13T04:00:00.000Z,145,1,EGLINTON Ave E,MIDLAND Ave, ,Major Arterial,Scarborough,43.734545,-79.25809,Intersection,At Intersection,Traffic Signal,Clear,Dark,Dry,Non-Fatal Injury,Angle,Vehicle Owner,unknown, ,0, ,Other, , , , , , , , , , , ,Yes, , , , , ,Yes,Yes,Yes, , ,41,,,138,,214
-79.25809,43.734545,5417991,1063951,2008,2008-10-13T04:00:00.000Z,145,1,EGLINTON Ave E,MIDLAND Ave, ,Major Arterial,Scarborough,43.734545,-79.25809,Intersection,At Intersection,Traffic Signal,Clear,Dark,Dry,Non-Fatal Injury,Angle,Driver,30 to 34,None,0,West,"Automobile, Station Wagon",Going Ahead,Driving Properly,Normal, , , , , , , , ,Yes, , , , , ,Yes,Yes,Yes, , ,41,,,138,,215
-79.25809,43.734545,5417992,1063951,2008,2008-10-13T04:00:00.000Z,145,1,EGLINTON Ave E,MIDLAND Ave, ,Major Arterial,Scarborough,43.734545,-79.25809,Intersection,At Intersection,Traffic Signal,Clear,Dark,Dry,Non-Fatal Injury,Angle,Vehicle Owner,unknown, ,0, ,Other, , , , , , , , , , , ,Yes, , , , , ,Yes,Yes,Yes, , ,41,,,138,,216
-79.25809,43.734545,5417993,1063951,2008,2008-10-13T04:00:00.000Z,145,1,EGLINTON Ave E,MIDLAND Ave, ,Major Arterial,Scarborough,43.734545,-79.25809,Intersection,At Intersection,Traffic Signal,Clear,Dark,Dry,Non-Fatal Injury,Angle,Driver,35 to 39,Major,0,South,"Automobile, Station Wagon",Going Ahead,Disobeyed Traffic Control,Unknown, , , , , , , , ,Yes, , , , , ,Yes,Yes,Yes, , ,41,,,138,,217
-79.40859,43.754145,6660096,1247270,2011,2011-06-21T04:00:00.000Z,145,1,YONGE Stre,HIGHWAY 401 C  E, ,Expressway,North York,43.754145,-79.40859,Mid-Block, ,No Control,Clear,Dark,Dry,Non-Fatal Injury,SMV Other,Driver,25 to 29,Major,0,South,"Automobile, Station Wagon",Going Ahead,Lost control,Fatigue, , , , , , , , ,Yes, , , , , ,Yes,Yes, , , ,32,,,38,,218
-79.40859,43.754145,6660097,1247270,2011,2011-06-21T04:00:00.000Z,145,1,YONGE Stre,HIGHWAY 401 C  E, ,Expressway,North York,43.754145,-79.40859,Mid-Block, ,No Control,Clear,Dark,Dry,Non-Fatal Injury,SMV Other,Other Property Owner,unknown, ,0, ,Other, , , , , , , , , , , ,Yes, , , , , ,Yes,Yes, , , ,32,,,38,,219
-79.537532,43.593527,80253414,5001792532,2015,2015-10-18T04:00:00.000Z,145,1,LAKE SHORE BLVD W,THIRTY SEVENTH ST,51 m East of,Major Arterial,Etobicoke York,43.593527,-79.537532,Mid-Block,Non Intersection,No Control,Clear,"Dark, artificial",Dry,Non-Fatal Injury,SMV Other,Driver,20 to 24,Major,0,West,"Automobile, Station Wagon",Going Ahead,Speed too Fast For Condition,Had Been Drinking, , , , , , , , ,Yes, , , , , ,Yes,Yes, , , ,22,,,19,,220