X,Y,Index_,ACCNUM,YEAR,DATE,TIME,Hour,STREET1,STREET2,OFFSET,ROAD_CLASS,District,LATITUDE,LONGITUDE,LOCCOORD,ACCLOC,TRAFFCTL,VISIBILITY,LIGHT,RDSFCOND,ACCLASS,IMPACTYPE,INVTYPE,INVAGE,INJURY,FATAL_NO,INITDIR,VEHTYPE,MANOEUVER,DRIVACT,DRIVCOND,PEDTYPE,PEDACT,PEDCOND,CYCLISTYPE,CYCACT,CYCCOND,PEDESTRIAN,CYCLIST,AUTOMOBILE,MOTORCYCLE,TRUCK,TRSN_CITY_,EMERG_VEH,PASSENGER,SPEEDING,AG_DRIV,REDLIGHT,ALCOHOL,DISABILITY,Division,Ward_Name,Ward_ID,Hood_ID,Hood_Name,ObjectId
-79.54079,43.650745,6097398,1147555,2010,2010-01-14T05:00:00.000Z,148,1,BURNHAMTHORPE RD,PRENNAN AVE, ,Major Arterial,Etobicoke York,43.650745,-79.54079,Intersection,At Intersection,No Control,Clear,Dark,Wet,Non-Fatal Injury,SMV Other,Driver,20 to 24,Major,0,West,"Automobile, Station Wagon",Going Ahead,Lost control,Had Been Drinking, , , , , , , , ,Yes, , , , , ,Yes,Yes, , , ,22,,,14,,221
-79.46349,43.637045,7414433,1293932,2012,2012-04-20T04:00:00.000Z,149,1,LAKE SHORE BLVD W,ELLIS AVE, ,Major Arterial,Toronto and East York,43.637045,-79.46349,Mid-Block, ,No Control,Clear,"Dark, artificial",Dry,Non-Fatal Injury,SMV Other,Passenger,20 to 24,Major,0, ,Other, , , , , , , , , , , ,Yes, , , , ,Yes,Yes,Yes, , , ,11,,,85,,222
-79.46349,43.637045,7414434,1293932,2012,2012-04-20T04:00:00.000Z,149,1,LAKE SHORE BLVD W,ELLIS AVE, ,Major Arterial,Toronto and East York,43.637045,-79.46349,Mid-Block, ,No Control,Clear,"Dark, artificial",Dry,Non-Fatal Injury,SMV Other,Vehicle Owner,unknown, ,0, ,Other, , , , , , , , , , , ,Yes, , , , ,Yes,Yes,Yes, , , ,11,,,85,,223
-79.46349,43.637045,7414435,1293932,2012,2012-04-20T04:00:00.000Z,149,1,LAKE SHORE BLVD W,ELLIS AVE, ,Major Arterial,Toronto and East York,43.637045,-79.46349,Mid-Block, ,No Control,Clear,"Dark, artificial",Dry,Non-Fatal Injury,SMV Other,Driver,20 to 24,Minimal,0,East,"Automobile, Station Wagon",Going Ahead,Lost control,Normal, , , , , , , , ,Yes, , , , ,Yes,Yes,Yes, , , ,11,,,85,,224
-79.510593,43.698035,80948205,8001397714,2018,2018-07-31T04:00:00.000Z,150,1,WESTON RD,WRIGHT AVE,50 m South of,Minor Arterial,Etobicoke York,43.698035,-79.510593,Mid-Block,At/Near Private Drive,No Control,Clear,"Dark, artificial",Dry,Non-Fatal Injury,SMV Unattended Vehicle,Motorcycle Driver,25 to 29,Major,0,North,Motorcycle,Going Ahead,Exceeding Speed Limit,Inattentive, , , , , , , , ,Yes,Yes, , , , ,Yes,Yes, , , ,12,,,113,,225
-79.510593,43.698035,80948206,8001397714,2018,2018-07-31T04:00:00.000Z,150,1,WESTON RD,WRIGHT AVE,50 m South of,Minor Arterial,Etobicoke York,43.698035,-79.510593,Mid-Block,At/Near Private Drive,No Control,Clear,"Dark, artificial",Dry,Non-Fatal Injury,SMV Unattended Vehicle,Driver,unknown,None,0,North,"Automobile, Station Wagon",Parked,Driving Properly,Unknown, , , , , , , , ,Yes,Yes, , , , ,Yes,Yes, , , ,12,,,113,,226
-79.516185,43.700148,7484785,1323691,2012,2012-09-21T04:00:00.000Z,152,1,WESTON Rd,LAWRENCE Ave W, ,Major Arterial,Etobicoke York,43.700148,-79.516185,Intersection,At Intersection,Traffic Signal,Rain,"Dark, artificial",Wet,Non-Fatal Injury,Angle,Driver,30 to 34,Minor,0,South,"Automobile, Station Wagon",Going Ahead,Disobeyed Traffic Control,"Ability Impaired, Alcohol Over .08", , , , , , , , ,Yes, , , , , ,Yes,Yes,Yes,Yes, ,12,,,113,,227
-79.516185,43.700148,7484786,1323691,2012,2012-09-21T04:00:00.000Z,152,1,WESTON Rd,LAWRENCE Ave W, ,Major Arterial,Etobicoke York,43.700148,-79.516185,Intersection,At Intersection,Traffic Signal,Rain,"Dark, artificial",Wet,Non-Fatal Injury,Angle,Other Property Owner,unknown, ,0, ,Other, , , , , , , , , , , ,Yes, , , , , ,Yes,Yes,Yes,Yes, ,12,,,113,,228
-79.516185,43.700148,7484787,1323691,2012,2012-09-21T04:00:00.000Z,152,1,WESTON Rd,LAWRENCE Ave W, ,Major Arterial,Etobicoke York,43.700148,-79.516185,Intersection,At Intersection,Traffic Signal,Rain,"Dark, artificial",Wet,Non-Fatal Injury,Angle,Vehicle Owner,unknown, ,0, ,Other, , , , , , , , , , , ,Yes, , , , , ,Yes,Yes,Yes,Yes, ,12,,,113,,229
-79.516185,43.700148,7484788,1323691,2012,2012-09-21T04:00:00.000Z,152,1,WESTON Rd,LAWRENCE Ave W, ,Major Arterial,Etobicoke York,43.700148,-79.516185,Intersection,At Intersection,Traffic Signal,Rain,"Dark, artificial",Wet,Non-Fatal Injury,Angle,Driver,40 to 44,Major,0,East,"Automobile, Station Wagon",Going Ahead,Driving Properly,Normal, , , , , , , , ,Yes, , , , , ,Yes,Yes,Yes,Yes, ,12,,,113,,230
-79.584605,43.748488,80885193,7000487672,2017,2017-03-19T04:00:00.000Z,155,1,2677 KIPLING  AVE, ,6 m East of,Major Arterial,Etobicoke York,43.748488,-79.584605,Mid-Block,At/Near Private Drive,No Control,Snow,"Dark, artificial",Wet,Non-Fatal Injury,SMV Other,Driver,30 to 34,Major,0,South,"Automobile, Station Wagon",Going Ahead,Speed too Fast For Condition,"Ability Impaired, Alcohol", , , , , , , , ,Yes, , , , , ,Yes,Yes, ,Yes, ,23,,,2,,231
-79.455058,43.694552,80942181,7000981173,2017,2017-06-03T04:00:00.000Z,156,1,EGLINTON AVE W,MIRANDA AVE,25 m East of,Major Arterial,Toronto and East York,43.694552,-79.455058,Intersection,Intersection Related,Stop Sign,Clear,"Dark, artificial",Dry,Non-Fatal Injury,Pedestrian Collisions,Pedestrian,20 to 24,Major,0,South, , , , ,Pedestrian hit at mid-block,"Crossing, no Traffic Control",Normal, , , ,Yes, ,Yes, , , , , ,Yes,Yes, , , ,13,,,109,,232
-79.455058,43.694552,80942182,7000981173,2017,2017-06-03T04:00:00.000Z,156,1,EGLINTON AVE W,MIRANDA AVE,25 m East of,Major Arterial,Toronto and East York,43.694552,-79.455058,Intersection,Intersection Related,Stop Sign,Clear,"Dark, artificial",Dry,Non-Fatal Injury,Pedestrian Collisions,Driver,35 to 39,Minimal,0,West,Pick Up Truck,Going Ahead,Failed to Yield Right of Way,Had Been Drinking, , , , , , ,Yes, ,Yes, , , , , ,Yes,Yes, , , ,13,,,109,,233
-79.60749,43.744245,6124368,1160766,2010,2010-04-03T04:00:00.000Z,159,1,ALBION Rd,HIGHWAY 27  N, ,Major Arterial,Etobicoke York,43.744245,-79.60749,Intersection,At Intersection,Traffic Signal,Clear,Dark,Dry,Non-Fatal Injury,Rear End,Passenger,5 to 9,Major,0, ,Other, , , , , , , , , , , ,Yes, , , , ,Yes,Yes,Yes, ,Yes, ,23,,,1,,234
-79.60749,43.744245,6124369,1160766,2010,2010-04-03T04:00:00.000Z,159,1,ALBION Rd,HIGHWAY 27  N, ,Major Arterial,Etobicoke York,43.744245,-79.60749,Intersection,At Intersection,Traffic Signal,Clear,Dark,Dry,Non-Fatal Injury,Rear End,Driver,45 to 49,Minor,0,West,"Automobile, Station Wagon",Stopped,Driving Properly,Normal, , , , , , , , ,Yes, , , , ,Yes,Yes,Yes, ,Yes, ,23,,,1,,235
-79.60749,43.744245,6124370,1160766,2010,2010-04-03T04:00:00.000Z,159,1,ALBION Rd,HIGHWAY 27  N, ,Major Arterial,Etobicoke York,43.744245,-79.60749,Intersection,At Intersection,Traffic Signal,Clear,Dark,Dry,Non-Fatal Injury,Rear End,Passenger,20 to 24,Minimal,0, ,Other, , , , , , , , , , , ,Yes, , , , ,Yes,Yes,Yes, ,Yes, ,23,,,1,,236
-79.60749,43.744245,6124371,1160766,2010,2010-04-03T04:00:00.000Z,159,1,ALBION Rd,HIGHWAY 27  N, ,Major Arterial,Etobicoke York,43.744245,-79.60749,Intersection,At Intersection,Traffic Signal,Clear,Dark,Dry,Non-Fatal Injury,Rear End,Vehicle Owner,unknown, ,0, ,Other, , , , , , , , , , , ,Yes, , , , ,Yes,Yes,Yes, ,Yes, ,23,,,1,,237
-79.60749,43.744245,6124372,1160766,2010,2010-04-03T04:00:00.000Z,159,1,ALBION Rd,HIGHWAY 27  N, ,Major Arterial,Etobicoke York,43.744245,-79.60749,Intersection,At Intersection,Traffic Signal,Clear,Dark,Dry,Non-Fatal Injury,Rear End,Driver,20 to 24,Minimal,0,West,"Automobile, Station Wagon",Stopped,Driving Properly,Normal, , , , , , , , ,Yes, , , , ,Yes,Yes,Yes, ,Yes, ,23,,,1,,238
-79.60749,43.744245,6124373,1160766,2010,2010-04-03T04:00:00.000Z,159,1,ALBION Rd,HIGHWAY 27  N, ,Major Arterial,Etobicoke York,43.744245,-79.60749,Intersection,At Intersection,Traffic Signal,Clear,Dark,Dry,Non-Fatal Injury,Rear End,Passenger,25 to 29,None,0, ,Other, , , , , , , , , , , ,Yes, , , , ,Yes,Yes,Yes, ,Yes, ,23,,,1,,239
-79.60749,43.744245,6124374,1160766,2010,2010-04-03T04:00:00.000Z,159,1,ALBION Rd,HIGHWAY 27  N, ,Major Arterial,Etobicoke York,43.744245,-79.60749,Intersection,At Intersection,Traffic Signal,Clear,Dark,Dry,Non-Fatal Injury,Rear End,Vehicle Owner,unknown, ,0, ,Other, , , , , , , , , , , ,Yes, , , , ,Yes,Yes,Yes, ,Yes, ,23,,,1,,240
-79.60749,43.744245,6124375,1160766,2010,2010-04-03T04:00:00.000Z,159,1,ALBION Rd,HIGHWAY 27  N, ,Major Arterial,Etobicoke York,43.744245,-79.60749,Intersection,At Intersection,Traffic Signal,Clear,Dark,Dry,Non-Fatal Injury,Rear End,Driver,25 to 29,Minor,0,West,"Automobile, Station Wagon",Going Ahead,Exceeding Speed Limit,"Ability Impaired, Alcohol Over .08", , , , , , , , ,Yes, , , , ,Yes,Yes,Yes, ,Yes, ,23,,,1,,241
-79.59119,43.708145,6280059,1193945,2010,2010-10-09T04:00:00.000Z,203,2,HIGHWAY 27  N,BETHRIDGE Rd, ,Major Arterial,Etobicoke York,43.708145,-79.59119,Intersection, ,No Control,Clear,Dark,Dry,Non-Fatal Injury,Rear End,Truck Driver,30 to 34,Minimal,0,North,Truck - Open,Going Ahead,Driving Properly,Normal, , , , , , , , ,Yes, ,Yes, , , ,Yes,Yes, , , ,23,,,1,,242
-79.59119,43.708145,6280060,1193945,2010,2010-10-09T04:00:00.000Z,203,2,HIGHWAY 27  N,BETHRIDGE Rd, ,Major Arterial,Etobicoke York,43.708145,-79.59119,Intersection, ,No Control,Clear,Dark,Dry,Non-Fatal Injury,Rear End,Vehicle Owner,unknown, ,0, ,Other, , , , , , , , , , , ,Yes, ,Yes, , , ,Yes,Yes, , , ,23,,,1,,243
-79.59119,43.708145,6280061,1193945,2010,2010-10-09T04:00:00.000Z,203,2,HIGHWAY 27  N,BETHRIDGE Rd, ,Major Arterial,Etobicoke York,43.708145,-79.59119,Intersection, ,No Control,Clear,Dark,Dry,Non-Fatal Injury,Rear End,Vehicle Owner,unknown, ,0, ,Other, , , , , , , , , , , ,Yes, ,Yes, , , ,Yes,Yes, , , ,23,,,1,,244
-79.59119,43.708145,6280062,1193945,2010,2010-10-09T04:00:00.000Z,203,2,HIGHWAY 27  N,BETHRIDGE Rd, ,Major Arterial,Etobicoke York,43.708145,-79.59119,Intersection, ,No Control,Clear,Dark,Dry,Non-Fatal Injury,Rear End,Driver,20 to 24,Major,0,North,"Automobile, Station Wagon",Going Ahead,Exceeding Speed Limit,Unknown, , , , , , , , ,Yes, ,Yes, , , ,Yes,Yes, , , ,23,,,1,,245
-79.59119,43.708145,6280063,1193945,2010,2010-10-09T04:00:00.000Z,203,2,HIGHWAY 27  N,BETHRIDGE Rd, ,Major Arterial,Etobicoke York,43.708145,-79.59119,Intersection, ,No Control,Clear,Dark,Dry,Non-Fatal Injury,Rear End,Other,unknown,None,0, ,Other,Unknown, , , , , , , , , , ,Yes, ,Yes, , , ,Yes,Yes, , , ,23,,,1,,246
-79.40002,43.657942,80890343,7000432401,2017,2017-03-10T05:00:00.000Z,204,2,SPADINA AV,COLLEGE ST,20 m North of,Major Arterial,Toronto and East York,43.657942,-79.40002,Mid-Block,Non Intersection,No Control,Clear,"Dark, artificial",Dry,Non-Fatal Injury,Rear End,Passenger,25 to 29,Major,0, , , , , , , , , , , , , ,Yes, , , , ,Yes,Yes,Yes, , , ,"14,52",,,78,,247
-79.40002,43.657942,80890344,7000432401,2017,2017-03-10T05:00:00.000Z,204,2,SPADINA AV,COLLEGE ST,20 m North of,Major Arterial,Toronto and East York,43.657942,-79.40002,Mid-Block,Non Intersection,No Control,Clear,"Dark, artificial",Dry,Non-Fatal Injury,Rear End,Driver,35 to 39,Minor,0,North,"Automobile, Station Wagon",Going Ahead,Improper Passing,Inattentive, , , , , , , , ,Yes, , , , ,Yes,Yes,Yes, , , ,"14,52",,,78,,248
-79.49039,43.607645,6804737,1247398,2011,2011-08-04T04:00:00.000Z,205,2,LAKE SHORE BLVD W,LAKE CRES W, ,Major Arterial,Etobicoke York,43.607645,-79.49039,Mid-Block,At Intersection,No Control,Clear,Dark,Dry,Non-Fatal Injury,SMV Other,Other Property Owner,unknown, ,0, ,Other, , , , , , , , , , , ,Yes, , , , ,Yes,Yes,Yes, , , ,22,,,17,,249
-79.49039,43.607645,6804738,1247398,2011,2011-08-04T04:00:00.000Z,205,2,LAKE SHORE BLVD W,LAKE CRES W, ,Major Arterial,Etobicoke York,43.607645,-79.49039,Mid-Block,At Intersection,No Control,Clear,Dark,Dry,Non-Fatal Injury,SMV Other,Passenger,35 to 39,Major,0, ,Other, , , , , , , , , , , ,Yes, , , , ,Yes,Yes,Yes, , , ,22,,,17,,250
-79.49039,43.607645,6804739,1247398,2011,2011-08-04T04:00:00.000Z,205,2,LAKE SHORE BLVD W,LAKE CRES W, ,Major Arterial,Etobicoke York,43.607645,-79.49039,Mid-Block,At Intersection,No Control,Clear,Dark,Dry,Non-Fatal Injury,SMV Other,Driver,30 to 34,Minimal,0,East,"Automobile, Station Wagon",Going Ahead,Exceeding Speed Limit,Unknown, , , , , , , , ,Yes, , , , ,Yes,Yes,Yes, , , ,22,,,17,,251
-79.360187,43.670146,7860081,1374005,2013,2013-09-07T04:00:00.000Z,205,2,ROSEDALE VALLEY RD,BAYVIEW AVE, ,Major Arterial,Toronto and East York,43.670146,-79.360187,Intersection, ,No Control,Clear,"Dark, artificial",Dry,Fatal,SMV Other,Motorcycle Driver,35 to 39,Fatal,39,East,Motorcycle,Going Ahead,Speed too Fast For Condition,Unknown, , , , , , , , , ,Yes, , , , ,Yes,Yes, , , ,51,,,71,,252
-79.360187,43.670146,7860082,1374005,2013,2013-09-07T04:00:00.000Z,205,2,ROSEDALE VALLEY RD,BAYVIEW AVE, ,Major Arterial,Toronto and East York,43.670146,-79.360187,Intersection, ,No Control,Clear,"Dark, artificial",Dry,Fatal,SMV Other,Other Property Owner,unknown, ,0, , , , , , , , , , , , , , ,Yes, , , , ,Yes,Yes, , , ,51,,,71,,253
-79.582996,43.745127,80778183,7000750134,2017,2017-04-29T04:00:00.000Z,205,2,KIPLING AVE,STEVENSON  RD,80 m North of,Major Arterial,Etobicoke York,43.745127,-79.582996,Mid-Block,Non Intersection,No Control,Clear,"Dark, artificial",Dry,Non-Fatal Injury,Approaching,Driver,20 to 24,Minimal,0,South,"Automobile, Station Wagon",Going Ahead,Failed to Yield Right of Way,Normal, , , , , , , , ,Yes, , , , ,Yes,Yes,Yes, , , ,23,,,2,,254
-79.582996,43.745127,80778184,7000750134,2017,2017-04-29T04:00:00.000Z,205,2,KIPLING AVE,STEVENSON  RD,80 m North of,Major Arterial,Etobicoke York,43.745127,-79.582996,Mid-Block,Non Intersection,No Control,Clear,"Dark, artificial",Dry,Non-Fatal Injury,Approaching,Driver,50 to 54,Major,0,North,"Automobile, Station Wagon",Going Ahead,Driving Properly,Normal, , , , , , , , ,Yes, , , , ,Yes,Yes,Yes, , , ,23,,,2,,255
-79.582996,43.745127,80778185,7000750134,2017,2017-04-29T04:00:00.000Z,205,2,KIPLING AVE,STEVENSON  RD,80 m North of,Major Arterial,Etobicoke York,43.745127,-79.582996,Mid-Block,Non Intersection,No Control,Clear,"Dark, artificial",Dry,Non-Fatal Injury,Approaching,Passenger,35 to 39,Minor,0, , , , , , , , , , , , , ,Yes, , , , ,Yes,Yes,Yes, , , ,23,,,2,,256
-79.582996,43.745127,80778186,7000750134,2017,2017-04-29T04:00:00.000Z,205,2,KIPLING AVE,STEVENSON  RD,80 m North of,Major Arterial,Etobicoke York,43.745127,-79.582996,Mid-Block,Non Intersection,No Control,Clear,"Dark, artificial",Dry,Non-Fatal Injury,Approaching,Passenger,25 to 29,Minor,0, , , , , , , , , , , , , ,Yes, , , , ,Yes,Yes,Yes, , , ,23,,,2,,257
-79.5079,43.759284,80945641,8001140010,2018,2018-06-23T04:00:00.000Z,205,2,FINCH AVE W,TOBERMORY DR, ,Major Arterial,Etobicoke York,43.759284,-79.5079,Intersection,At Intersection,Traffic Signal,Rain,"Dark, artificial",Wet,Non-Fatal Injury,Pedestrian Collisions,Driver,0 to 4,None,0,West,"Automobile, Station Wagon",Going Ahead,Speed too Fast For Condition,Unknown, , , , , , ,Yes, ,Yes, , , , , ,Yes,Yes, , , ,31,,,25,,258
-79.5079,43.759284,80945642,8001140010,2018,2018-06-23T04:00:00.000Z,205,2,FINCH AVE W,TOBERMORY DR, ,Major Arterial,Etobicoke York,43.759284,-79.5079,Intersection,At Intersection,Traffic Signal,Rain,"Dark, artificial",Wet,Non-Fatal Injury,Pedestrian Collisions,Pedestrian,20 to 24,Major,0, , , , , , , ,Inattentive, , , ,Yes, ,Yes, , , , , ,Yes,Yes, , , ,31,,,25,,259
-79.30089,43.669845,7798522,1347684,2013,2013-02-15T05:00:00.000Z,208,2,QUEEN ST E,WAVERLEY RD, ,Minor Arterial,Toronto and East York,43.669845,-79.30089,Intersection, ,No Control,Clear,"Dark, artificial",Wet,Non-Fatal Injury,Pedestrian Collisions,Vehicle Owner,unknown, ,0, ,Other, , , , , , , , , ,Yes, ,Yes, , , , , ,Yes,Yes, ,Yes, ,55,,,63,,260
-79.30089,43.669845,7798523,1347684,2013,2013-02-15T05:00:00.000Z,208,2,QUEEN ST E,WAVERLEY RD, ,Minor Arterial,Toronto and East York,43.669845,-79.30089,Intersection, ,No Control,Clear,"Dark, artificial",Wet,Non-Fatal Injury,Pedestrian Collisions,Driver,30 to 34,None,0,West,"Automobile, Station Wagon",Going Ahead,Speed too Fast For Condition,"Ability Impaired, Alcohol", , , , , , ,Yes, ,Yes, , , , , ,Yes,Yes, ,Yes, ,55,,,63,,261
-79.30089,43.669845,7798524,1347684,2013,2013-02-15T05:00:00.000Z,208,2,QUEEN ST E,WAVERLEY RD, ,Minor Arterial,Toronto and East York,43.669845,-79.30089,Intersection, ,No Control,Clear,"Dark, artificial",Wet,Non-Fatal Injury,Pedestrian Collisions,Pedestrian,20 to 24,Major,0,South,Other, , , ,Vehicle is going straight thru inter.while ped cross without ROW,"Crossing, no Traffic Control",Had Been Drinking, , , ,Yes, ,Yes, , , , , ,Yes,Yes, ,Yes, ,55,,,63,,262
-79.590305,43.760516,80943342,8000847454,2018,2018-05-11T04:00:00.000Z,209,2,KIPLING AVE,2955 KIPLING AVE,23 m North of,Local,Etobicoke York,43.760516,-79.590305, ,At/Near Private Drive,No Control,Clear,Dark,Dry,Non-Fatal Injury,SMV Other,Passenger,25 to 29,Minor,0, , , , , , , , , , , , , ,Yes, , , , ,Yes,Yes,Yes, , , ,23,,,2,,263
-79.590305,43.760516,80943343,8000847454,2018,2018-05-11T04:00:00.000Z,209,2,KIPLING AVE,2955 KIPLING AVE,23 m North of,Local,Etobicoke York,43.760516,-79.590305, ,At/Near Private Drive,No Control,Clear,Dark,Dry,Non-Fatal Injury,SMV Other,Driver,35 to 39,Major,0,North,"Automobile, Station Wagon",Going Ahead,Exceeding Speed Limit,Unknown, , , , , , , , ,Yes, , , , ,Yes,Yes,Yes, , , ,23,,,2,,264
-79.49203,43.767302,7531616,1337044,2012,2012-12-02T05:00:00.000Z,210,2,KEELE ST,MURRAY ROSS PKWY, ,Major Arterial,North York,43.767302,-79.49203,Intersection,At Intersection,Traffic Signal,Rain,"Dark, artificial",Wet,Non-Fatal Injury,Angle,Driver,55 to 59,Minimal,0,West,"Automobile, Station Wagon",Going Ahead,Failed to Yield Right of Way,Fatigue, , , , , , , , ,Yes, , , , , ,Yes,Yes, , , ,31,,,27,,265
-79.49203,43.767302,7531617,1337044,2012,2012-12-02T05:00:00.000Z,210,2,KEELE ST,MURRAY ROSS PKWY, ,Major Arterial,North York,43.767302,-79.49203,Intersection,At Intersection,Traffic Signal,Rain,"Dark, artificial",Wet,Non-Fatal Injury,Angle,Driver,25 to 29,Major,0,North,"Automobile, Station Wagon",Going Ahead,Driving Properly,Normal, , , , , , , , ,Yes, , , , , ,Yes,Yes, , , ,31,,,27,,266
-79.297504,43.725642,80224304,4003439452,2014,2014-12-07T05:00:00.000Z,215,2,EGLINTON AVE E,PHARMACY AVE, ,Major Arterial,Scarborough,43.725642,-79.297504,Intersection,Intersection Related,Traffic Signal,Clear,"Dark, artificial",Dry,Non-Fatal Injury,Turning Movement,Driver,30 to 34,Minor,0,West,"Automobile, Station Wagon",Going Ahead,Exceeding Speed Limit,"Ability Impaired, Alcohol Over .08", , , , , , , , ,Yes, ,Yes, , ,Yes,Yes,Yes, ,Yes, ,41,,,120,,267
-79.297504,43.725642,80224305,4003439452,2014,2014-12-07T05:00:00.000Z,215,2,EGLINTON AVE E,PHARMACY AVE, ,Major Arterial,Scarborough,43.725642,-79.297504,Intersection,Intersection Related,Traffic Signal,Clear,"Dark, artificial",Dry,Non-Fatal Injury,Turning Movement,Truck Driver,45 to 49,None,0,East,Truck-Tractor,Turning Left,Driving Properly,Normal, , , , , , , , ,Yes, ,Yes, , ,Yes,Yes,Yes, ,Yes, ,41,,,120,,268
-79.297504,43.725642,80224306,4003439452,2014,2014-12-07T05:00:00.000Z,215,2,EGLINTON AVE E,PHARMACY AVE, ,Major Arterial,Scarborough,43.725642,-79.297504,Intersection,Intersection Related,Traffic Signal,Clear,"Dark, artificial",Dry,Non-Fatal Injury,Turning Movement,Passenger,20 to 24,Major,0, , , , , , , , , , , , , ,Yes, ,Yes, , ,Yes,Yes,Yes, ,Yes, ,41,,,120,,269
-79.297504,43.725642,80224307,4003439452,2014,2014-12-07T05:00:00.000Z,215,2,EGLINTON AVE E,PHARMACY AVE, ,Major Arterial,Scarborough,43.725642,-79.297504,Intersection,Intersection Related,Traffic Signal,Clear,"Dark, artificial",Dry,Non-Fatal Injury,Turning Movement,Passenger,25 to 29,Major,0, , , , , , , , , , , , , ,Yes, ,Yes, , ,Yes,Yes,Yes, ,Yes, ,41,,,120,,270
-79.250186,43.741065,80609336,7000203536,2017,2017-02-02T05:00:00.000Z,219,2,BRIMLEY RD,ELGAR AVE, ,Major Arterial,Scarborough,43.741065,-79.250186,Intersection,At Intersection,Stop Sign,Clear,Dark,Wet,Fatal,Turning Movement,Driver,25 to 29,Fatal,5,South,"Automobile, Station Wagon",Going Ahead,Driving Properly,Unknown, , , , , , , , ,Yes, , , , , ,Yes,Yes, , , ,"41,43",,,138,,271
-79.250186,43.741065,80609337,7000203536,2017,2017-02-02T05:00:00.000Z,219,2,BRIMLEY RD,ELGAR AVE, ,Major Arterial,Scarborough,43.741065,-79.250186,Intersection,At Intersection,Stop Sign,Clear,Dark,Wet,Fatal,Turning Movement,Driver,15 to 19,None,0,West,"Automobile, Station Wagon",Turning Left,Improper Turn,Normal, , , , , , , , ,Yes, , , , , ,Yes,Yes, , , ,"41,43",,,138,,272
-79.38799,43.650545,5299930,1131025,2009,2009-10-16T04:00:00.000Z,220,2,225 QUEEN ST W,QUEEN Stre W, ,Major Arterial,Toronto and East York,43.650545,-79.38799,Mid-Block,At Intersection,No Control,Clear,Dark,Dry,Non-Fatal Injury,Pedestrian Collisions,Vehicle Owner,unknown, ,0, ,"Automobile, Station Wagon", , , , , , , , , ,Yes, ,Yes, , , , , ,Yes,Yes, ,Yes, ,52,,,77,,273
-79.38799,43.650545,5299931,1131025,2009,2009-10-16T04:00:00.000Z,220,2,225 QUEEN ST W,QUEEN Stre W, ,Major Arterial,Toronto and East York,43.650545,-79.38799,Mid-Block,At Intersection,No Control,Clear,Dark,Dry,Non-Fatal Injury,Pedestrian Collisions,Driver,15 to 19,None,0,East,"Automobile, Station Wagon",Going Ahead,Exceeding Speed Limit,"Ability Impaired, Alcohol Over .08", , , , , , ,Yes, ,Yes, , , , , ,Yes,Yes, ,Yes, ,52,,,77,,274
-79.38799,43.650545,5299932,1131025,2009,2009-10-16T04:00:00.000Z,220,2,225 QUEEN ST W,QUEEN Stre W, ,Major Arterial,Toronto and East York,43.650545,-79.38799,Mid-Block,At Intersection,No Control,Clear,Dark,Dry,Non-Fatal Injury,Pedestrian Collisions,Vehicle Owner,unknown, ,0, ,Other, , , , , , , , , ,Yes, ,Yes, , , , , ,Yes,Yes, ,Yes, ,52,,,77,,275
-79.38799,43.650545,5299933,1131025,2009,2009-10-16T04:00:00.000Z,220,2,225 QUEEN ST W,QUEEN Stre W, ,Major Arterial,Toronto and East York,43.650545,-79.38799,Mid-Block,At Intersection,No Control,Clear,Dark,Dry,Non-Fatal Injury,Pedestrian Collisions,Driver,35 to 39,None,0,East,"Automobile, Station Wagon",Stopped,Driving Properly,Normal, , , , , , ,Yes, ,Yes, , , , , ,Yes,Yes, ,Yes, ,52,,,77,,276
-79.38799,43.650545,5299934,1131025,2009,2009-10-16T04:00:00.000Z,220,2,225 QUEEN ST W,QUEEN Stre W, ,Major Arterial,Toronto and East York,43.650545,-79.38799,Mid-Block,At Intersection,No Control,Clear,Dark,Dry,Non-Fatal Injury,Pedestrian Collisions,Pedestrian,45 to 49,Major,0, ,Other, , , ,Pedestrian hit at mid-block,Person Getting on/off Vehicle,Had Been Drinking, , , ,Yes, ,Yes, , , , , ,Yes,Yes, ,Yes, ,52,,,77,,277
-79.54769,43.638345,5404699,1058134,2008,2008-08-23T04:00:00.000Z,220,2,SHAVER Aven S,BLOOR Stre W, ,Collector,Etobicoke York,43.638345,-79.54769,Mid-Block, ,No Control,Clear,Dark,Dry,Non-Fatal Injury,SMV Other,Vehicle Owner,unknown, ,0, ,Other, , , , , , , , , , , ,Yes, , , , , ,Yes,Yes, ,Yes, ,22,,,14,,278
-79.54769,43.638345,5404700,1058134,2008,2008-08-23T04:00:00.000Z,220,2,SHAVER Aven S,BLOOR Stre W, ,Collector,Etobicoke York,43.638345,-79.54769,Mid-Block, ,No Control,Clear,Dark,Dry,Non-Fatal Injury,SMV Other,Driver,25 to 29,Major,0,South,"Automobile, Station Wagon",Going Ahead,Lost control,"Ability Impaired, Alcohol", , , , , , , , ,Yes, , , , , ,Yes,Yes, ,Yes, ,22,,,14,,279
-79.41009,43.758045,6201919,1194057,2010,2010-10-10T04:00:00.000Z,220,2,YONGE ST,AVONDALE AVE, ,Major Arterial,North York,43.758045,-79.41009,Intersection, ,No Control,Clear,Daylight,Dry,Non-Fatal Injury,Sideswipe,Vehicle Owner,unknown, ,0, ,Other, , , , , , , , , , , ,Yes, , , , , ,Yes,Yes, , , ,32,,,38,,280