X,Y,Index_,ACCNUM,YEAR,DATE,TIME,Hour,STREET1,STREET2,OFFSET,ROAD_CLASS,District,LATITUDE,LONGITUDE,LOCCOORD,ACCLOC,TRAFFCTL,VISIBILITY,LIGHT,RDSFCOND,ACCLASS,IMPACTYPE,INVTYPE,INVAGE,INJURY,FATAL_NO,INITDIR,VEHTYPE,MANOEUVER,DRIVACT,DRIVCOND,PEDTYPE,PEDACT,PEDCOND,CYCLISTYPE,CYCACT,CYCCOND,PEDESTRIAN,CYCLIST,AUTOMOBILE,MOTORCYCLE,TRUCK,TRSN_CITY_,EMERG_VEH,PASSENGER,SPEEDING,AG_DRIV,REDLIGHT,ALCOHOL,DISABILITY,Division,Ward_Name,Ward_ID,Hood_ID,Hood_Name,ObjectId
-79.41009,43.758045,6201920,1194057,2010,2010-10-10T04:00:00.000Z,220,2,YONGE ST,AVONDALE AVE, ,Major Arterial,North York,43.758045,-79.41009,Intersection, ,No Control,Clear,Daylight,Dry,Non-Fatal Injury,Sideswipe,Driver,20 to 24,Major,0,North,"Automobile, Station Wagon",Going Ahead,Exceeding Speed Limit,Unknown, , , , , , , , ,Yes, , , , , ,Yes,Yes, , , ,32,,,38,,281
-79.41009,43.758045,6201921,1194057,2010,2010-10-10T04:00:00.000Z,220,2,YONGE ST,AVONDALE AVE, ,Major Arterial,North York,43.758045,-79.41009,Intersection, ,No Control,Clear,Daylight,Dry,Non-Fatal Injury,Sideswipe,Driver,unknown,None,0,North,"Automobile, Station Wagon",Going Ahead,Driving Properly,Unknown, , , , , , , , ,Yes, , , , , ,Yes,Yes, , , ,32,,,38,,282
-79.382404,43.680724,80565103,6001573551,2016,2016-09-05T04:00:00.000Z,220,2,MOUNT PLEASANT RD,ROXBOROUGH DR, ,Major Arterial,Toronto and East York,43.680724,-79.382404,Intersection,At Intersection,No Control,Clear,Dark,Dry,Fatal,SMV Other,Passenger,25 to 29,Fatal,55, , , , , , , , , , , , , ,Yes, , , , ,Yes,Yes,Yes, ,Yes, ,53,,,98,,283
-79.382404,43.680724,80565104,6001573551,2016,2016-09-05T04:00:00.000Z,220,2,MOUNT PLEASANT RD,ROXBOROUGH DR, ,Major Arterial,Toronto and East York,43.680724,-79.382404,Intersection,At Intersection,No Control,Clear,Dark,Dry,Fatal,SMV Other,Driver,20 to 24,Minor,0,North,"Automobile, Station Wagon",Going Ahead,Lost control,"Ability Impaired, Alcohol", , , , , , , , ,Yes, , , , ,Yes,Yes,Yes, ,Yes, ,53,,,98,,284
-79.382404,43.680724,80565105,6001573551,2016,2016-09-05T04:00:00.000Z,220,2,MOUNT PLEASANT RD,ROXBOROUGH DR, ,Major Arterial,Toronto and East York,43.680724,-79.382404,Intersection,At Intersection,No Control,Clear,Dark,Dry,Fatal,SMV Other,Passenger,25 to 29,Minor,0, , , , , , , , , , , , , ,Yes, , , , ,Yes,Yes,Yes, ,Yes, ,53,,,98,,285
-79.382404,43.680724,80565106,6001573551,2016,2016-09-05T04:00:00.000Z,220,2,MOUNT PLEASANT RD,ROXBOROUGH DR, ,Major Arterial,Toronto and East York,43.680724,-79.382404,Intersection,At Intersection,No Control,Clear,Dark,Dry,Fatal,SMV Other,Passenger,15 to 19,Minor,0, , , , , , , , , , , , , ,Yes, , , , ,Yes,Yes,Yes, ,Yes, ,53,,,98,,286
-79.46299,43.673545,7484870,1323727,2012,2012-11-03T04:00:00.000Z,223,2,ST CLAIR AVE W,OLD WESTON RD, ,Major Arterial,Toronto and East York,43.673545,-79.46299,Intersection, ,Traffic Signal,Clear,"Dark, artificial",Dry,Non-Fatal Injury,SMV Other,Vehicle Owner,unknown, ,0, ,Other, , , , , , , , , , , ,Yes, , , , ,Yes,Yes,Yes, , , ,"12,11",,,91,,287
-79.46299,43.673545,7484871,1323727,2012,2012-11-03T04:00:00.000Z,223,2,ST CLAIR AVE W,OLD WESTON RD, ,Major Arterial,Toronto and East York,43.673545,-79.46299,Intersection, ,Traffic Signal,Clear,"Dark, artificial",Dry,Non-Fatal Injury,SMV Other,Passenger,35 to 39,Minor,0, ,Other, , , , , , , , , , , ,Yes, , , , ,Yes,Yes,Yes, , , ,"12,11",,,91,,288
-79.46299,43.673545,7484872,1323727,2012,2012-11-03T04:00:00.000Z,223,2,ST CLAIR AVE W,OLD WESTON RD, ,Major Arterial,Toronto and East York,43.673545,-79.46299,Intersection, ,Traffic Signal,Clear,"Dark, artificial",Dry,Non-Fatal Injury,SMV Other,Driver - Not Hit,unknown,Minimal,0, ,Other, , , , , , , , , , , ,Yes, , , , ,Yes,Yes,Yes, , , ,"12,11",,,91,,289
-79.46299,43.673545,7484873,1323727,2012,2012-11-03T04:00:00.000Z,223,2,ST CLAIR AVE W,OLD WESTON RD, ,Major Arterial,Toronto and East York,43.673545,-79.46299,Intersection, ,Traffic Signal,Clear,"Dark, artificial",Dry,Non-Fatal Injury,SMV Other,Passenger,30 to 34,Minor,0, ,Other, , , , , , , , , , , ,Yes, , , , ,Yes,Yes,Yes, , , ,"12,11",,,91,,290
-79.46299,43.673545,7484874,1323727,2012,2012-11-03T04:00:00.000Z,223,2,ST CLAIR AVE W,OLD WESTON RD, ,Major Arterial,Toronto and East York,43.673545,-79.46299,Intersection, ,Traffic Signal,Clear,"Dark, artificial",Dry,Non-Fatal Injury,SMV Other,Passenger,20 to 24,Minor,0, ,Other, , , , , , , , , , , ,Yes, , , , ,Yes,Yes,Yes, , , ,"12,11",,,91,,291
-79.46299,43.673545,7484875,1323727,2012,2012-11-03T04:00:00.000Z,223,2,ST CLAIR AVE W,OLD WESTON RD, ,Major Arterial,Toronto and East York,43.673545,-79.46299,Intersection, ,Traffic Signal,Clear,"Dark, artificial",Dry,Non-Fatal Injury,SMV Other,Driver,20 to 24,Major,0,West,"Automobile, Station Wagon",Going Ahead,Exceeding Speed Limit,Had Been Drinking, , , , , , , , ,Yes, , , , ,Yes,Yes,Yes, , , ,"12,11",,,91,,292
-79.46299,43.673545,7484876,1323727,2012,2012-11-03T04:00:00.000Z,223,2,ST CLAIR AVE W,OLD WESTON RD, ,Major Arterial,Toronto and East York,43.673545,-79.46299,Intersection, ,Traffic Signal,Clear,"Dark, artificial",Dry,Non-Fatal Injury,SMV Other,Other Property Owner,unknown, ,0, ,Other, , , , , , , , , , , ,Yes, , , , ,Yes,Yes,Yes, , , ,"12,11",,,91,,293
-79.398158,43.658187,80875494,8000471582,2018,2018-03-15T04:00:00.000Z,226,2,COLLEGE ST,HURON ST, ,Major Arterial,Toronto and East York,43.658187,-79.398158,Intersection,At Intersection,Traffic Signal,Clear,"Dark, artificial",Dry,Fatal,Pedestrian Collisions,Driver,15 to 19,None,0,North,"Automobile, Station Wagon",Going Ahead,Failed to Yield Right of Way,"Ability Impaired, Alcohol Over .08", , , , , , ,Yes, ,Yes, , , , , ,Yes,Yes, ,Yes, ,52,,,78,,294
-79.398158,43.658187,80875495,8000471582,2018,2018-03-15T04:00:00.000Z,226,2,COLLEGE ST,HURON ST, ,Major Arterial,Toronto and East York,43.658187,-79.398158,Intersection,At Intersection,Traffic Signal,Clear,"Dark, artificial",Dry,Fatal,Pedestrian Collisions,Pedestrian,20 to 24,Fatal,15,West, , , , ,Vehicle is going straight thru inter.while ped cross with ROW,Crossing with right of way,Normal, , , ,Yes, ,Yes, , , , , ,Yes,Yes, ,Yes, ,52,,,78,,295
-79.297504,43.725642,80565930,6001927266,2016,2016-10-30T04:00:00.000Z,227,2,PHARMACY AVE,EGLINTON AVE E, ,Major Arterial,Scarborough,43.725642,-79.297504,Intersection,Intersection Related,No Control,Clear,Dark,Dry,Fatal,SMV Other,Driver,30 to 34,Fatal,67,North,"Automobile, Station Wagon",Going Ahead,Lost control,Had Been Drinking, , , , , , , , ,Yes, , , , , ,Yes,Yes, , , ,41,,,120,,296
-79.52689,43.701145,7529704,1327908,2012,2012-11-27T05:00:00.000Z,230,2,SCARLETT RD,RIVERVIEW HTS, ,Major Arterial,Etobicoke York,43.701145,-79.52689,Mid-Block, ,No Control,Clear,"Dark, artificial",Dry,Non-Fatal Injury,SMV Other,Vehicle Owner,unknown, ,0, ,Other, , , , , , , , , , , ,Yes, , , , , ,Yes,Yes, , , ,23,,,8,,297
-79.52689,43.701145,7529705,1327908,2012,2012-11-27T05:00:00.000Z,230,2,SCARLETT RD,RIVERVIEW HTS, ,Major Arterial,Etobicoke York,43.701145,-79.52689,Mid-Block, ,No Control,Clear,"Dark, artificial",Dry,Non-Fatal Injury,SMV Other,Driver,30 to 34,Major,0,South,"Automobile, Station Wagon",Going Ahead,Lost control,Unknown, , , , , , , , ,Yes, , , , , ,Yes,Yes, , , ,23,,,8,,298
-79.52689,43.701145,7529706,1327908,2012,2012-11-27T05:00:00.000Z,230,2,SCARLETT RD,RIVERVIEW HTS, ,Major Arterial,Etobicoke York,43.701145,-79.52689,Mid-Block, ,No Control,Clear,"Dark, artificial",Dry,Non-Fatal Injury,SMV Other,Other Property Owner,unknown, ,0, ,Other, , , , , , , , , , , ,Yes, , , , , ,Yes,Yes, , , ,23,,,8,,299
-79.39359,43.716945,7559313,1287084,2012,2012-04-03T04:00:00.000Z,230,2,MOUNT PLEASANT RD,STIBBARD AVE, ,Major Arterial,North York,43.716945,-79.39359,Intersection, ,No Control,Clear,Dark,Dry,Fatal,SMV Other,Passenger,20 to 24,Fatal,7, ,Other, , , , , , , , , , , ,Yes, , , , ,Yes,Yes,Yes, ,Yes, ,53,,,99,,300
-79.42709,43.777245,6124439,1160789,2010,2010-02-27T05:00:00.000Z,515,5,FINCH Aven W,EDITHVALE Driv, ,Major Arterial,North York,43.777245,-79.42709,Intersection,At Intersection,Traffic Signal,Snow,Dark,Slush,Non-Fatal Injury,SMV Other,Driver,30 to 34,Major,0,East,"Automobile, Station Wagon",Going Ahead,Speed too Fast For Condition,"Ability Impaired, Alcohol Over .08", , , , , , , , ,Yes, , , , , ,Yes,Yes, ,Yes, ,32,,,36,,301
-79.42709,43.777245,6124440,1160789,2010,2010-02-27T05:00:00.000Z,515,5,FINCH Aven W,EDITHVALE Driv, ,Major Arterial,North York,43.777245,-79.42709,Intersection,At Intersection,Traffic Signal,Snow,Dark,Slush,Non-Fatal Injury,SMV Other,Other Property Owner,unknown, ,0, ,Other, , , , , , , , , , , ,Yes, , , , , ,Yes,Yes, ,Yes, ,32,,,36,,302
-79.40319,43.782445,7801966,1349045,2013,2013-03-02T05:00:00.000Z,520,5,170 FINCH AVE E, , ,Major Arterial,North York,43.782445,-79.40319,Mid-Block, ,No Control,Clear,Dawn,Dry,Non-Fatal Injury,Sideswipe,Driver,45 to 49,Minimal,0,West,"Automobile, Station Wagon",Going Ahead,Driving Properly,Normal, , , , , , , , ,Yes, , , , ,Yes,Yes,Yes, , , ,32,,,51,,303
-79.40319,43.782445,7801967,1349045,2013,2013-03-02T05:00:00.000Z,520,5,170 FINCH AVE E, , ,Major Arterial,North York,43.782445,-79.40319,Mid-Block, ,No Control,Clear,Dawn,Dry,Non-Fatal Injury,Sideswipe,Passenger,45 to 49,Minimal,0, ,Other, , , , , , , , , , , ,Yes, , , , ,Yes,Yes,Yes, , , ,32,,,51,,304
-79.40319,43.782445,7801968,1349045,2013,2013-03-02T05:00:00.000Z,520,5,170 FINCH AVE E, , ,Major Arterial,North York,43.782445,-79.40319,Mid-Block, ,No Control,Clear,Dawn,Dry,Non-Fatal Injury,Sideswipe,Vehicle Owner,unknown, ,0, ,Other, , , , , , , , , , , ,Yes, , , , ,Yes,Yes,Yes, , , ,32,,,51,,305
-79.40319,43.782445,7801969,1349045,2013,2013-03-02T05:00:00.000Z,520,5,170 FINCH AVE E, , ,Major Arterial,North York,43.782445,-79.40319,Mid-Block, ,No Control,Clear,Dawn,Dry,Non-Fatal Injury,Sideswipe,Driver,20 to 24,Major,0,West,"Automobile, Station Wagon",Going Ahead,Lost control,Unknown, , , , , , , , ,Yes, , , , ,Yes,Yes,Yes, , , ,32,,,51,,306
-79.54156,43.593039,80500048,6000042274,2016,2016-01-08T05:00:00.000Z,520,5,BROWN S LINE,LAKE SHORE BLVD W,30 m North of,Major Arterial,Etobicoke York,43.593039,-79.54156,Mid-Block,Non Intersection,No Control,Clear,"Dark, artificial",Wet,Fatal,SMV Other,Driver,40 to 44,Fatal,2,South,"Automobile, Station Wagon",Going Ahead,Speed too Fast For Condition,Unknown, , , , , , , , ,Yes, , , , , ,Yes,Yes, , , ,22,,,19,,307
-79.4267,43.630366,80497536,6000139902,2016,2016-01-24T05:00:00.000Z,521,5,LAKE SHORE BLVD W,BRITISH COLUMBIA RD,245 m East of,Major Arterial,Toronto and East York,43.630366,-79.4267,Mid-Block,Non Intersection,No Control,Clear,"Dark, artificial",Dry,Non-Fatal Injury,SMV Other,Driver,25 to 29,Major,0,East,"Automobile, Station Wagon",Going Ahead,Exceeding Speed Limit,Inattentive, , , , , , , , ,Yes, , , , , ,Yes,Yes, , , ,14,,,82,,308
-79.35879,43.672745,6116477,1157272,2010,2010-03-12T05:00:00.000Z,523,5,ROYAL DR,DON VALLEY PARKWAY  N, ,Expressway,Toronto and East York,43.672745,-79.35879,Mid-Block, ,No Control,Clear,Dark,Dry,Fatal,SMV Other,Passenger,45 to 49,Minor,0, ,Other, , , , , , , , , , , , , ,Yes, , ,Yes,Yes,Yes, , , ,55,,,68,,309
-79.39359,43.716945,7559314,1287084,2012,2012-04-03T04:00:00.000Z,230,2,MOUNT PLEASANT RD,STIBBARD AVE, ,Major Arterial,North York,43.716945,-79.39359,Intersection, ,No Control,Clear,Dark,Dry,Fatal,SMV Other,Vehicle Owner,unknown, ,0, ,Other, , , , , , , , , , , ,Yes, , , , ,Yes,Yes,Yes, ,Yes, ,53,,,99,,310
-79.35879,43.672745,6116478,1157272,2010,2010-03-12T05:00:00.000Z,523,5,ROYAL DR,DON VALLEY PARKWAY  N, ,Expressway,Toronto and East York,43.672745,-79.35879,Mid-Block, ,No Control,Clear,Dark,Dry,Fatal,SMV Other,Vehicle Owner,unknown, ,0, ,Other, , , , , , , , , , , , , ,Yes, , ,Yes,Yes,Yes, , , ,55,,,68,,311
-79.35879,43.672745,6116479,1157272,2010,2010-03-12T05:00:00.000Z,523,5,ROYAL DR,DON VALLEY PARKWAY  N, ,Expressway,Toronto and East York,43.672745,-79.35879,Mid-Block, ,No Control,Clear,Dark,Dry,Fatal,SMV Other,Truck Driver,30 to 34,Fatal,15,South,Truck - Open,Going Ahead,Speed too Fast For Condition,Normal, , , , , , , , , , ,Yes, , ,Yes,Yes,Yes, , , ,55,,,68,,312
-79.35879,43.672745,6116480,1157272,2010,2010-03-12T05:00:00.000Z,523,5,ROYAL DR,DON VALLEY PARKWAY  N, ,Expressway,Toronto and East York,43.672745,-79.35879,Mid-Block, ,No Control,Clear,Dark,Dry,Fatal,SMV Other,Other Property Owner,unknown, ,0, ,Other, , , , , , , , , , , , , ,Yes, , ,Yes,Yes,Yes, , , ,55,,,68,,313
-79.50039,43.621045,7542303,1313728,2012,2012-09-07T04:00:00.000Z,525,5,ROYAL YORK RD,EVANS AVE, ,Minor Arterial,Etobicoke York,43.621045,-79.50039,Intersection,At Intersection,Traffic Signal,Clear,"Dark, artificial",Dry,Non-Fatal Injury,Turning Movement,Motorcycle Driver,55 to 59,Major,0,South,Motorcycle,Going Ahead,Other,Unknown, , , , , , , , ,Yes,Yes, , , , ,Yes,Yes, , , ,22,,,17,,314
-79.50039,43.621045,7542304,1313728,2012,2012-09-07T04:00:00.000Z,525,5,ROYAL YORK RD,EVANS AVE, ,Minor Arterial,Etobicoke York,43.621045,-79.50039,Intersection,At Intersection,Traffic Signal,Clear,"Dark, artificial",Dry,Non-Fatal Injury,Turning Movement,Vehicle Owner,unknown, ,0, ,Other, , , , , , , , , , , ,Yes,Yes, , , , ,Yes,Yes, , , ,22,,,17,,315
-79.50039,43.621045,7542305,1313728,2012,2012-09-07T04:00:00.000Z,525,5,ROYAL YORK RD,EVANS AVE, ,Minor Arterial,Etobicoke York,43.621045,-79.50039,Intersection,At Intersection,Traffic Signal,Clear,"Dark, artificial",Dry,Non-Fatal Injury,Turning Movement,Driver,55 to 59,None,0,North,"Automobile, Station Wagon",Turning Left,Failed to Yield Right of Way,Inattentive, , , , , , , , ,Yes,Yes, , , , ,Yes,Yes, , , ,22,,,17,,316
-79.456554,43.664496,80947783,8001330497,2018,2018-07-21T04:00:00.000Z,529,5,DUPONT ST,OSLER  ST,23 m West of,Major Arterial,Toronto and East York,43.664496,-79.456554,Intersection,Intersection Related,No Control,Clear,"Dawn, artificial",Dry,Non-Fatal Injury,SMV Other,Driver,65 to 69,Major,0,West,"Automobile, Station Wagon",Going Ahead,Lost control,Medical or Physical Disability, , , , , , , , ,Yes, , , , , ,Yes,Yes, , ,Yes,11,,,93,,317
-79.23519,43.785345,6617136,1228987,2011,2011-04-20T04:00:00.000Z,538,5,MARKHAM RD,HIGHWAY 401 C  E, ,Expressway,Scarborough,43.785345,-79.23519,Mid-Block, ,No Control,Rain,Dark,Wet,Non-Fatal Injury,Cyclist Collisions,Driver,50 to 54,None,0,North,"Automobile, Station Wagon",Going Ahead,Speed too Fast For Condition,Inattentive, , , , , , , ,Yes,Yes, , , , , ,Yes,Yes, , , ,"42,43",,,137,,318
-79.23519,43.785345,6617137,1228987,2011,2011-04-20T04:00:00.000Z,538,5,MARKHAM RD,HIGHWAY 401 C  E, ,Expressway,Scarborough,43.785345,-79.23519,Mid-Block, ,No Control,Rain,Dark,Wet,Non-Fatal Injury,Cyclist Collisions,Cyclist,35 to 39,Major,0,North,Bicycle,Going Ahead, , , , , ,Cyclist and Driver travelling in same direction. One vehicle rear-ended the other.,Driving Properly,Normal, ,Yes,Yes, , , , , ,Yes,Yes, , , ,"42,43",,,137,,319
-79.445483,43.636943,80774016,7000697706,2017,2017-04-21T04:00:00.000Z,543,5,LAKE SHORE BLVD W,PARKSIDE DR,700 m East of,Major Arterial,Toronto and East York,43.636943,-79.445483,Mid-Block,Non Intersection,No Control,Clear,"Dark, artificial",Wet,Non-Fatal Injury,SMV Other,Driver,60 to 64,Major,0,East,"Automobile, Station Wagon",Going Ahead,Lost control,Fatigue, , , , , , , , ,Yes, , , , , ,Yes,Yes, , , ,14,,,85,,320
-79.52109,43.718145,5412194,1061341,2008,2008-09-28T04:00:00.000Z,545,5,WILSON AVE,HIGHWAY 400  S, ,Expressway,Etobicoke York,43.718145,-79.52109,Intersection,At Intersection,No Control,Clear,Dark,Wet,Fatal,SMV Other,Driver,55 to 59,Fatal,42,East,"Automobile, Station Wagon",Going Ahead,Exceeding Speed Limit,Had Been Drinking, , , , , , , , ,Yes, , , , , ,Yes,Yes, , , ,31,,,26,,321
-79.58279,43.690045,5421905,1065595,2008,2008-10-21T04:00:00.000Z,545,5,HIGHWAY 27 Ramp S,27 S DIXON W RAMP, ,Major Arterial,Etobicoke York,43.690045,-79.58279,Mid-Block, ,No Control,Clear,Dark,Dry,Fatal,SMV Other,Vehicle Owner,unknown, ,0, ,Other, , , , , , , , , , , , , ,Yes, , , ,Yes,Yes, , , ,23,,,1,,322
-79.58279,43.690045,5421906,1065595,2008,2008-10-21T04:00:00.000Z,545,5,HIGHWAY 27 Ramp S,27 S DIXON W RAMP, ,Major Arterial,Etobicoke York,43.690045,-79.58279,Mid-Block, ,No Control,Clear,Dark,Dry,Fatal,SMV Other,Truck Driver,20 to 24,Fatal,47,South,Truck - Open,Going Ahead,Exceeding Speed Limit,Normal, , , , , , , , , , ,Yes, , , ,Yes,Yes, , , ,23,,,1,,323
-79.31929,43.741145,6806560,1271163,2011,2011-12-23T05:00:00.000Z,547,5,LAWRENCE AVE E,CURLEW DR, ,Major Arterial,North York,43.741145,-79.31929,Intersection,At Intersection,Traffic Signal,Clear,"Dark, artificial",Wet,Fatal,Turning Movement,Driver,25 to 29,Minimal,0,West,"Automobile, Station Wagon",Going Ahead,Driving Properly,Normal, , , , , , , , ,Yes, , , , , ,Yes,Yes, , , ,33,,,43,,324
-79.31929,43.741145,6806561,1271163,2011,2011-12-23T05:00:00.000Z,547,5,LAWRENCE AVE E,CURLEW DR, ,Major Arterial,North York,43.741145,-79.31929,Intersection,At Intersection,Traffic Signal,Clear,"Dark, artificial",Wet,Fatal,Turning Movement,Driver,35 to 39,Fatal,35,East,"Automobile, Station Wagon",Turning Left,Improper Turn,Inattentive, , , , , , , , ,Yes, , , , , ,Yes,Yes, , , ,33,,,43,,325
-79.31929,43.741145,6806562,1271163,2011,2011-12-23T05:00:00.000Z,547,5,LAWRENCE AVE E,CURLEW DR, ,Major Arterial,North York,43.741145,-79.31929,Intersection,At Intersection,Traffic Signal,Clear,"Dark, artificial",Wet,Fatal,Turning Movement,Other Property Owner,unknown, ,0, ,Other, , , , , , , , , , , ,Yes, , , , , ,Yes,Yes, , , ,33,,,43,,326
-79.36409,43.659845,7884888,1384646,2013,2013-11-01T04:00:00.000Z,551,5,DUNDAS St E,REGENT St, ,Major Arterial,Toronto and East York,43.659845,-79.36409,Mid-Block, ,No Control,Rain,"Dark, artificial",Wet,Non-Fatal Injury,Pedestrian Collisions,Driver,30 to 34,None,0,West,"Automobile, Station Wagon",Going Ahead,Speed too Fast For Condition,Inattentive, , , , , , ,Yes, ,Yes, , , , , ,Yes,Yes, , , ,51,,,72,,327
-79.36409,43.659845,7884889,1384646,2013,2013-11-01T04:00:00.000Z,551,5,DUNDAS St E,REGENT St, ,Major Arterial,Toronto and East York,43.659845,-79.36409,Mid-Block, ,No Control,Rain,"Dark, artificial",Wet,Non-Fatal Injury,Pedestrian Collisions,Pedestrian,unknown,Major,0,Unknown,Other, , , ,Pedestrian hit at mid-block,Other,Normal, , , ,Yes, ,Yes, , , , , ,Yes,Yes, , , ,51,,,72,,328
-79.496753,43.623709,80162903,4002231179,2014,2014-06-06T04:00:00.000Z,555,5,F G GARDINER XY  E,GRAND AVE, ,Expressway,Etobicoke York,43.623709,-79.496753,Mid-Block,Non Intersection,No Control,Clear,Daylight,Dry,Non-Fatal Injury,SMV Other,Motorcycle Driver,20 to 24,Major,0,East,Motorcycle,Going Ahead,Speed too Fast For Condition,Unknown, , , , , , , , , ,Yes, , , , ,Yes,Yes, , , ,22,,,17,,329
-79.49567,43.676131,80912151,7001424545,2017,2017-08-08T04:00:00.000Z,555,5,JANE ST,ALLIANCE AVE, ,Major Arterial,Etobicoke York,43.676131,-79.49567,Intersection,At Intersection,Traffic Signal,Clear,Dark,Dry,Non-Fatal Injury,Turning Movement,Driver,20 to 24,Minimal,0,North,"Automobile, Station Wagon",Going Ahead,Exceeding Speed Limit,Normal, , , , , , , , ,Yes, , , , , ,Yes,Yes, , , ,12,,,111,,330
-79.49567,43.676131,80912152,7001424545,2017,2017-08-08T04:00:00.000Z,555,5,JANE ST,ALLIANCE AVE, ,Major Arterial,Etobicoke York,43.676131,-79.49567,Intersection,At Intersection,Traffic Signal,Clear,Dark,Dry,Non-Fatal Injury,Turning Movement,Driver,55 to 59,Major,0,South,"Automobile, Station Wagon",Turning Left,Failed to Yield Right of Way,Inattentive, , , , , , , , ,Yes, , , , , ,Yes,Yes, , , ,12,,,111,,331
-79.447742,43.637614,80000014,131058335,2013,2013-11-29T05:00:00.000Z,558,5,1491 LAKE SHORE BLVD W, , ,Major Arterial,Toronto and East York,43.637614,-79.447742,Mid-Block, ,No Control,Clear,"Dawn, artificial",Dry,Fatal,SMV Other,Driver,25 to 29,Fatal,58,East,"Automobile, Station Wagon",Going Ahead,Lost control,Unknown, , , , , , , , ,Yes, , , , , ,Yes,Yes, , , ,11,,,85,,332
-79.228359,43.774528,80942596,8000315155,2018,2018-02-19T05:00:00.000Z,602,6,704 BRIMORTON DRIVE,CLEMETINE SQUARE,99 m West of,Collector,Scarborough,43.774528,-79.228359,Mid-Block,Non Intersection,No Control,Clear,"Dark, artificial",Dry,Non-Fatal Injury,SMV Other,Driver,25 to 29,Major,0,East,"Automobile, Station Wagon",Going Ahead,Lost control,"Ability Impaired, Alcohol Over .08", , , , , , , , ,Yes, , , , , ,Yes,Yes, ,Yes, ,43,,,137,,333
-79.263774,43.801421,80493405,5002013764,2015,2015-11-24T05:00:00.000Z,603,6,MCCOWAN RD,KENHATCH BLVD, ,Major Arterial,Scarborough,43.801421,-79.263774,Intersection,At Intersection,Traffic Signal,Snow,Dark,Wet,Fatal,Pedestrian Collisions,Driver,25 to 29,None,0,North,"Automobile, Station Wagon",Going Ahead,Disobeyed Traffic Control,Had Been Drinking, , , , , , ,Yes, ,Yes, , , , , ,Yes,Yes,Yes, , ,42,,,129,,334
-79.263774,43.801421,80493406,5002013764,2015,2015-11-24T05:00:00.000Z,603,6,MCCOWAN RD,KENHATCH BLVD, ,Major Arterial,Scarborough,43.801421,-79.263774,Intersection,At Intersection,Traffic Signal,Snow,Dark,Wet,Fatal,Pedestrian Collisions,Pedestrian,25 to 29,Fatal,57,Unknown, , , , ,Vehicle is going straight thru inter.while ped cross with ROW,Crossing with right of way,Normal, , , ,Yes, ,Yes, , , , , ,Yes,Yes,Yes, , ,42,,,129,,335
-79.363239,43.65272,7534734,1339179,2012,2012-12-12T05:00:00.000Z,611,6,PARLIAMENT ST,KING ST E, ,Major Arterial,Toronto and East York,43.65272,-79.363239,Intersection,At Intersection,Traffic Signal,Clear,Dark,Dry,Non-Fatal Injury,Angle,Driver,55 to 59,None,0,South,"Automobile, Station Wagon",Going Ahead,Disobeyed Traffic Control,Inattentive, , , , , , , , ,Yes, , , , , ,Yes,Yes,Yes, , ,51,,,73,,336
-79.363239,43.65272,7534735,1339179,2012,2012-12-12T05:00:00.000Z,611,6,PARLIAMENT ST,KING ST E, ,Major Arterial,Toronto and East York,43.65272,-79.363239,Intersection,At Intersection,Traffic Signal,Clear,Dark,Dry,Non-Fatal Injury,Angle,Vehicle Owner,unknown, ,0, ,Other, , , , , , , , , , , ,Yes, , , , , ,Yes,Yes,Yes, , ,51,,,73,,337
-79.363239,43.65272,7534736,1339179,2012,2012-12-12T05:00:00.000Z,611,6,PARLIAMENT ST,KING ST E, ,Major Arterial,Toronto and East York,43.65272,-79.363239,Intersection,At Intersection,Traffic Signal,Clear,Dark,Dry,Non-Fatal Injury,Angle,Driver,45 to 49,None,0,North,"Automobile, Station Wagon",Stopped,Driving Properly,Normal, , , , , , , , ,Yes, , , , , ,Yes,Yes,Yes, , ,51,,,73,,338
-79.363239,43.65272,7534737,1339179,2012,2012-12-12T05:00:00.000Z,611,6,PARLIAMENT ST,KING ST E, ,Major Arterial,Toronto and East York,43.65272,-79.363239,Intersection,At Intersection,Traffic Signal,Clear,Dark,Dry,Non-Fatal Injury,Angle,Vehicle Owner,unknown, ,0, ,Other, , , , , , , , , , , ,Yes, , , , , ,Yes,Yes,Yes, , ,51,,,73,,339
-79.363239,43.65272,7534738,1339179,2012,2012-12-12T05:00:00.000Z,611,6,PARLIAMENT ST,KING ST E, ,Major Arterial,Toronto and East York,43.65272,-79.363239,Intersection,At Intersection,Traffic Signal,Clear,Dark,Dry,Non-Fatal Injury,Angle,Driver,40 to 44,Major,0,East,"Automobile, Station Wagon",Going Ahead,Driving Properly,Normal, , , , , , , , ,Yes, , , , , ,Yes,Yes,Yes, , ,51,,,73,,340
-79.363239,43.65272,7534739,1339179,2012,2012-12-12T05:00:00.000Z,611,6,PARLIAMENT ST,KING ST E, ,Major Arterial,Toronto and East York,43.65272,-79.363239,Intersection,At Intersection,Traffic Signal,Clear,Dark,Dry,Non-Fatal Injury,Angle,Vehicle Owner,unknown, ,0, ,Other, , , , , , , , , , , ,Yes, , , , , ,Yes,Yes,Yes, , ,51,,,73,,341