X,Y,Index_,ACCNUM,YEAR,DATE,TIME,Hour,STREET1,STREET2,OFFSET,ROAD_CLASS,District,LATITUDE,LONGITUDE,LOCCOORD,ACCLOC,TRAFFCTL,VISIBILITY,LIGHT,RDSFCOND,ACCLASS,IMPACTYPE,INVTYPE,INVAGE,INJURY,FATAL_NO,INITDIR,VEHTYPE,MANOEUVER,DRIVACT,DRIVCOND,PEDTYPE,PEDACT,PEDCOND,CYCLISTYPE,CYCACT,CYCCOND,PEDESTRIAN,CYCLIST,AUTOMOBILE,MOTORCYCLE,TRUCK,TRSN_CITY_,EMERG_VEH,PASSENGER,SPEEDING,AG_DRIV,REDLIGHT,ALCOHOL,DISABILITY,Division,Ward_Name,Ward_ID,Hood_ID,Hood_Name,ObjectId
-79.363239,43.65272,7534740,1339179,2012,2012-12-12T05:00:00.000Z,611,6,PARLIAMENT ST,KING ST E, ,Major Arterial,Toronto and East York,43.65272,-79.363239,Intersection,At Intersection,Traffic Signal,Clear,Dark,Dry,Non-Fatal Injury,Angle,Driver,40 to 44,None,0,North,"Automobile, Station Wagon",Stopped,Driving Properly,Normal, , , , , , , , ,Yes, , , , , ,Yes,Yes,Yes, , ,51,,,73,,342
-79.39009,43.661145,5799735,1146277,2009,2009-12-10T05:00:00.000Z,617,6,6 QUEENS PARK CRES E, , ,Major Arterial,Toronto and East York,43.661145,-79.39009,Mid-Block, ,No Control,Snow,Dark,Ice,Non-Fatal Injury,SMV Other,Passenger,40 to 44,Major,0, ,Other, , , , , , , , , , , ,Yes, , , , ,Yes,Yes,Yes, , , ,52,,,76,,343
-79.39009,43.661145,5799736,1146277,2009,2009-12-10T05:00:00.000Z,617,6,6 QUEENS PARK CRES E, , ,Major Arterial,Toronto and East York,43.661145,-79.39009,Mid-Block, ,No Control,Snow,Dark,Ice,Non-Fatal Injury,SMV Other,Vehicle Owner,unknown, ,0, ,Other, , , , , , , , , , , ,Yes, , , , ,Yes,Yes,Yes, , , ,52,,,76,,344
-79.39009,43.661145,5799737,1146277,2009,2009-12-10T05:00:00.000Z,617,6,6 QUEENS PARK CRES E, , ,Major Arterial,Toronto and East York,43.661145,-79.39009,Mid-Block, ,No Control,Snow,Dark,Ice,Non-Fatal Injury,SMV Other,Driver,55 to 59,Minimal,0,South,"Automobile, Station Wagon",Going Ahead,Speed too Fast For Condition,Normal, , , , , , , , ,Yes, , , , ,Yes,Yes,Yes, , , ,52,,,76,,345
-79.39009,43.661145,5799738,1146277,2009,2009-12-10T05:00:00.000Z,617,6,6 QUEENS PARK CRES E, , ,Major Arterial,Toronto and East York,43.661145,-79.39009,Mid-Block, ,No Control,Snow,Dark,Ice,Non-Fatal Injury,SMV Other,Other Property Owner,unknown, ,0, ,Other, , , , , , , , , , , ,Yes, , , , ,Yes,Yes,Yes, , , ,52,,,76,,346
-79.447398,43.77291,80887941,8000315190,2018,2018-02-19T05:00:00.000Z,617,6,537 FINCH  AVE W, ,11 m East of,Major Arterial,North York,43.77291,-79.447398,Mid-Block,Non Intersection,No Control,Clear,"Dark, artificial",Dry,Non-Fatal Injury,Approaching,Driver,60 to 64,Minor,0,West,"Automobile, Station Wagon",Slowing or Stopping,Driving Properly,Normal, , , , , , , , ,Yes, , , , , ,Yes,Yes, , , ,32,,,35,,347
-79.447398,43.77291,80887942,8000315190,2018,2018-02-19T05:00:00.000Z,617,6,537 FINCH  AVE W, ,11 m East of,Major Arterial,North York,43.77291,-79.447398,Mid-Block,Non Intersection,No Control,Clear,"Dark, artificial",Dry,Non-Fatal Injury,Approaching,Driver,45 to 49,Major,0,West,"Automobile, Station Wagon",Stopped,Driving Properly,Normal, , , , , , , , ,Yes, , , , , ,Yes,Yes, , , ,32,,,35,,348
-79.447398,43.77291,80887943,8000315190,2018,2018-02-19T05:00:00.000Z,617,6,537 FINCH  AVE W, ,11 m East of,Major Arterial,North York,43.77291,-79.447398,Mid-Block,Non Intersection,No Control,Clear,"Dark, artificial",Dry,Non-Fatal Injury,Approaching,Driver,25 to 29,Minor,0,East,Passenger Van,Going Ahead,Lost control,Had Been Drinking, , , , , , , , ,Yes, , , , , ,Yes,Yes, , , ,32,,,35,,349
-79.354923,43.657664,80783681,7000802019,2017,2017-05-07T04:00:00.000Z,620,6,KING ST E,QUEEN ST E,21 m East of,Major Arterial,Toronto and East York,43.657664,-79.354923,Intersection,Intersection Related,No Control,Clear,"Daylight, artificial",Dry,Non-Fatal Injury,Approaching,Driver,40 to 44,None,0,West,"Automobile, Station Wagon",Going Ahead,Driving Properly,Normal, , , , , , , , ,Yes, , , , ,Yes,Yes,Yes, , , ,51,,,73,,350
-79.354923,43.657664,80783682,7000802019,2017,2017-05-07T04:00:00.000Z,620,6,KING ST E,QUEEN ST E,21 m East of,Major Arterial,Toronto and East York,43.657664,-79.354923,Intersection,Intersection Related,No Control,Clear,"Daylight, artificial",Dry,Non-Fatal Injury,Approaching,Driver,45 to 49,Minimal,0,West,"Automobile, Station Wagon",Slowing or Stopping,Driving Properly,Normal, , , , , , , , ,Yes, , , , ,Yes,Yes,Yes, , , ,51,,,73,,351
-79.354923,43.657664,80783683,7000802019,2017,2017-05-07T04:00:00.000Z,620,6,KING ST E,QUEEN ST E,21 m East of,Major Arterial,Toronto and East York,43.657664,-79.354923,Intersection,Intersection Related,No Control,Clear,"Daylight, artificial",Dry,Non-Fatal Injury,Approaching,Driver,20 to 24,Major,0,East,"Automobile, Station Wagon",Going Ahead,Exceeding Speed Limit,Had Been Drinking, , , , , , , , ,Yes, , , , ,Yes,Yes,Yes, , , ,51,,,73,,352
-79.52249,43.618445,6806741,1272451,2011,2011-12-31T05:00:00.000Z,915,9,F G GARDINER XY  E,KIPLING Ave, ,Expressway,Etobicoke York,43.618445,-79.52249,Mid-Block, ,No Control,Rain,Daylight,Wet,Non-Fatal Injury,SMV Other,Passenger,30 to 34,Major,0, ,Other, , , , , , , , , , , ,Yes, , , , ,Yes,Yes,Yes, , , ,22,,,17,,353
-79.354923,43.657664,80783684,7000802019,2017,2017-05-07T04:00:00.000Z,620,6,KING ST E,QUEEN ST E,21 m East of,Major Arterial,Toronto and East York,43.657664,-79.354923,Intersection,Intersection Related,No Control,Clear,"Daylight, artificial",Dry,Non-Fatal Injury,Approaching,Passenger,20 to 24,Minimal,0, , , , , , , , , , , , , ,Yes, , , , ,Yes,Yes,Yes, , , ,51,,,73,,354
-79.354923,43.657664,80783685,7000802019,2017,2017-05-07T04:00:00.000Z,620,6,KING ST E,QUEEN ST E,21 m East of,Major Arterial,Toronto and East York,43.657664,-79.354923,Intersection,Intersection Related,No Control,Clear,"Daylight, artificial",Dry,Non-Fatal Injury,Approaching,Passenger,20 to 24,Minimal,0, , , , , , , , , , , , , ,Yes, , , , ,Yes,Yes,Yes, , , ,51,,,73,,355
-79.354923,43.657664,80783686,7000802019,2017,2017-05-07T04:00:00.000Z,620,6,KING ST E,QUEEN ST E,21 m East of,Major Arterial,Toronto and East York,43.657664,-79.354923,Intersection,Intersection Related,No Control,Clear,"Daylight, artificial",Dry,Non-Fatal Injury,Approaching,Passenger,55 to 59,Minimal,0, , , , , , , , , , , , , ,Yes, , , , ,Yes,Yes,Yes, , , ,51,,,73,,356
-79.354923,43.657664,80783687,7000802019,2017,2017-05-07T04:00:00.000Z,620,6,KING ST E,QUEEN ST E,21 m East of,Major Arterial,Toronto and East York,43.657664,-79.354923,Intersection,Intersection Related,No Control,Clear,"Daylight, artificial",Dry,Non-Fatal Injury,Approaching,Passenger,25 to 29,Minimal,0, , , , , , , , , , , , , ,Yes, , , , ,Yes,Yes,Yes, , , ,51,,,73,,357
-79.551357,43.756503,80907679,7001320711,2017,2017-07-23T04:00:00.000Z,620,6,114 TORYORK  DR, ,20 m East of,Collector,Etobicoke York,43.756503,-79.551357,Mid-Block,Non Intersection,No Control,Clear,Dawn,Dry,Non-Fatal Injury,SMV Other,Driver,30 to 34,Major,0,East,"Automobile, Station Wagon",Going Ahead,Lost control,Unknown, , , , , , , , ,Yes, , , , , ,Yes,Yes, , , ,31,,,21,,358
-79.394183,43.675101,80985326,8002341194,2018,2018-12-22T05:00:00.000Z,623,6,DAVENPORT  RD,HAZELTON  AVE, ,Major Arterial,Toronto and East York,43.675101,-79.394183,Mid-Block,Non Intersection,No Control,Clear,"Dawn, artificial",Dry,Fatal,Pedestrian Collisions,Pedestrian,50 to 54,Fatal,65,Unknown, , , , ,Pedestrian hit at mid-block,Other,Normal, , , ,Yes, ,Yes, , , , , ,Yes,Yes, , , ,53,,,95,,359
-79.394183,43.675101,80985327,8002341194,2018,2018-12-22T05:00:00.000Z,623,6,DAVENPORT  RD,HAZELTON  AVE, ,Major Arterial,Toronto and East York,43.675101,-79.394183,Mid-Block,Non Intersection,No Control,Clear,"Dawn, artificial",Dry,Fatal,Pedestrian Collisions,Pedestrian,50 to 54,Major,0,Unknown, , , , ,Pedestrian hit at mid-block,Other,Normal, , , ,Yes, ,Yes, , , , , ,Yes,Yes, , , ,53,,,95,,360
-79.394183,43.675101,80985328,8002341194,2018,2018-12-22T05:00:00.000Z,623,6,DAVENPORT  RD,HAZELTON  AVE, ,Major Arterial,Toronto and East York,43.675101,-79.394183,Mid-Block,Non Intersection,No Control,Clear,"Dawn, artificial",Dry,Fatal,Pedestrian Collisions,Driver,55 to 59,None,0,West,"Automobile, Station Wagon",Going Ahead,Lost control,Normal, , , , , , ,Yes, ,Yes, , , , , ,Yes,Yes, , , ,53,,,95,,361
-79.477496,43.706175,80492256,5000001915,2015,2015-01-01T05:00:00.000Z,624,6,KEELE ST,COLVILLE RD, ,Major Arterial,Etobicoke York,43.706175,-79.477496,Intersection,At Intersection,No Control,Clear,"Dawn, artificial",Dry,Non-Fatal Injury,Approaching,Driver,20 to 24,Major,0,South,"Automobile, Station Wagon",Going Ahead,Lost control,Unknown, , , , , , , , ,Yes, , , , ,Yes,Yes,Yes, , , ,12,,,30,,362
-79.477496,43.706175,80492257,5000001915,2015,2015-01-01T05:00:00.000Z,624,6,KEELE ST,COLVILLE RD, ,Major Arterial,Etobicoke York,43.706175,-79.477496,Intersection,At Intersection,No Control,Clear,"Dawn, artificial",Dry,Non-Fatal Injury,Approaching,Driver,30 to 34,Minor,0,North,"Automobile, Station Wagon",Going Ahead,Driving Properly,Normal, , , , , , , , ,Yes, , , , ,Yes,Yes,Yes, , , ,12,,,30,,363
-79.477496,43.706175,80492258,5000001915,2015,2015-01-01T05:00:00.000Z,624,6,KEELE ST,COLVILLE RD, ,Major Arterial,Etobicoke York,43.706175,-79.477496,Intersection,At Intersection,No Control,Clear,"Dawn, artificial",Dry,Non-Fatal Injury,Approaching,Passenger,20 to 24,Minor,0, , , , , , , , , , , , , ,Yes, , , , ,Yes,Yes,Yes, , , ,12,,,30,,364
-79.54119,43.718645,6253954,1184000,2010,2010-07-09T04:00:00.000Z,627,6,ALBION Rd,WESTON Rd, ,Major Arterial,Etobicoke York,43.718645,-79.54119,Mid-Block, ,No Control,Rain,Daylight,Wet,Non-Fatal Injury,Approaching,Vehicle Owner,unknown, ,0, ,Other, , , , , , , , , , , ,Yes, , , , , ,Yes,Yes, ,Yes, ,31,,,23,,365
-79.54119,43.718645,6253955,1184000,2010,2010-07-09T04:00:00.000Z,627,6,ALBION Rd,WESTON Rd, ,Major Arterial,Etobicoke York,43.718645,-79.54119,Mid-Block, ,No Control,Rain,Daylight,Wet,Non-Fatal Injury,Approaching,Driver,50 to 54,Major,0,East,"Automobile, Station Wagon",Going Ahead,Driving Properly,Normal, , , , , , , , ,Yes, , , , , ,Yes,Yes, ,Yes, ,31,,,23,,366
-79.54119,43.718645,6253956,1184000,2010,2010-07-09T04:00:00.000Z,627,6,ALBION Rd,WESTON Rd, ,Major Arterial,Etobicoke York,43.718645,-79.54119,Mid-Block, ,No Control,Rain,Daylight,Wet,Non-Fatal Injury,Approaching,Driver,25 to 29,Minor,0,West,"Automobile, Station Wagon",Going Ahead,Exceeding Speed Limit,"Ability Impaired, Alcohol Over .08", , , , , , , , ,Yes, , , , , ,Yes,Yes, ,Yes, ,31,,,23,,367
-79.251354,43.729975,80512383,6000775153,2016,2016-05-06T04:00:00.000Z,630,6,920 DANFORTH RD, , ,Major Arterial,Scarborough,43.729975,-79.251354,Mid-Block,Intersection Related,No Control,Clear,Daylight,Dry,Non-Fatal Injury,Approaching,Driver,45 to 49,Major,0,North,"Automobile, Station Wagon",Going Ahead,Lost control,Inattentive, , , , , , , , ,Yes, , , , , ,Yes,Yes, , , ,41,,,124,,368
-79.251354,43.729975,80512384,6000775153,2016,2016-05-06T04:00:00.000Z,630,6,920 DANFORTH RD, , ,Major Arterial,Scarborough,43.729975,-79.251354,Mid-Block,Intersection Related,No Control,Clear,Daylight,Dry,Non-Fatal Injury,Approaching,Driver,25 to 29,Minor,0,South,"Automobile, Station Wagon",Going Ahead,Driving Properly,Normal, , , , , , , , ,Yes, , , , , ,Yes,Yes, , , ,41,,,124,,369
-79.251354,43.729975,80512385,6000775153,2016,2016-05-06T04:00:00.000Z,630,6,920 DANFORTH RD, , ,Major Arterial,Scarborough,43.729975,-79.251354,Mid-Block,Intersection Related,No Control,Clear,Daylight,Dry,Non-Fatal Injury,Approaching,Driver,30 to 34,None,0,South,"Automobile, Station Wagon",Going Ahead,Driving Properly,Normal, , , , , , , , ,Yes, , , , , ,Yes,Yes, , , ,41,,,124,,370
-79.251354,43.729975,80512386,6000775153,2016,2016-05-06T04:00:00.000Z,630,6,920 DANFORTH RD, , ,Major Arterial,Scarborough,43.729975,-79.251354,Mid-Block,Intersection Related,No Control,Clear,Daylight,Dry,Non-Fatal Injury,Approaching,Driver,0 to 4,None,0,Unknown,"Automobile, Station Wagon",Parked,Driving Properly,Normal, , , , , , , , ,Yes, , , , , ,Yes,Yes, , , ,41,,,124,,371
-79.363033,43.790763,80717086,6001479157,2016,2016-08-21T04:00:00.000Z,634,6,FINCH AVE E,TRUDY RD,5 m West of,Major Arterial,North York,43.790763,-79.363033,Intersection,Intersection Related,No Control,Clear,Daylight,Dry,Non-Fatal Injury,SMV Other,Driver,20 to 24,Major,0,West,"Automobile, Station Wagon",Unknown,Lost control,Had Been Drinking, , , , , , , , ,Yes, , , , , ,Yes,Yes, , , ,33,,,47,,372
-79.544574,43.753699,80770967,7001036218,2017,2017-06-11T04:00:00.000Z,635,6,50 TORYORK DR, ,3 m East of,Collector,Etobicoke York,43.753699,-79.544574,Mid-Block,At/Near Private Drive,No Control,Clear,"Dark, artificial",Dry,Non-Fatal Injury,SMV Other,Driver,45 to 49,Major,0,East,"Automobile, Station Wagon",Going Ahead,Lost control,Inattentive, , , , , , , , ,Yes, , , , , ,Yes,Yes, , , ,31,,,21,,373
-79.451099,43.697844,80784063,7001784038,2017,2017-10-02T04:00:00.000Z,645,6,WHITMORE AVE,DUFFERIN ST, ,Major Arterial,North York,43.697844,-79.451099,Intersection,At Intersection,Traffic Signal,Clear,Daylight,Dry,Non-Fatal Injury,Pedestrian Collisions,Driver,35 to 39,None,0,North,"Automobile, Station Wagon",Going Ahead,Driving Properly,Normal, , , , , , ,Yes, ,Yes, , , , , ,Yes,Yes, , , ,13,,,108,,374
-79.451099,43.697844,80784064,7001784038,2017,2017-10-02T04:00:00.000Z,645,6,WHITMORE AVE,DUFFERIN ST, ,Major Arterial,North York,43.697844,-79.451099,Intersection,At Intersection,Traffic Signal,Clear,Daylight,Dry,Non-Fatal Injury,Pedestrian Collisions,Pedestrian,35 to 39,Major,0,East, , , , ,Vehicle is going straight thru inter.while ped cross without ROW,Crossing marked crosswalk without ROW,Inattentive, , , ,Yes, ,Yes, , , , , ,Yes,Yes, , , ,13,,,108,,375
-79.32027,43.675261,80630546,4002412292,2014,2014-07-02T04:00:00.000Z,650,6,COXWELL AVE,GERRARD ST E,1 m North of,Minor Arterial,Toronto and East York,43.675261,-79.32027,Intersection,At Intersection,Traffic Signal,Clear,Daylight,Dry,Non-Fatal Injury,SMV Other,Driver,65 to 69,Major,0,North,"Automobile, Station Wagon",Turning Right,Lost control,Normal, , , , , , , , ,Yes, , , , , ,Yes,Yes, , , ,55,,,64,,376
-79.263149,43.77521,81070986,8002388715,2018,2018-12-31T05:00:00.000Z,650,6,BRIMLEY RD,PROGRESS AVE, ,Major Arterial, ,43.77521,-79.263149,Intersection,At Intersection,Traffic Signal,Clear,"Dark, artificial",Wet,Non-Fatal Injury,Angle,Driver,60 to 64,None,0,South,"Automobile, Station Wagon",Going Ahead,Disobeyed Traffic Control,Normal, , , , , , , , ,Yes, , , , ,Yes,Yes,Yes,Yes, , ,"41,43",,,127,,377
-79.263149,43.77521,81070987,8002388715,2018,2018-12-31T05:00:00.000Z,650,6,BRIMLEY RD,PROGRESS AVE, ,Major Arterial, ,43.77521,-79.263149,Intersection,At Intersection,Traffic Signal,Clear,"Dark, artificial",Wet,Non-Fatal Injury,Angle,Driver,20 to 24,Major,0,West,"Automobile, Station Wagon",Going Ahead,Driving Properly,Normal, , , , , , , , ,Yes, , , , ,Yes,Yes,Yes,Yes, , ,"41,43",,,127,,378
-79.263149,43.77521,81070988,8002388715,2018,2018-12-31T05:00:00.000Z,650,6,BRIMLEY RD,PROGRESS AVE, ,Major Arterial, ,43.77521,-79.263149,Intersection,At Intersection,Traffic Signal,Clear,"Dark, artificial",Wet,Non-Fatal Injury,Angle,Passenger,55 to 59,None,0, , , , , , , , , , , , , ,Yes, , , , ,Yes,Yes,Yes,Yes, , ,"41,43",,,127,,379
-79.61288,43.755641,80781640,7001671435,2017,2017-09-15T04:00:00.000Z,652,6,STEELES AVE W,HIGHWAY 27  N,200 m East of,Major Arterial,Etobicoke York,43.755641,-79.61288,Mid-Block,Non Intersection,No Control,Clear,Daylight,Dry,Fatal,Turning Movement,Truck Driver,30 to 34,Minimal,0,East,Truck - Dump,Turning Left,Failed to Yield Right of Way,Normal, , , , , , , , ,Yes, ,Yes, , ,Yes,Yes,Yes, , , ,23,,,1,,380
-79.61288,43.755641,80782623,7001671435,2017,2017-09-15T04:00:00.000Z,652,6,STEELES AVE W,HIGHWAY 27  N,200 m East of,Major Arterial,Etobicoke York,43.755641,-79.61288,Mid-Block,Non Intersection,No Control,Clear,Daylight,Dry,Fatal,Turning Movement,Passenger,55 to 59,Fatal,41, , , , , , , , , , , , , ,Yes, ,Yes, , ,Yes,Yes,Yes, , , ,23,,,1,,381
-79.61288,43.755641,80782625,7001671435,2017,2017-09-15T04:00:00.000Z,652,6,STEELES AVE W,HIGHWAY 27  N,200 m East of,Major Arterial,Etobicoke York,43.755641,-79.61288,Mid-Block,Non Intersection,No Control,Clear,Daylight,Dry,Fatal,Turning Movement,Driver,50 to 54,Minor,0,East,"Automobile, Station Wagon",Going Ahead,Driving Properly,Normal, , , , , , , , ,Yes, ,Yes, , ,Yes,Yes,Yes, , , ,23,,,1,,382
-79.61288,43.755641,80782626,7001671435,2017,2017-09-15T04:00:00.000Z,652,6,STEELES AVE W,HIGHWAY 27  N,200 m East of,Major Arterial,Etobicoke York,43.755641,-79.61288,Mid-Block,Non Intersection,No Control,Clear,Daylight,Dry,Fatal,Turning Movement,Driver,20 to 24,Major,0,West,"Automobile, Station Wagon",Going Ahead,Exceeding Speed Limit,Had Been Drinking, , , , , , , , ,Yes, ,Yes, , ,Yes,Yes,Yes, , , ,23,,,1,,383
-79.43289,43.781245,6168410,1180110,2010,2010-07-31T04:00:00.000Z,700,7,GRANTBROOK ST,CHARLTON BLVD, ,Collector,North York,43.781245,-79.43289,Intersection,At Intersection,Stop Sign,Clear,Daylight,Dry,Fatal,Angle,Other,unknown,None,0,North,Other,Parked, , , , , , , , , , ,Yes, , , , ,Yes,Yes,Yes, ,Yes, ,32,,,36,,384
-79.43289,43.781245,6168411,1180110,2010,2010-07-31T04:00:00.000Z,700,7,GRANTBROOK ST,CHARLTON BLVD, ,Collector,North York,43.781245,-79.43289,Intersection,At Intersection,Stop Sign,Clear,Daylight,Dry,Fatal,Angle,Other,unknown,None,0,North,Other,Parked, , , , , , , , , , ,Yes, , , , ,Yes,Yes,Yes, ,Yes, ,32,,,36,,385
-79.43289,43.781245,6168412,1180110,2010,2010-07-31T04:00:00.000Z,700,7,GRANTBROOK ST,CHARLTON BLVD, ,Collector,North York,43.781245,-79.43289,Intersection,At Intersection,Stop Sign,Clear,Daylight,Dry,Fatal,Angle,Passenger,60 to 64,Major,0, ,Other, , , , , , , , , , , ,Yes, , , , ,Yes,Yes,Yes, ,Yes, ,32,,,36,,386
-79.43289,43.781245,6168413,1180110,2010,2010-07-31T04:00:00.000Z,700,7,GRANTBROOK ST,CHARLTON BLVD, ,Collector,North York,43.781245,-79.43289,Intersection,At Intersection,Stop Sign,Clear,Daylight,Dry,Fatal,Angle,Driver,60 to 64,Minor,0,North,"Automobile, Station Wagon",Going Ahead,Driving Properly,Normal, , , , , , , , ,Yes, , , , ,Yes,Yes,Yes, ,Yes, ,32,,,36,,387
-79.43289,43.781245,6168414,1180110,2010,2010-07-31T04:00:00.000Z,700,7,GRANTBROOK ST,CHARLTON BLVD, ,Collector,North York,43.781245,-79.43289,Intersection,At Intersection,Stop Sign,Clear,Daylight,Dry,Fatal,Angle,Passenger,25 to 29,Minor,0, ,Other, , , , , , , , , , , ,Yes, , , , ,Yes,Yes,Yes, ,Yes, ,32,,,36,,388
-79.43289,43.781245,6168415,1180110,2010,2010-07-31T04:00:00.000Z,700,7,GRANTBROOK ST,CHARLTON BLVD, ,Collector,North York,43.781245,-79.43289,Intersection,At Intersection,Stop Sign,Clear,Daylight,Dry,Fatal,Angle,Passenger,25 to 29,Fatal,27, ,Other, , , , , , , , , , , ,Yes, , , , ,Yes,Yes,Yes, ,Yes, ,32,,,36,,389
-79.43289,43.781245,6168416,1180110,2010,2010-07-31T04:00:00.000Z,700,7,GRANTBROOK ST,CHARLTON BLVD, ,Collector,North York,43.781245,-79.43289,Intersection,At Intersection,Stop Sign,Clear,Daylight,Dry,Fatal,Angle,Driver,25 to 29,Major,0,West,"Automobile, Station Wagon",Going Ahead,Disobeyed Traffic Control,"Ability Impaired, Alcohol Over .08", , , , , , , , ,Yes, , , , ,Yes,Yes,Yes, ,Yes, ,32,,,36,,390
-79.52449,43.618045,6650987,1243422,2011,2011-07-12T04:00:00.000Z,700,7,F G GARDINER XY Expr E,KIPLING AVE, ,Expressway,Etobicoke York,43.618045,-79.52449,Mid-Block, ,No Control,Clear,Daylight,Dry,Non-Fatal Injury,Rear End,Driver,45 to 49,None,0,East,"Automobile, Station Wagon",Slowing or Stopping,Driving Properly,Normal, , , , , , , , ,Yes, , , , , ,Yes,Yes, , , ,22,,,17,,391
-79.52449,43.618045,6650988,1243422,2011,2011-07-12T04:00:00.000Z,700,7,F G GARDINER XY Expr E,KIPLING AVE, ,Expressway,Etobicoke York,43.618045,-79.52449,Mid-Block, ,No Control,Clear,Daylight,Dry,Non-Fatal Injury,Rear End,Driver,45 to 49,Major,0,East,"Automobile, Station Wagon",Slowing or Stopping,Speed too Fast For Condition,Inattentive, , , , , , , , ,Yes, , , , , ,Yes,Yes, , , ,22,,,17,,392
-79.31259,43.667245,5280965,1122739,2009,2009-08-01T04:00:00.000Z,703,7,QUEEN ST E,EASTERN AVE, ,Major Arterial,Toronto and East York,43.667245,-79.31259,Intersection,At Intersection,Traffic Signal,Clear,Daylight,Dry,Non-Fatal Injury,SMV Other,Driver,25 to 29,Major,0,East,"Automobile, Station Wagon",Going Ahead,Exceeding Speed Limit,"Ability Impaired, Alcohol", , , , , , , , ,Yes, , , , , ,Yes,Yes, ,Yes, ,55,,,63,,393
-79.554401,43.61447,80632033,6001102094,2016,2016-06-24T04:00:00.000Z,707,7,THE QUEENSWAY,427 C S QUEENSWAY RAMP,200 m West of,Major Arterial,Etobicoke York,43.61447,-79.554401,Mid-Block,Non Intersection,No Control,Clear,Daylight,Dry,Non-Fatal Injury,SMV Other,Motorcycle Driver,30 to 34,Major,0,East,Motorcycle,Going Ahead,Speed too Fast For Condition,Unknown, , , , , , , , , ,Yes, , , , ,Yes,Yes, , , ,22,,,14,,394
-79.500003,43.61558,80200599,4001339945,2014,2014-01-14T05:00:00.000Z,710,7,JUDSON ST,HAROLD ST, ,Collector,Etobicoke York,43.61558,-79.500003,Mid-Block,Non Intersection,No Control,Clear,"Dawn, artificial",Dry,Non-Fatal Injury,SMV Other,Driver,30 to 34,Major,0,West,"Automobile, Station Wagon",Going Ahead,Speed too Fast For Condition,Inattentive, , , , , , , , ,Yes, , , , , ,Yes,Yes, , , ,22,,,17,,395
-79.355121,43.690203,80947090,8001315928,2018,2018-07-19T04:00:00.000Z,711,7,BROADVIEW  AVE,TORRENS  AVE, ,Minor Arterial,Toronto and East York,43.690203,-79.355121,Intersection,At Intersection,Pedestrian Crossover,Clear,Daylight,Dry,Non-Fatal Injury,Pedestrian Collisions,Driver,45 to 49,None,0,North,"Automobile, Station Wagon",Overtaking,Disobeyed Traffic Control,Inattentive, , , , , , ,Yes, ,Yes, , , , , ,Yes,Yes, , , ,54,,,57,,396
-79.355121,43.690203,80947091,8001315928,2018,2018-07-19T04:00:00.000Z,711,7,BROADVIEW  AVE,TORRENS  AVE, ,Minor Arterial,Toronto and East York,43.690203,-79.355121,Intersection,At Intersection,Pedestrian Crossover,Clear,Daylight,Dry,Non-Fatal Injury,Pedestrian Collisions,Pedestrian,40 to 44,Major,0,West, , , , ,Pedestrian hit a PXO/ped. Mid-block signal,"Crossing, Pedestrian Crossover",Normal, , , ,Yes, ,Yes, , , , , ,Yes,Yes, , , ,54,,,57,,397
-79.37099,43.658221,80757203,7001372973,2017,2017-07-31T04:00:00.000Z,713,7,SHERBOURNE ST,DUNDAS ST E, ,Major Arterial,Toronto and East York,43.658221,-79.37099,Intersection,At Intersection,Traffic Signal,Clear,Daylight,Dry,Fatal,Pedestrian Collisions,Pedestrian,45 to 49,Major,0,Unknown, , , , ,Other / Undefined,Crossing with right of way,Normal, , , ,Yes, ,Yes, , , , , ,Yes,Yes, , , ,51,,,73,,398
-79.37099,43.658221,80757204,7001372973,2017,2017-07-31T04:00:00.000Z,713,7,SHERBOURNE ST,DUNDAS ST E, ,Major Arterial,Toronto and East York,43.658221,-79.37099,Intersection,At Intersection,Traffic Signal,Clear,Daylight,Dry,Fatal,Pedestrian Collisions,Pedestrian,70 to 74,Fatal,33,Unknown, , , , ,Pedestrian hit on sidewalk or shoulder,On Sidewalk or Shoulder,Normal, , , ,Yes, ,Yes, , , , , ,Yes,Yes, , , ,51,,,73,,399
-79.37099,43.658221,80780912,7001372973,2017,2017-07-31T04:00:00.000Z,713,7,SHERBOURNE ST,DUNDAS ST E, ,Major Arterial,Toronto and East York,43.658221,-79.37099,Intersection,At Intersection,Traffic Signal,Clear,Daylight,Dry,Fatal,Pedestrian Collisions,Driver,25 to 29,None,0,South,"Automobile, Station Wagon",Going Ahead,Lost control,Fatigue, , , , , , ,Yes, ,Yes, , , , , ,Yes,Yes, , , ,51,,,73,,400