X,Y,Index_,ACCNUM,YEAR,DATE,TIME,Hour,STREET1,STREET2,OFFSET,ROAD_CLASS,District,LATITUDE,LONGITUDE,LOCCOORD,ACCLOC,TRAFFCTL,VISIBILITY,LIGHT,RDSFCOND,ACCLASS,IMPACTYPE,INVTYPE,INVAGE,INJURY,FATAL_NO,INITDIR,VEHTYPE,MANOEUVER,DRIVACT,DRIVCOND,PEDTYPE,PEDACT,PEDCOND,CYCLISTYPE,CYCACT,CYCCOND,PEDESTRIAN,CYCLIST,AUTOMOBILE,MOTORCYCLE,TRUCK,TRSN_CITY_,EMERG_VEH,PASSENGER,SPEEDING,AG_DRIV,REDLIGHT,ALCOHOL,DISABILITY,Division,Ward_Name,Ward_ID,Hood_ID,Hood_Name,ObjectId
-79.372493,43.698722,80241719,5001008776,2015,2015-06-16T04:00:00.000Z,715,7,BAYVIEW AVE,SUTHERLAND DR, ,Major Arterial,North York,43.698722,-79.372493,Intersection,At Intersection,Stop Sign,Rain,Dawn,Wet,Non-Fatal Injury,Turning Movement,Driver,30 to 34,None,0,North,Municipal Transit Bus (TTC),Going Ahead,Speed too Fast For Condition,Normal, , , , , , , , , ,Yes, ,Yes, , ,Yes,Yes, , , ,53,,,56,,401
-79.372493,43.698722,80241720,5001008776,2015,2015-06-16T04:00:00.000Z,715,7,BAYVIEW AVE,SUTHERLAND DR, ,Major Arterial,North York,43.698722,-79.372493,Intersection,At Intersection,Stop Sign,Rain,Dawn,Wet,Non-Fatal Injury,Turning Movement,Motorcycle Driver,30 to 34,Major,0,West,Motorcycle,Turning Left,Failed to Yield Right of Way,Normal, , , , , , , , , ,Yes, ,Yes, , ,Yes,Yes, , , ,53,,,56,,402
-79.39359,43.716945,7559315,1287084,2012,2012-04-03T04:00:00.000Z,230,2,MOUNT PLEASANT RD,STIBBARD AVE, ,Major Arterial,North York,43.716945,-79.39359,Intersection, ,No Control,Clear,Dark,Dry,Fatal,SMV Other,Driver,15 to 19,Minimal,0,South,"Automobile, Station Wagon",Going Ahead,Exceeding Speed Limit,"Ability Impaired, Alcohol Over .08", , , , , , , , ,Yes, , , , ,Yes,Yes,Yes, ,Yes, ,53,,,99,,403
-79.39359,43.716945,7559316,1287084,2012,2012-04-03T04:00:00.000Z,230,2,MOUNT PLEASANT RD,STIBBARD AVE, ,Major Arterial,North York,43.716945,-79.39359,Intersection, ,No Control,Clear,Dark,Dry,Fatal,SMV Other,Other Property Owner,unknown, ,0, ,Other, , , , , , , , , , , ,Yes, , , , ,Yes,Yes,Yes, ,Yes, ,53,,,99,,404
-79.52249,43.618445,6806742,1272451,2011,2011-12-31T05:00:00.000Z,915,9,F G GARDINER XY  E,KIPLING Ave, ,Expressway,Etobicoke York,43.618445,-79.52249,Mid-Block, ,No Control,Rain,Daylight,Wet,Non-Fatal Injury,SMV Other,Passenger,55 to 59,Minimal,0, ,Other, , , , , , , , , , , ,Yes, , , , ,Yes,Yes,Yes, , , ,22,,,17,,405
-79.375858,43.660365,80717325,6001612832,2016,2016-09-11T04:00:00.000Z,230,2,JARVIS ST,GERRARD ST E, ,Major Arterial,Toronto and East York,43.660365,-79.375858,Intersection,At Intersection,Traffic Signal,Clear,Dark,Dry,Non-Fatal Injury,Turning Movement,Driver,45 to 49,Minimal,0,South,Passenger Van,Turning Left,Improper Turn,Inattentive, , , , , , , , ,Yes, , , , ,Yes,Yes,Yes, , , ,51,,,73,,406
-79.52249,43.618445,6806743,1272451,2011,2011-12-31T05:00:00.000Z,915,9,F G GARDINER XY  E,KIPLING Ave, ,Expressway,Etobicoke York,43.618445,-79.52249,Mid-Block, ,No Control,Rain,Daylight,Wet,Non-Fatal Injury,SMV Other,Driver,25 to 29,Minor,0,East,"Automobile, Station Wagon",Going Ahead,Lost control,Normal, , , , , , , , ,Yes, , , , ,Yes,Yes,Yes, , , ,22,,,17,,407
-79.375858,43.660365,80717378,6001612832,2016,2016-09-11T04:00:00.000Z,230,2,JARVIS ST,GERRARD ST E, ,Major Arterial,Toronto and East York,43.660365,-79.375858,Intersection,At Intersection,Traffic Signal,Clear,Dark,Dry,Non-Fatal Injury,Turning Movement,Driver,20 to 24,Minimal,0,North,"Automobile, Station Wagon",Going Ahead,Exceeding Speed Limit,Other, , , , , , , , ,Yes, , , , ,Yes,Yes,Yes, , , ,51,,,73,,408
-79.52249,43.618445,6806744,1272451,2011,2011-12-31T05:00:00.000Z,915,9,F G GARDINER XY  E,KIPLING Ave, ,Expressway,Etobicoke York,43.618445,-79.52249,Mid-Block, ,No Control,Rain,Daylight,Wet,Non-Fatal Injury,SMV Other,Driver,unknown,None,0,East,"Automobile, Station Wagon",Changing Lanes,Improper Lane Change,Unknown, , , , , , , , ,Yes, , , , ,Yes,Yes,Yes, , , ,22,,,17,,409
-79.375858,43.660365,80717379,6001612832,2016,2016-09-11T04:00:00.000Z,230,2,JARVIS ST,GERRARD ST E, ,Major Arterial,Toronto and East York,43.660365,-79.375858,Intersection,At Intersection,Traffic Signal,Clear,Dark,Dry,Non-Fatal Injury,Turning Movement,Passenger,20 to 24,Major,0, , , , , , , , , , , , , ,Yes, , , , ,Yes,Yes,Yes, , , ,51,,,73,,410
-79.60999,43.744645,7792774,1345231,2013,2013-01-25T05:00:00.000Z,920,9,ALBION RD,HIGHWAY 27  S, ,Major Arterial,Etobicoke York,43.744645,-79.60999,Mid-Block, ,No Control,Clear,Daylight,Dry,Non-Fatal Injury,Rear End,Truck Driver,60 to 64,None,0,East,Truck - Open,Stopped,Driving Properly,Normal, , , , , , , , ,Yes, ,Yes, , , ,Yes,Yes, , , ,23,,,1,,411
-79.39499,43.656545,6221410,1202238,2010,2010-10-23T04:00:00.000Z,232,2,BEVERLEY ST,CECIL ST, ,Minor Arterial,Toronto and East York,43.656545,-79.39499,Mid-Block, ,No Control,Clear,Dark,Dry,Non-Fatal Injury,Pedestrian Collisions,Other,unknown,None,0,North,Other,Parked, , , , , , , , ,Yes, ,Yes, , , , , ,Yes,Yes, ,Yes, ,52,,,78,,412
-79.60999,43.744645,7792775,1345231,2013,2013-01-25T05:00:00.000Z,920,9,ALBION RD,HIGHWAY 27  S, ,Major Arterial,Etobicoke York,43.744645,-79.60999,Mid-Block, ,No Control,Clear,Daylight,Dry,Non-Fatal Injury,Rear End,Vehicle Owner,unknown, ,0, ,Other, , , , , , , , , , , ,Yes, ,Yes, , , ,Yes,Yes, , , ,23,,,1,,413
-79.39499,43.656545,6221411,1202238,2010,2010-10-23T04:00:00.000Z,232,2,BEVERLEY ST,CECIL ST, ,Minor Arterial,Toronto and East York,43.656545,-79.39499,Mid-Block, ,No Control,Clear,Dark,Dry,Non-Fatal Injury,Pedestrian Collisions,Other,unknown,None,0,North,Other,Parked, , , , , , , , ,Yes, ,Yes, , , , , ,Yes,Yes, ,Yes, ,52,,,78,,414
-79.39499,43.656545,6221412,1202238,2010,2010-10-23T04:00:00.000Z,232,2,BEVERLEY ST,CECIL ST, ,Minor Arterial,Toronto and East York,43.656545,-79.39499,Mid-Block, ,No Control,Clear,Dark,Dry,Non-Fatal Injury,Pedestrian Collisions,Vehicle Owner,unknown, ,0, ,Other, , , , , , , , , ,Yes, ,Yes, , , , , ,Yes,Yes, ,Yes, ,52,,,78,,415
-79.39499,43.656545,6221413,1202238,2010,2010-10-23T04:00:00.000Z,232,2,BEVERLEY ST,CECIL ST, ,Minor Arterial,Toronto and East York,43.656545,-79.39499,Mid-Block, ,No Control,Clear,Dark,Dry,Non-Fatal Injury,Pedestrian Collisions,Driver,20 to 24,None,0,North,"Automobile, Station Wagon",Going Ahead,Other,"Ability Impaired, Alcohol Over .08", , , , , , ,Yes, ,Yes, , , , , ,Yes,Yes, ,Yes, ,52,,,78,,416
-79.39499,43.656545,6221414,1202238,2010,2010-10-23T04:00:00.000Z,232,2,BEVERLEY ST,CECIL ST, ,Minor Arterial,Toronto and East York,43.656545,-79.39499,Mid-Block, ,No Control,Clear,Dark,Dry,Non-Fatal Injury,Pedestrian Collisions,Pedestrian,20 to 24,Major,0,Unknown,Other, , , ,Vehicle hits the pedestrian walking or running out from between parked vehicles at mid-block,Coming From Behind Parked Vehicle,Normal, , , ,Yes, ,Yes, , , , , ,Yes,Yes, ,Yes, ,52,,,78,,417
-79.297305,43.696513,80207074,4001912926,2014,2014-04-18T04:00:00.000Z,232,2,DAWES RD,CRESCENT TOWN RD, ,Minor Arterial,Toronto and East York,43.696513,-79.297305,Intersection,Non Intersection,Traffic Signal,Clear,"Dark, artificial",Dry,Non-Fatal Injury,SMV Other,Driver,40 to 44,Major,0,South,"Automobile, Station Wagon",Going Ahead,Speed too Fast For Condition,"Ability Impaired, Alcohol", , , , , , , , ,Yes, , , , , ,Yes,Yes, ,Yes, ,54,,,61,,418
-79.549037,43.68616,80498271,6000218872,2016,2016-02-06T05:00:00.000Z,233,2,163 WINCOTT DR, ,39 m South of,Collector,Etobicoke York,43.68616,-79.549037,Mid-Block,Non Intersection,No Control,Clear,"Dark, artificial",Dry,Non-Fatal Injury,SMV Other,Driver,30 to 34,Major,0,North,Passenger Van,Going Ahead,Lost control,Normal, , , , , , , , ,Yes, , , , ,Yes,Yes,Yes, , , ,23,,,7,,419
-79.549037,43.68616,80498272,6000218872,2016,2016-02-06T05:00:00.000Z,233,2,163 WINCOTT DR, ,39 m South of,Collector,Etobicoke York,43.68616,-79.549037,Mid-Block,Non Intersection,No Control,Clear,"Dark, artificial",Dry,Non-Fatal Injury,SMV Other,Passenger,35 to 39,Major,0, , , , , , , , , , , , , ,Yes, , , , ,Yes,Yes,Yes, , , ,23,,,7,,420
-79.49169,43.628745,7542760,1328705,2012,2012-12-02T05:00:00.000Z,237,2,THE QUEENSWAY,PARK LAWN RD, ,Major Arterial,Etobicoke York,43.628745,-79.49169,Mid-Block, ,No Control,Clear,"Dark, artificial",Wet,Non-Fatal Injury,Pedestrian Collisions,Passenger,unknown,None,0, ,Other,Other, , , , , , , , ,Yes, ,Yes, , , , ,Yes,Yes,Yes, , , ,22,,,16,,421
-79.49169,43.628745,7542761,1328705,2012,2012-12-02T05:00:00.000Z,237,2,THE QUEENSWAY,PARK LAWN RD, ,Major Arterial,Etobicoke York,43.628745,-79.49169,Mid-Block, ,No Control,Clear,"Dark, artificial",Wet,Non-Fatal Injury,Pedestrian Collisions,Vehicle Owner,unknown, ,0, ,Other, , , , , , , , , ,Yes, ,Yes, , , , ,Yes,Yes,Yes, , , ,22,,,16,,422
-79.49169,43.628745,7542762,1328705,2012,2012-12-02T05:00:00.000Z,237,2,THE QUEENSWAY,PARK LAWN RD, ,Major Arterial,Etobicoke York,43.628745,-79.49169,Mid-Block, ,No Control,Clear,"Dark, artificial",Wet,Non-Fatal Injury,Pedestrian Collisions,Driver,35 to 39,None,0,East,Taxi,Going Ahead,Other,Normal, , , , , , ,Yes, ,Yes, , , , ,Yes,Yes,Yes, , , ,22,,,16,,423
-79.49169,43.628745,7542763,1328705,2012,2012-12-02T05:00:00.000Z,237,2,THE QUEENSWAY,PARK LAWN RD, ,Major Arterial,Etobicoke York,43.628745,-79.49169,Mid-Block, ,No Control,Clear,"Dark, artificial",Wet,Non-Fatal Injury,Pedestrian Collisions,Pedestrian,25 to 29,Major,0,South,Other, , , ,Pedestrian hit at mid-block,"Crossing, no Traffic Control",Had Been Drinking, , , ,Yes, ,Yes, , , , ,Yes,Yes,Yes, , , ,22,,,16,,424
-79.464519,43.665332,80782301,7001366288,2017,2017-07-30T04:00:00.000Z,237,2,DUNDAS ST W,KEELE ST, ,Major Arterial,Toronto and East York,43.665332,-79.464519,Intersection,At Intersection,Traffic Signal,Clear,Dark,Dry,Non-Fatal Injury,Angle,Driver,55 to 59,Minimal,0,North,"Automobile, Station Wagon",Going Ahead,Other,"Ability Impaired, Alcohol Over .08", , , , , , , , ,Yes, , , , , ,Yes,Yes, ,Yes, ,11,,,90,,425
-79.464519,43.665332,80782302,7001366288,2017,2017-07-30T04:00:00.000Z,237,2,DUNDAS ST W,KEELE ST, ,Major Arterial,Toronto and East York,43.665332,-79.464519,Intersection,At Intersection,Traffic Signal,Clear,Dark,Dry,Non-Fatal Injury,Angle,Driver,60 to 64,Major,0,East,"Automobile, Station Wagon",Going Ahead,Driving Properly,Normal, , , , , , , , ,Yes, , , , , ,Yes,Yes, ,Yes, ,11,,,90,,426
-79.59799,43.686645,5243461,1106370,2009,2009-05-15T04:00:00.000Z,239,2,DIXON RD,CARLINGVIEW DR, ,Major Arterial,Etobicoke York,43.686645,-79.59799,Mid-Block, ,No Control,Clear,Dark,Dry,Non-Fatal Injury,Pedestrian Collisions,Driver,unknown,None,0,West,"Automobile, Station Wagon",Going Ahead,Exceeding Speed Limit,Unknown, , , , , , ,Yes, ,Yes, , , , , ,Yes,Yes, , , ,23,,,1,,427
-79.59799,43.686645,5243462,1106370,2009,2009-05-15T04:00:00.000Z,239,2,DIXON RD,CARLINGVIEW DR, ,Major Arterial,Etobicoke York,43.686645,-79.59799,Mid-Block, ,No Control,Clear,Dark,Dry,Non-Fatal Injury,Pedestrian Collisions,Pedestrian,35 to 39,Major,0,North,Other, , , ,Pedestrian hit at mid-block,"Crossing, no Traffic Control","Ability Impaired, Alcohol Over .80", , , ,Yes, ,Yes, , , , , ,Yes,Yes, , , ,23,,,1,,428
-79.40979,43.661545,6187958,1188104,2010,2010-07-17T04:00:00.000Z,240,2,HARBORD ST,BATHURST ST, ,Major Arterial,Toronto and East York,43.661545,-79.40979,Intersection,At Intersection,Traffic Signal,Clear,Dark,Dry,Non-Fatal Injury,Pedestrian Collisions,Driver,25 to 29,None,0,South,"Automobile, Station Wagon",Going Ahead,Exceeding Speed Limit,Normal, , , , , , ,Yes, ,Yes, , , , , ,Yes,Yes, , , ,14,,,80,,429
-79.40979,43.661545,6187959,1188104,2010,2010-07-17T04:00:00.000Z,240,2,HARBORD ST,BATHURST ST, ,Major Arterial,Toronto and East York,43.661545,-79.40979,Intersection,At Intersection,Traffic Signal,Clear,Dark,Dry,Non-Fatal Injury,Pedestrian Collisions,Driver,25 to 29,None,0,North,"Automobile, Station Wagon",Turning Left,Failed to Yield Right of Way,Unknown, , , , , , ,Yes, ,Yes, , , , , ,Yes,Yes, , , ,14,,,80,,430
-79.40979,43.661545,6187960,1188104,2010,2010-07-17T04:00:00.000Z,240,2,HARBORD ST,BATHURST ST, ,Major Arterial,Toronto and East York,43.661545,-79.40979,Intersection,At Intersection,Traffic Signal,Clear,Dark,Dry,Non-Fatal Injury,Pedestrian Collisions,Pedestrian,20 to 24,Major,0,Unknown,Other, , , ,Pedestrian hit on sidewalk or shoulder,On Sidewalk or Shoulder,Inattentive, , , ,Yes, ,Yes, , , , , ,Yes,Yes, , , ,14,,,80,,431
-79.40979,43.661545,6187961,1188104,2010,2010-07-17T04:00:00.000Z,240,2,HARBORD ST,BATHURST ST, ,Major Arterial,Toronto and East York,43.661545,-79.40979,Intersection,At Intersection,Traffic Signal,Clear,Dark,Dry,Non-Fatal Injury,Pedestrian Collisions,Pedestrian,50 to 54,Major,0,Unknown,Other, , , ,Pedestrian hit on sidewalk or shoulder,On Sidewalk or Shoulder,Normal, , , ,Yes, ,Yes, , , , , ,Yes,Yes, , , ,14,,,80,,432
-79.490337,43.608233,80542741,6000946578,2016,2016-06-01T04:00:00.000Z,240,2,LAKE SHORE BLVD W,MILES RD,30 m West of,Major Arterial,Etobicoke York,43.608233,-79.490337,Intersection,At Intersection,No Control,Clear,"Dark, artificial",Dry,Non-Fatal Injury,SMV Other,Driver,20 to 24,Minimal,0,East,"Automobile, Station Wagon",Going Ahead,Lost control,Had Been Drinking, , , , , , , , ,Yes, , , , ,Yes,Yes,Yes, , , ,22,,,17,,433
-79.490337,43.608233,80542742,6000946578,2016,2016-06-01T04:00:00.000Z,240,2,LAKE SHORE BLVD W,MILES RD,30 m West of,Major Arterial,Etobicoke York,43.608233,-79.490337,Intersection,At Intersection,No Control,Clear,"Dark, artificial",Dry,Non-Fatal Injury,SMV Other,Passenger,25 to 29,Minimal,0, , , , , , , , , , , , , ,Yes, , , , ,Yes,Yes,Yes, , , ,22,,,17,,434
-79.490337,43.608233,80542743,6000946578,2016,2016-06-01T04:00:00.000Z,240,2,LAKE SHORE BLVD W,MILES RD,30 m West of,Major Arterial,Etobicoke York,43.608233,-79.490337,Intersection,At Intersection,No Control,Clear,"Dark, artificial",Dry,Non-Fatal Injury,SMV Other,Passenger,25 to 29,Minimal,0, , , , , , , , , , , , , ,Yes, , , , ,Yes,Yes,Yes, , , ,22,,,17,,435
-79.490337,43.608233,80542744,6000946578,2016,2016-06-01T04:00:00.000Z,240,2,LAKE SHORE BLVD W,MILES RD,30 m West of,Major Arterial,Etobicoke York,43.608233,-79.490337,Intersection,At Intersection,No Control,Clear,"Dark, artificial",Dry,Non-Fatal Injury,SMV Other,Passenger,20 to 24,Major,0, , , , , , , , , , , , , ,Yes, , , , ,Yes,Yes,Yes, , , ,22,,,17,,436
-79.421954,43.643557,80150884,4001490210,2014,2014-02-08T05:00:00.000Z,241,2,QUEEN ST W,LISGAR ST, ,Major Arterial,Toronto and East York,43.643557,-79.421954,Mid-Block,Non Intersection,No Control,Clear,"Dark, artificial",Slush,Non-Fatal Injury,Pedestrian Collisions,Driver,20 to 24,None,0,West,"Automobile, Station Wagon",Going Ahead,Exceeding Speed Limit,Unknown, , , , , , ,Yes, ,Yes, , , , ,Yes,Yes,Yes, , , ,14,,,82,,437
-79.421954,43.643557,80150885,4001490210,2014,2014-02-08T05:00:00.000Z,241,2,QUEEN ST W,LISGAR ST, ,Major Arterial,Toronto and East York,43.643557,-79.421954,Mid-Block,Non Intersection,No Control,Clear,"Dark, artificial",Slush,Non-Fatal Injury,Pedestrian Collisions,Driver,25 to 29,None,0,West,"Automobile, Station Wagon",Overtaking,Failed to Yield Right of Way,Normal, , , , , , ,Yes, ,Yes, , , , ,Yes,Yes,Yes, , , ,14,,,82,,438
-79.421954,43.643557,80150886,4001490210,2014,2014-02-08T05:00:00.000Z,241,2,QUEEN ST W,LISGAR ST, ,Major Arterial,Toronto and East York,43.643557,-79.421954,Mid-Block,Non Intersection,No Control,Clear,"Dark, artificial",Slush,Non-Fatal Injury,Pedestrian Collisions,Passenger,unknown,None,0, , , , , , , , , , , ,Yes, ,Yes, , , , ,Yes,Yes,Yes, , , ,14,,,82,,439
-79.421954,43.643557,80150887,4001490210,2014,2014-02-08T05:00:00.000Z,241,2,QUEEN ST W,LISGAR ST, ,Major Arterial,Toronto and East York,43.643557,-79.421954,Mid-Block,Non Intersection,No Control,Clear,"Dark, artificial",Slush,Non-Fatal Injury,Pedestrian Collisions,Passenger,unknown,Minimal,0, , , , , , , , , , , ,Yes, ,Yes, , , , ,Yes,Yes,Yes, , , ,14,,,82,,440
-79.421954,43.643557,80150888,4001490210,2014,2014-02-08T05:00:00.000Z,241,2,QUEEN ST W,LISGAR ST, ,Major Arterial,Toronto and East York,43.643557,-79.421954,Mid-Block,Non Intersection,No Control,Clear,"Dark, artificial",Slush,Non-Fatal Injury,Pedestrian Collisions,Pedestrian,30 to 34,Major,0,Unknown, , , , ,Pedestrian hit at mid-block,Person Getting on/off Vehicle,Normal, , , ,Yes, ,Yes, , , , ,Yes,Yes,Yes, , , ,14,,,82,,441
-79.421954,43.643557,80150889,4001490210,2014,2014-02-08T05:00:00.000Z,241,2,QUEEN ST W,LISGAR ST, ,Major Arterial,Toronto and East York,43.643557,-79.421954,Mid-Block,Non Intersection,No Control,Clear,"Dark, artificial",Slush,Non-Fatal Injury,Pedestrian Collisions,Other,unknown,None,0, ,"Automobile, Station Wagon",Parked, , , , , , , , ,Yes, ,Yes, , , , ,Yes,Yes,Yes, , , ,14,,,82,,442
-79.42469,43.649445,5287878,1125793,2009,2009-09-20T04:00:00.000Z,244,2,DUNDAS ST W,DOVERCOURT RD, ,Minor Arterial,Toronto and East York,43.649445,-79.42469,Intersection,At Intersection,Traffic Signal,Clear,Dark,Dry,Non-Fatal Injury,Rear End,Driver,45 to 49,Major,0,East,"Automobile, Station Wagon",Going Ahead,Driving Properly,Normal, , , , , , , , ,Yes, , , , , ,Yes,Yes, ,Yes, ,14,,,81,,443
-79.42469,43.649445,5287879,1125793,2009,2009-09-20T04:00:00.000Z,244,2,DUNDAS ST W,DOVERCOURT RD, ,Minor Arterial,Toronto and East York,43.649445,-79.42469,Intersection,At Intersection,Traffic Signal,Clear,Dark,Dry,Non-Fatal Injury,Rear End,Driver,65 to 69,Major,0,West,"Automobile, Station Wagon",Going Ahead,Exceeding Speed Limit,"Ability Impaired, Alcohol Over .08", , , , , , , , ,Yes, , , , , ,Yes,Yes, ,Yes, ,14,,,81,,444
-79.42469,43.649445,5287880,1125793,2009,2009-09-20T04:00:00.000Z,244,2,DUNDAS ST W,DOVERCOURT RD, ,Minor Arterial,Toronto and East York,43.649445,-79.42469,Intersection,At Intersection,Traffic Signal,Clear,Dark,Dry,Non-Fatal Injury,Rear End,Driver,15 to 19,Major,0,West,"Automobile, Station Wagon",Going Ahead,Driving Properly,Normal, , , , , , , , ,Yes, , , , , ,Yes,Yes, ,Yes, ,14,,,81,,445
-79.42469,43.649445,5287881,1125793,2009,2009-09-20T04:00:00.000Z,244,2,DUNDAS ST W,DOVERCOURT RD, ,Minor Arterial,Toronto and East York,43.649445,-79.42469,Intersection,At Intersection,Traffic Signal,Clear,Dark,Dry,Non-Fatal Injury,Rear End,Driver,45 to 49,Major,0,East,"Automobile, Station Wagon",Going Ahead,Driving Properly,Normal, , , , , , , , ,Yes, , , , , ,Yes,Yes, ,Yes, ,14,,,81,,446
-79.42559,43.649445,5287882,1125794,2009,2009-09-20T04:00:00.000Z,244,2,DUNDAS ST W,COOLMINE RD, ,Minor Arterial,Toronto and East York,43.649445,-79.42559,Intersection,At Intersection,No Control,Clear,Dark,Dry,Non-Fatal Injury,Rear End,Driver,65 to 69,Major,0,West,"Automobile, Station Wagon",Going Ahead,Exceeding Speed Limit,"Ability Impaired, Alcohol Over .08", , , , , , , , ,Yes, , , , , ,Yes,Yes, ,Yes, ,14,,,84,,447
-79.42559,43.649445,5287883,1125794,2009,2009-09-20T04:00:00.000Z,244,2,DUNDAS ST W,COOLMINE RD, ,Minor Arterial,Toronto and East York,43.649445,-79.42559,Intersection,At Intersection,No Control,Clear,Dark,Dry,Non-Fatal Injury,Rear End,Driver,40 to 44,Major,0,East,"Automobile, Station Wagon",Going Ahead,Driving Properly,Normal, , , , , , , , ,Yes, , , , , ,Yes,Yes, ,Yes, ,14,,,84,,448
-79.42559,43.649445,5287884,1125794,2009,2009-09-20T04:00:00.000Z,244,2,DUNDAS ST W,COOLMINE RD, ,Minor Arterial,Toronto and East York,43.649445,-79.42559,Intersection,At Intersection,No Control,Clear,Dark,Dry,Non-Fatal Injury,Rear End,Driver,30 to 34,Major,0,West,"Automobile, Station Wagon",Going Ahead,Driving Properly,Normal, , , , , , , , ,Yes, , , , , ,Yes,Yes, ,Yes, ,14,,,84,,449
-79.499957,43.760993,80565902,6001154162,2016,2016-07-02T04:00:00.000Z,244,2,FINCH AVE W,SENTINEL RD, ,Major Arterial,Etobicoke York,43.760993,-79.499957,Intersection,At Intersection,Traffic Signal,Clear,"Dark, artificial",Dry,Non-Fatal Injury,Pedestrian Collisions,Driver,35 to 39,None,0,West,"Automobile, Station Wagon",Going Ahead,Failed to Yield Right of Way,Unknown, , , , , , ,Yes, ,Yes, , , , , ,Yes,Yes, , , ,31,,,27,,450
-79.499957,43.760993,80565903,6001154162,2016,2016-07-02T04:00:00.000Z,244,2,FINCH AVE W,SENTINEL RD, ,Major Arterial,Etobicoke York,43.760993,-79.499957,Intersection,At Intersection,Traffic Signal,Clear,"Dark, artificial",Dry,Non-Fatal Injury,Pedestrian Collisions,Pedestrian,20 to 24,Major,0,North, , , , ,Vehicle is going straight thru inter.while ped cross with ROW,Crossing with right of way,Had Been Drinking, , , ,Yes, ,Yes, , , , , ,Yes,Yes, , , ,31,,,27,,451
-79.494228,43.743098,7873218,1379704,2013,2013-10-09T04:00:00.000Z,245,2,SHEPPARD Ave W,SEELEY Dr, ,Major Arterial,North York,43.743098,-79.494228,Intersection, ,No Control,Clear,"Dark, artificial",Dry,Non-Fatal Injury,SMV Other,Passenger,20 to 24,Minor,0, ,Other, , , , , , , , , , , ,Yes, , , , ,Yes,Yes,Yes, , , ,31,,,26,,452
-79.494228,43.743098,7873219,1379704,2013,2013-10-09T04:00:00.000Z,245,2,SHEPPARD Ave W,SEELEY Dr, ,Major Arterial,North York,43.743098,-79.494228,Intersection, ,No Control,Clear,"Dark, artificial",Dry,Non-Fatal Injury,SMV Other,Driver,20 to 24,Major,0,West,"Automobile, Station Wagon",Going Ahead,Speed too Fast For Condition,Had Been Drinking, , , , , , , , ,Yes, , , , ,Yes,Yes,Yes, , , ,31,,,26,,453
-79.36219,43.690745,6150097,1171946,2010,2010-06-05T04:00:00.000Z,246,2,BAYVIEW AVE,POTTERY RD, ,Major Arterial,Toronto and East York,43.690745,-79.36219,Mid-Block, ,No Control,Rain,Dark,Wet,Non-Fatal Injury,SMV Other,Driver,30 to 34,Major,0,South,"Automobile, Station Wagon",Going Ahead,Speed too Fast For Condition,Normal, , , , , , , , ,Yes, , , , , ,Yes,Yes, , , ,53,,,56,,454
-79.36219,43.690745,6150098,1171946,2010,2010-06-05T04:00:00.000Z,246,2,BAYVIEW AVE,POTTERY RD, ,Major Arterial,Toronto and East York,43.690745,-79.36219,Mid-Block, ,No Control,Rain,Dark,Wet,Non-Fatal Injury,SMV Other,Other Property Owner,unknown, ,0, ,Other, , , , , , , , , , , ,Yes, , , , , ,Yes,Yes, , , ,53,,,56,,455
-79.400592,43.645659,80723928,6002135820,2016,2016-12-02T05:00:00.000Z,246,2,PORTLAND ST,ADELAIDE ST W,18 m North of,Major Arterial,Toronto and East York,43.645659,-79.400592,Intersection,Intersection Related,No Control,Clear,"Dark, artificial",Dry,Non-Fatal Injury,SMV Unattended Vehicle,Driver,20 to 24,Major,0,North,"Automobile, Station Wagon",Going Ahead,Lost control,Unknown, , , , , , , , ,Yes, , , , ,Yes,Yes,Yes, , , ,14,,,77,,456
-79.400592,43.645659,80723929,6002135820,2016,2016-12-02T05:00:00.000Z,246,2,PORTLAND ST,ADELAIDE ST W,18 m North of,Major Arterial,Toronto and East York,43.645659,-79.400592,Intersection,Intersection Related,No Control,Clear,"Dark, artificial",Dry,Non-Fatal Injury,SMV Unattended Vehicle,Passenger,20 to 24,Minor,0, , , , , , , , , , , , , ,Yes, , , , ,Yes,Yes,Yes, , , ,14,,,77,,457
-79.430691,43.647708,80942880,8000275432,2018,2018-02-13T05:00:00.000Z,247,2,DUFERIN ST,BANK ST,16 m South of,Minor Arterial,Toronto and East York,43.647708,-79.430691,Mid-Block,Non Intersection,No Control,Clear,"Dark, artificial",Dry,Non-Fatal Injury,SMV Unattended Vehicle,Driver,50 to 54,None,0,South,"Automobile, Station Wagon",Making U Turn,Driving Properly,Normal, , , , , , , , ,Yes, , , , , ,Yes,Yes, , , ,"11,14",,,84,,458