X,Y,Index_,ACCNUM,YEAR,DATE,TIME,Hour,STREET1,STREET2,OFFSET,ROAD_CLASS,District,LATITUDE,LONGITUDE,LOCCOORD,ACCLOC,TRAFFCTL,VISIBILITY,LIGHT,RDSFCOND,ACCLASS,IMPACTYPE,INVTYPE,INVAGE,INJURY,FATAL_NO,INITDIR,VEHTYPE,MANOEUVER,DRIVACT,DRIVCOND,PEDTYPE,PEDACT,PEDCOND,CYCLISTYPE,CYCACT,CYCCOND,PEDESTRIAN,CYCLIST,AUTOMOBILE,MOTORCYCLE,TRUCK,TRSN_CITY_,EMERG_VEH,PASSENGER,SPEEDING,AG_DRIV,REDLIGHT,ALCOHOL,DISABILITY,Division,Ward_Name,Ward_ID,Hood_ID,Hood_Name,ObjectId
-79.430691,43.647708,80942881,8000275432,2018,2018-02-13T05:00:00.000Z,247,2,DUFERIN ST,BANK ST,16 m South of,Minor Arterial,Toronto and East York,43.647708,-79.430691,Mid-Block,Non Intersection,No Control,Clear,"Dark, artificial",Dry,Non-Fatal Injury,SMV Unattended Vehicle,Driver,20 to 24,Major,0,North,"Automobile, Station Wagon",Going Ahead,Exceeding Speed Limit,Unknown, , , , , , , , ,Yes, , , , , ,Yes,Yes, , , ,"11,14",,,84,,459
-79.49929,43.666045,5394102,1053634,2008,2008-08-18T04:00:00.000Z,250,2,SCARLETT RD,ST CLAIR AVE W, ,Major Arterial,Toronto and East York,43.666045,-79.49929,Intersection, ,Traffic Signal,Clear,Dark,Dry,Non-Fatal Injury,SMV Other,Driver,80 to 84,Major,0,South,"Automobile, Station Wagon",Going Ahead,Other,Other, , , , , , , , ,Yes, , , , , ,Yes,Yes, , , ,"12,11",,,111,,460
-79.197955,43.84878,80546946,6001433140,2016,2016-08-14T04:00:00.000Z,250,2,STEELES AVE E,REESOR RD, ,Minor Arterial,Scarborough,43.84878,-79.197955,Mid-Block,Non Intersection,No Control,Clear,Dark,Dry,Fatal,Approaching,Driver,20 to 24,Fatal,52,East,"Automobile, Station Wagon",Going Ahead,Driving Properly,Normal, , , , , , , , ,Yes, , , , ,Yes,Yes,Yes, , , ,42,,,131,,461
-79.197955,43.84878,80546947,6001433140,2016,2016-08-14T04:00:00.000Z,250,2,STEELES AVE E,REESOR RD, ,Minor Arterial,Scarborough,43.84878,-79.197955,Mid-Block,Non Intersection,No Control,Clear,Dark,Dry,Fatal,Approaching,Passenger,20 to 24,Minor,0, ,"Automobile, Station Wagon", , , , , , , , , , , ,Yes, , , , ,Yes,Yes,Yes, , , ,42,,,131,,462
-79.197955,43.84878,80546948,6001433140,2016,2016-08-14T04:00:00.000Z,250,2,STEELES AVE E,REESOR RD, ,Minor Arterial,Scarborough,43.84878,-79.197955,Mid-Block,Non Intersection,No Control,Clear,Dark,Dry,Fatal,Approaching,Driver,30 to 34,Minimal,0,West,"Automobile, Station Wagon",Going Ahead,Driving Properly,Normal, , , , , , , , ,Yes, , , , ,Yes,Yes,Yes, , , ,42,,,131,,463
-79.197955,43.84878,80554861,6001433140,2016,2016-08-14T04:00:00.000Z,250,2,STEELES AVE E,REESOR RD, ,Minor Arterial,Scarborough,43.84878,-79.197955,Mid-Block,Non Intersection,No Control,Clear,Dark,Dry,Fatal,Approaching,Driver,55 to 59,Minor,0,West,Pick Up Truck,Overtaking,Improper Passing,Had Been Drinking, , , , , , , , ,Yes, , , , ,Yes,Yes,Yes, , , ,42,,,131,,464
-79.28625,43.803679,80722731,6002090598,2016,2016-11-25T05:00:00.000Z,251,2,FINCH AVE E,MIDLAND AVE, ,Major Arterial,Scarborough,43.803679,-79.28625,Intersection,At Intersection,Traffic Signal,"Fog, Mist, Smoke, Dust","Dark, artificial",Wet,Non-Fatal Injury,Turning Movement,Driver,20 to 24,None,0,West,"Automobile, Station Wagon",Going Ahead,Exceeding Speed Limit,Normal, , , , , , , , ,Yes, , , , ,Yes,Yes,Yes, , , ,42,,,129,,465
-79.28625,43.803679,80722732,6002090598,2016,2016-11-25T05:00:00.000Z,251,2,FINCH AVE E,MIDLAND AVE, ,Major Arterial,Scarborough,43.803679,-79.28625,Intersection,At Intersection,Traffic Signal,"Fog, Mist, Smoke, Dust","Dark, artificial",Wet,Non-Fatal Injury,Turning Movement,Driver,20 to 24,Major,0,East,"Automobile, Station Wagon",Turning Left,Driving Properly,Normal, , , , , , , , ,Yes, , , , ,Yes,Yes,Yes, , , ,42,,,129,,466
-79.28625,43.803679,80722733,6002090598,2016,2016-11-25T05:00:00.000Z,251,2,FINCH AVE E,MIDLAND AVE, ,Major Arterial,Scarborough,43.803679,-79.28625,Intersection,At Intersection,Traffic Signal,"Fog, Mist, Smoke, Dust","Dark, artificial",Wet,Non-Fatal Injury,Turning Movement,Passenger,20 to 24,Minimal,0, , , , , , , , , , , , , ,Yes, , , , ,Yes,Yes,Yes, , , ,42,,,129,,467
-79.28625,43.803679,80722734,6002090598,2016,2016-11-25T05:00:00.000Z,251,2,FINCH AVE E,MIDLAND AVE, ,Major Arterial,Scarborough,43.803679,-79.28625,Intersection,At Intersection,Traffic Signal,"Fog, Mist, Smoke, Dust","Dark, artificial",Wet,Non-Fatal Injury,Turning Movement,Passenger,15 to 19,None,0, , , , , , , , , , , , , ,Yes, , , , ,Yes,Yes,Yes, , , ,42,,,129,,468
-79.28625,43.803679,80722735,6002090598,2016,2016-11-25T05:00:00.000Z,251,2,FINCH AVE E,MIDLAND AVE, ,Major Arterial,Scarborough,43.803679,-79.28625,Intersection,At Intersection,Traffic Signal,"Fog, Mist, Smoke, Dust","Dark, artificial",Wet,Non-Fatal Injury,Turning Movement,Passenger,25 to 29,None,0, , , , , , , , , , , , , ,Yes, , , , ,Yes,Yes,Yes, , , ,42,,,129,,469
-79.28625,43.803679,80722736,6002090598,2016,2016-11-25T05:00:00.000Z,251,2,FINCH AVE E,MIDLAND AVE, ,Major Arterial,Scarborough,43.803679,-79.28625,Intersection,At Intersection,Traffic Signal,"Fog, Mist, Smoke, Dust","Dark, artificial",Wet,Non-Fatal Injury,Turning Movement,Passenger,15 to 19,Minimal,0, , , , , , , , , , , , , ,Yes, , , , ,Yes,Yes,Yes, , , ,42,,,129,,470
-79.397746,43.745097,80681740,7000487878,2017,2017-03-19T04:00:00.000Z,255,2,106 YORK MILLS RD, , ,Major Arterial,North York,43.745097,-79.397746,Mid-Block,Non Intersection,No Control,Clear,"Dark, artificial",Wet,Fatal,SMV Other,Driver,45 to 49,Fatal,13,West,"Automobile, Station Wagon",Going Ahead,Driving Properly,Normal, , , , , , , , ,Yes, , , , , ,Yes,Yes, , , ,32,,,41,,471
-79.397746,43.745097,80681741,7000487878,2017,2017-03-19T04:00:00.000Z,255,2,106 YORK MILLS RD, , ,Major Arterial,North York,43.745097,-79.397746,Mid-Block,Non Intersection,No Control,Clear,"Dark, artificial",Wet,Fatal,SMV Other,Driver,15 to 19,Minimal,0,East,"Automobile, Station Wagon",Going Ahead,Lost control,Inattentive, , , , , , , , ,Yes, , , , , ,Yes,Yes, , , ,32,,,41,,472
-79.183063,43.773932,80768461,6002180149,2016,2016-12-09T05:00:00.000Z,255,2,KINGSTON RD,OLD KINGSTON RD, ,Major Arterial,Scarborough,43.773932,-79.183063,Intersection,At Intersection,Traffic Signal,Clear,"Dark, artificial",Wet,Non-Fatal Injury,SMV Other,Driver,20 to 24,Major,0,East,"Automobile, Station Wagon",Going Ahead,Lost control,"Ability Impaired, Alcohol", , , , , , , , ,Yes, , , , , ,Yes,Yes, ,Yes, ,43,,,136,,473
-79.435222,43.633078,80566412,6001932941,2016,2016-10-31T04:00:00.000Z,257,2,F G GARDINER XY  E,JAMESON AVE, ,Expressway,Toronto and East York,43.633078,-79.435222,Mid-Block,Non Intersection,No Control,Clear,Dark,Dry,Fatal,SMV Other,Driver,25 to 29,Fatal,68,East,"Automobile, Station Wagon",Going Ahead,Lost control,Unknown, , , , , , , , ,Yes, , , , , ,Yes,Yes, , , ,14,,,85,,474
-79.502467,43.622645,80000147,5000989979,2015,2015-06-13T04:00:00.000Z,300,3,F G GARDINER XY  W,ROYAL YORK RD, ,Expressway,Etobicoke York,43.622645,-79.502467,Mid-Block, ,No Control,Rain,Dark,Wet,Fatal,SMV Other,Driver,20 to 24,Fatal,30,West,"Automobile, Station Wagon",Going Ahead,Exceeding Speed Limit,Unknown, , , , , , , , ,Yes, , , , , ,Yes,Yes, , , ,22,,,16,,475
-79.24805,43.736624,80772188,7000355242,2017,2017-02-26T05:00:00.000Z,300,3,EGLINTON AVE E,BRIMLEY RD,30 m East of,Major Arterial,Scarborough,43.736624,-79.24805,Mid-Block,Intersection Related,No Control,Clear,"Dark, artificial",Dry,Non-Fatal Injury,Rear End,Driver,20 to 24,Minimal,0,East,"Automobile, Station Wagon",Going Ahead,Exceeding Speed Limit,"Ability Impaired, Alcohol Over .08", , , , , , , , ,Yes, , , , ,Yes,Yes,Yes, ,Yes, ,"41,43",,,124,,476
-79.24805,43.736624,80772189,7000355242,2017,2017-02-26T05:00:00.000Z,300,3,EGLINTON AVE E,BRIMLEY RD,30 m East of,Major Arterial,Scarborough,43.736624,-79.24805,Mid-Block,Intersection Related,No Control,Clear,"Dark, artificial",Dry,Non-Fatal Injury,Rear End,Driver,45 to 49,Major,0,East,"Automobile, Station Wagon",Going Ahead,Driving Properly,Normal, , , , , , , , ,Yes, , , , ,Yes,Yes,Yes, ,Yes, ,"41,43",,,124,,477
-79.24805,43.736624,80772190,7000355242,2017,2017-02-26T05:00:00.000Z,300,3,EGLINTON AVE E,BRIMLEY RD,30 m East of,Major Arterial,Scarborough,43.736624,-79.24805,Mid-Block,Intersection Related,No Control,Clear,"Dark, artificial",Dry,Non-Fatal Injury,Rear End,Passenger,20 to 24,Major,0, , , , , , , , , , , , , ,Yes, , , , ,Yes,Yes,Yes, ,Yes, ,"41,43",,,124,,478
-79.24805,43.736624,80772191,7000355242,2017,2017-02-26T05:00:00.000Z,300,3,EGLINTON AVE E,BRIMLEY RD,30 m East of,Major Arterial,Scarborough,43.736624,-79.24805,Mid-Block,Intersection Related,No Control,Clear,"Dark, artificial",Dry,Non-Fatal Injury,Rear End,Passenger,20 to 24,None,0, , , , , , , , , , , , , ,Yes, , , , ,Yes,Yes,Yes, ,Yes, ,"41,43",,,124,,479
-79.24805,43.736624,80772192,7000355242,2017,2017-02-26T05:00:00.000Z,300,3,EGLINTON AVE E,BRIMLEY RD,30 m East of,Major Arterial,Scarborough,43.736624,-79.24805,Mid-Block,Intersection Related,No Control,Clear,"Dark, artificial",Dry,Non-Fatal Injury,Rear End,Passenger,20 to 24,Minor,0, , , , , , , , , , , , , ,Yes, , , , ,Yes,Yes,Yes, ,Yes, ,"41,43",,,124,,480
-79.32679,43.722645,7404058,1289541,2012,2012-02-11T05:00:00.000Z,305,3,ST DENNIS Dr,LINKWOOD LANE, ,Minor Arterial,North York,43.722645,-79.32679,Mid-Block, ,No Control,Snow,"Dark, artificial",Loose Snow,Non-Fatal Injury,Approaching,Driver,55 to 59,Minor,0,South,"Automobile, Station Wagon",Going Ahead,Driving Properly,Normal, , , , , , , , ,Yes, , , , ,Yes,Yes,Yes, , , ,54,,,44,,481
-79.32679,43.722645,7404059,1289541,2012,2012-02-11T05:00:00.000Z,305,3,ST DENNIS Dr,LINKWOOD LANE, ,Minor Arterial,North York,43.722645,-79.32679,Mid-Block, ,No Control,Snow,"Dark, artificial",Loose Snow,Non-Fatal Injury,Approaching,Passenger,25 to 29,Major,0, ,Other, , , , , , , , , , , ,Yes, , , , ,Yes,Yes,Yes, , , ,54,,,44,,482
-79.32679,43.722645,7404060,1289541,2012,2012-02-11T05:00:00.000Z,305,3,ST DENNIS Dr,LINKWOOD LANE, ,Minor Arterial,North York,43.722645,-79.32679,Mid-Block, ,No Control,Snow,"Dark, artificial",Loose Snow,Non-Fatal Injury,Approaching,Driver,25 to 29,Minor,0,North,"Automobile, Station Wagon",Going Ahead,Speed too Fast For Condition,Had Been Drinking, , , , , , , , ,Yes, , , , ,Yes,Yes,Yes, , , ,54,,,44,,483
-79.577289,43.763743,7848906,1369173,2013,2013-08-03T04:00:00.000Z,305,3,STEELES AVE W,ISLINGTON AVE, ,Major Arterial,Etobicoke York,43.763743,-79.577289,Mid-Block, ,No Control,Clear,"Dark, artificial",Dry,Fatal,SMV Other,Driver,25 to 29,Fatal,27,East,"Automobile, Station Wagon",Going Ahead,Exceeding Speed Limit,"Ability Impaired, Alcohol Over .08", , , , , , , , ,Yes, , , , , ,Yes,Yes, ,Yes, ,31,,,21,,484
-79.577289,43.763743,7848907,1369173,2013,2013-08-03T04:00:00.000Z,305,3,STEELES AVE W,ISLINGTON AVE, ,Major Arterial,Etobicoke York,43.763743,-79.577289,Mid-Block, ,No Control,Clear,"Dark, artificial",Dry,Fatal,SMV Other,Other Property Owner,unknown, ,0, , , , , , , , , , , , , ,Yes, , , , , ,Yes,Yes, ,Yes, ,31,,,21,,485
-79.43719,43.664245,6182918,1186032,2010,2010-07-24T04:00:00.000Z,309,3,DUFFERIN ST,WALLACE AVE, ,Major Arterial,Toronto and East York,43.664245,-79.43719,Intersection, ,No Control,Clear,Daylight,Dry,Non-Fatal Injury,SMV Unattended Vehicle,Other,unknown,None,0,Unknown,Other,Parked, , , , , , , , , , ,Yes, , , , , ,Yes,Yes, ,Yes, ,"11,14",,,93,,486
-79.43719,43.664245,6182919,1186032,2010,2010-07-24T04:00:00.000Z,309,3,DUFFERIN ST,WALLACE AVE, ,Major Arterial,Toronto and East York,43.664245,-79.43719,Intersection, ,No Control,Clear,Daylight,Dry,Non-Fatal Injury,SMV Unattended Vehicle,Other,unknown,None,0,Unknown,Other,Parked, , , , , , , , , , ,Yes, , , , , ,Yes,Yes, ,Yes, ,"11,14",,,93,,487
-79.43719,43.664245,6182920,1186032,2010,2010-07-24T04:00:00.000Z,309,3,DUFFERIN ST,WALLACE AVE, ,Major Arterial,Toronto and East York,43.664245,-79.43719,Intersection, ,No Control,Clear,Daylight,Dry,Non-Fatal Injury,SMV Unattended Vehicle,Vehicle Owner,unknown, ,0, ,Other, , , , , , , , , , , ,Yes, , , , , ,Yes,Yes, ,Yes, ,"11,14",,,93,,488
-79.43719,43.664245,6182921,1186032,2010,2010-07-24T04:00:00.000Z,309,3,DUFFERIN ST,WALLACE AVE, ,Major Arterial,Toronto and East York,43.664245,-79.43719,Intersection, ,No Control,Clear,Daylight,Dry,Non-Fatal Injury,SMV Unattended Vehicle,Driver,25 to 29,Major,0,North,"Automobile, Station Wagon",Going Ahead,Lost control,"Ability Impaired, Alcohol", , , , , , , , ,Yes, , , , , ,Yes,Yes, ,Yes, ,"11,14",,,93,,489
-79.43719,43.664245,6182922,1186032,2010,2010-07-24T04:00:00.000Z,309,3,DUFFERIN ST,WALLACE AVE, ,Major Arterial,Toronto and East York,43.664245,-79.43719,Intersection, ,No Control,Clear,Daylight,Dry,Non-Fatal Injury,SMV Unattended Vehicle,Other,unknown,None,0,Unknown,Other,Parked, , , , , , , , , , ,Yes, , , , , ,Yes,Yes, ,Yes, ,"11,14",,,93,,490
-79.237544,43.769133,80629256,4002140437,2014,2014-05-24T04:00:00.000Z,319,3,BRIMORTON DR,ALBACORE CRES,48 m East of,Collector,Scarborough,43.769133,-79.237544,Mid-Block,Non Intersection,No Control,Clear,"Dark, artificial",Dry,Non-Fatal Injury,SMV Other,Driver,30 to 34,Minor,0,East,"Automobile, Station Wagon",Going Ahead,Lost control,Had Been Drinking, , , , , , , , ,Yes, , , , ,Yes,Yes,Yes, , , ,43,,,137,,491
-79.237544,43.769133,80629257,4002140437,2014,2014-05-24T04:00:00.000Z,319,3,BRIMORTON DR,ALBACORE CRES,48 m East of,Collector,Scarborough,43.769133,-79.237544,Mid-Block,Non Intersection,No Control,Clear,"Dark, artificial",Dry,Non-Fatal Injury,SMV Other,Passenger,40 to 44,Major,0, , , , , , , , , , , , , ,Yes, , , , ,Yes,Yes,Yes, , , ,43,,,137,,492
-79.15649,43.811645,5805914,1149839,2009,2009-12-31T05:00:00.000Z,322,3,TWYN RIVERS DR,SHEPPARD AVE E, ,Collector,Scarborough,43.811645,-79.15649,Mid-Block, ,No Control,Snow,Dark,Wet,Non-Fatal Injury,SMV Other,Passenger,45 to 49,Major,0, ,Other, , , , , , , , , , , ,Yes, , , , ,Yes,Yes,Yes, ,Yes, ,42,,,131,,493
-79.15649,43.811645,5805915,1149839,2009,2009-12-31T05:00:00.000Z,322,3,TWYN RIVERS DR,SHEPPARD AVE E, ,Collector,Scarborough,43.811645,-79.15649,Mid-Block, ,No Control,Snow,Dark,Wet,Non-Fatal Injury,SMV Other,Driver,35 to 39,None,0,South,"Automobile, Station Wagon",Going Ahead,Speed too Fast For Condition,"Ability Impaired, Alcohol Over .08", , , , , , , , ,Yes, , , , ,Yes,Yes,Yes, ,Yes, ,42,,,131,,494
-79.15649,43.811645,5805916,1149839,2009,2009-12-31T05:00:00.000Z,322,3,TWYN RIVERS DR,SHEPPARD AVE E, ,Collector,Scarborough,43.811645,-79.15649,Mid-Block, ,No Control,Snow,Dark,Wet,Non-Fatal Injury,SMV Other,Other Property Owner,unknown, ,0, ,Other, , , , , , , , , , , ,Yes, , , , ,Yes,Yes,Yes, ,Yes, ,42,,,131,,495
-79.314189,43.807944,7515508,1321216,2012,2012-10-21T04:00:00.000Z,325,3,MCNICOLL AVE,BIRCHMOUNT RD, ,Minor Arterial,Scarborough,43.807944,-79.314189,Mid-Block,At Intersection,No Control,Clear,"Dark, artificial",Dry,Fatal,SMV Other,Passenger,20 to 24,Fatal,36, ,Other, , , , , , , , , , , ,Yes, , , , ,Yes,Yes,Yes, ,Yes, ,42,,,116,,496
-79.314189,43.807944,7515509,1321216,2012,2012-10-21T04:00:00.000Z,325,3,MCNICOLL AVE,BIRCHMOUNT RD, ,Minor Arterial,Scarborough,43.807944,-79.314189,Mid-Block,At Intersection,No Control,Clear,"Dark, artificial",Dry,Fatal,SMV Other,Vehicle Owner,unknown, ,0, ,Other, , , , , , , , , , , ,Yes, , , , ,Yes,Yes,Yes, ,Yes, ,42,,,116,,497
-79.314189,43.807944,7515510,1321216,2012,2012-10-21T04:00:00.000Z,325,3,MCNICOLL AVE,BIRCHMOUNT RD, ,Minor Arterial,Scarborough,43.807944,-79.314189,Mid-Block,At Intersection,No Control,Clear,"Dark, artificial",Dry,Fatal,SMV Other,Driver,20 to 24,Minor,0,East,"Automobile, Station Wagon",Going Ahead,Exceeding Speed Limit,"Ability Impaired, Alcohol Over .08", , , , , , , , ,Yes, , , , ,Yes,Yes,Yes, ,Yes, ,42,,,116,,498
-79.513202,43.739379,80503019,6000607400,2016,2016-04-10T04:00:00.000Z,326,3,JANE ST,SHEPPARD AVE W, ,Major Arterial,North York,43.739379,-79.513202,Intersection,Intersection Related,Traffic Signal,Clear,"Dark, artificial",Dry,Fatal,Rear End,Passenger,20 to 24,Fatal,23, , , , , , , , , , , , , ,Yes, , , , ,Yes,Yes,Yes, , , ,31,,,25,,499
-79.513202,43.739379,80503077,6000607400,2016,2016-04-10T04:00:00.000Z,326,3,JANE ST,SHEPPARD AVE W, ,Major Arterial,North York,43.739379,-79.513202,Intersection,Intersection Related,Traffic Signal,Clear,"Dark, artificial",Dry,Fatal,Rear End,Passenger,20 to 24,Fatal,24, , , , , , , , , , , , , ,Yes, , , , ,Yes,Yes,Yes, , , ,31,,,25,,500
-79.513202,43.739379,80503078,6000607400,2016,2016-04-10T04:00:00.000Z,326,3,JANE ST,SHEPPARD AVE W, ,Major Arterial,North York,43.739379,-79.513202,Intersection,Intersection Related,Traffic Signal,Clear,"Dark, artificial",Dry,Fatal,Rear End,Passenger,15 to 19,Fatal,22, , , , , , , , , , , , , ,Yes, , , , ,Yes,Yes,Yes, , , ,31,,,25,,501
-79.513202,43.739379,80503079,6000607400,2016,2016-04-10T04:00:00.000Z,326,3,JANE ST,SHEPPARD AVE W, ,Major Arterial,North York,43.739379,-79.513202,Intersection,Intersection Related,Traffic Signal,Clear,"Dark, artificial",Dry,Fatal,Rear End,Passenger,20 to 24,Major,0, , , , , , , , , , , , , ,Yes, , , , ,Yes,Yes,Yes, , , ,31,,,25,,502
-79.513202,43.739379,80503080,6000607400,2016,2016-04-10T04:00:00.000Z,326,3,JANE ST,SHEPPARD AVE W, ,Major Arterial,North York,43.739379,-79.513202,Intersection,Intersection Related,Traffic Signal,Clear,"Dark, artificial",Dry,Fatal,Rear End,Driver,20 to 24,Major,0,South,"Automobile, Station Wagon",Changing Lanes,Speed too Fast For Condition,Had Been Drinking, , , , , , , , ,Yes, , , , ,Yes,Yes,Yes, , , ,31,,,25,,503
-79.513202,43.739379,80503081,6000607400,2016,2016-04-10T04:00:00.000Z,326,3,JANE ST,SHEPPARD AVE W, ,Major Arterial,North York,43.739379,-79.513202,Intersection,Intersection Related,Traffic Signal,Clear,"Dark, artificial",Dry,Fatal,Rear End,Driver,45 to 49,Minor,0,South,"Automobile, Station Wagon",Stopped,Driving Properly,Normal, , , , , , , , ,Yes, , , , ,Yes,Yes,Yes, , , ,31,,,25,,504
-79.247775,43.823924,80935083,7003072414,2017,2017-11-26T05:00:00.000Z,327,3,MARKHAM  RD,MCNICOLL AVE, ,Major Arterial,Scarborough,43.823924,-79.247775,Intersection,At Intersection,Traffic Signal,Clear,"Dark, artificial",Dry,Non-Fatal Injury,Turning Movement,Passenger,55 to 59,Major,0, , , , , , , , , , , , , ,Yes, , , , ,Yes,Yes,Yes, , , ,42,,,131,,505
-79.247775,43.823924,80935084,7003072414,2017,2017-11-26T05:00:00.000Z,327,3,MARKHAM  RD,MCNICOLL AVE, ,Major Arterial,Scarborough,43.823924,-79.247775,Intersection,At Intersection,Traffic Signal,Clear,"Dark, artificial",Dry,Non-Fatal Injury,Turning Movement,Passenger,85 to 89,Minor,0, , , , , , , , , , , , , ,Yes, , , , ,Yes,Yes,Yes, , , ,42,,,131,,506
-79.400638,43.638827,80497455,6000133147,2016,2016-01-23T05:00:00.000Z,35,0,BATHURST ST,FORT YORK BLVD, ,Major Arterial,Toronto and East York,43.638827,-79.400638,Intersection,At Intersection,Traffic Signal,Clear,"Dark, artificial",Dry,Non-Fatal Injury,Turning Movement,Passenger,20 to 24,Minimal,0, , , , , , , , , , , , , ,Yes, , , , ,Yes,Yes,Yes, , , ,14,,,77,,507
-79.247775,43.823924,80935085,7003072414,2017,2017-11-26T05:00:00.000Z,327,3,MARKHAM  RD,MCNICOLL AVE, ,Major Arterial,Scarborough,43.823924,-79.247775,Intersection,At Intersection,Traffic Signal,Clear,"Dark, artificial",Dry,Non-Fatal Injury,Turning Movement,Driver,60 to 64,Minor,0,North,"Automobile, Station Wagon",Going Ahead,Driving Properly,Normal, , , , , , , , ,Yes, , , , ,Yes,Yes,Yes, , , ,42,,,131,,508
-79.60999,43.744645,7792776,1345231,2013,2013-01-25T05:00:00.000Z,920,9,ALBION RD,HIGHWAY 27  S, ,Major Arterial,Etobicoke York,43.744645,-79.60999,Mid-Block, ,No Control,Clear,Daylight,Dry,Non-Fatal Injury,Rear End,Driver,25 to 29,Major,0,East,"Automobile, Station Wagon",Going Ahead,Speed too Fast For Condition,Inattentive, , , , , , , , ,Yes, ,Yes, , , ,Yes,Yes, , , ,23,,,1,,509
-79.247775,43.823924,80935086,7003072414,2017,2017-11-26T05:00:00.000Z,327,3,MARKHAM  RD,MCNICOLL AVE, ,Major Arterial,Scarborough,43.823924,-79.247775,Intersection,At Intersection,Traffic Signal,Clear,"Dark, artificial",Dry,Non-Fatal Injury,Turning Movement,Driver,unknown,None,0,South,"Automobile, Station Wagon",Turning Left,Improper Turn,Unknown, , , , , , , , ,Yes, , , , ,Yes,Yes,Yes, , , ,42,,,131,,510
-79.400638,43.638827,80497456,6000133147,2016,2016-01-23T05:00:00.000Z,35,0,BATHURST ST,FORT YORK BLVD, ,Major Arterial,Toronto and East York,43.638827,-79.400638,Intersection,At Intersection,Traffic Signal,Clear,"Dark, artificial",Dry,Non-Fatal Injury,Turning Movement,Passenger,20 to 24,Minimal,0, , , , , , , , , , , , , ,Yes, , , , ,Yes,Yes,Yes, , , ,14,,,77,,511
-79.60999,43.744645,7792777,1345231,2013,2013-01-25T05:00:00.000Z,920,9,ALBION RD,HIGHWAY 27  S, ,Major Arterial,Etobicoke York,43.744645,-79.60999,Mid-Block, ,No Control,Clear,Daylight,Dry,Non-Fatal Injury,Rear End,Trailer Owner,unknown, ,0, ,Other, , , , , , , , , , , ,Yes, ,Yes, , , ,Yes,Yes, , , ,23,,,1,,512
-79.42369,43.687645,5319794,1019958,2008,2008-01-11T05:00:00.000Z,328,3,VAUGHAN RD,KENWOOD AVE, ,Minor Arterial,Toronto and East York,43.687645,-79.42369,Intersection,At Intersection,Traffic Signal,Rain,Dark,Wet,Non-Fatal Injury,Angle,Passenger,15 to 19,Minor,0, ,Other, , , , , , , , , , , ,Yes, , , , ,Yes,Yes,Yes,Yes, , ,13,,,106,,513
-79.400638,43.638827,80497457,6000133147,2016,2016-01-23T05:00:00.000Z,35,0,BATHURST ST,FORT YORK BLVD, ,Major Arterial,Toronto and East York,43.638827,-79.400638,Intersection,At Intersection,Traffic Signal,Clear,"Dark, artificial",Dry,Non-Fatal Injury,Turning Movement,Passenger,20 to 24,None,0, , , , , , , , , , , , , ,Yes, , , , ,Yes,Yes,Yes, , , ,14,,,77,,514
-79.347087,43.738459,7894898,1388412,2013,2013-11-03T04:00:00.000Z,920,9,THE DONWAY  W,LAWRENCE AVE E, ,Minor Arterial,North York,43.738459,-79.347087,Mid-Block, ,No Control,Clear,Daylight,Dry,Non-Fatal Injury,SMV Other,Passenger,25 to 29,Major,0, ,Other, , , , , , , , , , , ,Yes, , , , ,Yes,Yes,Yes, , , ,33,,,42,,515
-79.42369,43.687645,5319795,1019958,2008,2008-01-11T05:00:00.000Z,328,3,VAUGHAN RD,KENWOOD AVE, ,Minor Arterial,Toronto and East York,43.687645,-79.42369,Intersection,At Intersection,Traffic Signal,Rain,Dark,Wet,Non-Fatal Injury,Angle,Passenger,20 to 24,Major,0, ,Other, , , , , , , , , , , ,Yes, , , , ,Yes,Yes,Yes,Yes, , ,13,,,106,,516
-79.236697,43.810794,80769408,6001592206,2016,2016-09-08T04:00:00.000Z,37,0,MELFORD DR,TAPSCOTT RD,80 m West of,Collector,Scarborough,43.810794,-79.236697,Mid-Block,Non Intersection,No Control,Rain,"Dark, artificial",Wet,Non-Fatal Injury,SMV Unattended Vehicle,Driver,50 to 54,None,0,East,"Automobile, Station Wagon",Going Ahead,Speed too Fast For Condition,Inattentive, , , , , , , , ,Yes, ,Yes, , ,Yes,Yes,Yes, , , ,42,,,132,,517
-79.347087,43.738459,7894899,1388412,2013,2013-11-03T04:00:00.000Z,920,9,THE DONWAY  W,LAWRENCE AVE E, ,Minor Arterial,North York,43.738459,-79.347087,Mid-Block, ,No Control,Clear,Daylight,Dry,Non-Fatal Injury,SMV Other,Driver,20 to 24,Minor,0,North,"Automobile, Station Wagon",Going Ahead,Exceeding Speed Limit,Inattentive, , , , , , , , ,Yes, , , , ,Yes,Yes,Yes, , , ,33,,,42,,518
-79.42369,43.687645,5319796,1019958,2008,2008-01-11T05:00:00.000Z,328,3,VAUGHAN RD,KENWOOD AVE, ,Minor Arterial,Toronto and East York,43.687645,-79.42369,Intersection,At Intersection,Traffic Signal,Rain,Dark,Wet,Non-Fatal Injury,Angle,Driver,20 to 24,Minor,0,West,"Automobile, Station Wagon",Going Ahead,Exceeding Speed Limit,Normal, , , , , , , , ,Yes, , , , ,Yes,Yes,Yes,Yes, , ,13,,,106,,519