X,Y,Index_,ACCNUM,YEAR,DATE,TIME,Hour,STREET1,STREET2,OFFSET,ROAD_CLASS,District,LATITUDE,LONGITUDE,LOCCOORD,ACCLOC,TRAFFCTL,VISIBILITY,LIGHT,RDSFCOND,ACCLASS,IMPACTYPE,INVTYPE,INVAGE,INJURY,FATAL_NO,INITDIR,VEHTYPE,MANOEUVER,DRIVACT,DRIVCOND,PEDTYPE,PEDACT,PEDCOND,CYCLISTYPE,CYCACT,CYCCOND,PEDESTRIAN,CYCLIST,AUTOMOBILE,MOTORCYCLE,TRUCK,TRSN_CITY_,EMERG_VEH,PASSENGER,SPEEDING,AG_DRIV,REDLIGHT,ALCOHOL,DISABILITY,Division,Ward_Name,Ward_ID,Hood_ID,Hood_Name,ObjectId
-79.236697,43.810794,80769437,6001592206,2016,2016-09-08T04:00:00.000Z,37,0,MELFORD DR,TAPSCOTT RD,80 m West of,Collector,Scarborough,43.810794,-79.236697,Mid-Block,Non Intersection,No Control,Rain,"Dark, artificial",Wet,Non-Fatal Injury,SMV Unattended Vehicle,Other,unknown,None,0,East,Truck - Dump,Parked, , , , , , , , , , ,Yes, ,Yes, , ,Yes,Yes,Yes, , , ,42,,,132,,520
-79.347087,43.738459,7894900,1388412,2013,2013-11-03T04:00:00.000Z,920,9,THE DONWAY  W,LAWRENCE AVE E, ,Minor Arterial,North York,43.738459,-79.347087,Mid-Block, ,No Control,Clear,Daylight,Dry,Non-Fatal Injury,SMV Other,Other Property Owner,unknown, ,0, ,Other, , , , , , , , , , , ,Yes, , , , ,Yes,Yes,Yes, , , ,33,,,42,,521
-79.337711,43.700286,80218522,4002919707,2014,2014-09-16T04:00:00.000Z,932,9,DVP S DON MILLS S RAMP RD,DON MILLS RD,10 m South of,Expressway,Toronto and East York,43.700286,-79.337711,Mid-Block,Overpass or Bridge,No Control,Clear,Daylight,Dry,Non-Fatal Injury,SMV Other,Truck Driver,50 to 54,Major,0,South,Truck (other),Going Ahead,Speed too Fast For Condition,Normal, , , , , , , , , , ,Yes, , , ,Yes,Yes, , , ,54,,,58,,522
-79.34899,43.650745,6218312,1200931,2010,2010-11-11T05:00:00.000Z,934,9,F G GARDINER Expr W,DON VALLEY PARKWAY  N, ,Expressway,Toronto and East York,43.650745,-79.34899,Mid-Block, ,No Control,Clear,Daylight,Dry,Non-Fatal Injury,SMV Other,Motorcycle Driver,25 to 29,Major,0,West,Motorcycle,Going Ahead,Lost control,Normal, , , , , , , , , ,Yes, , , , ,Yes,Yes, , , ,51,,,77,,523
-79.31869,43.801445,6649185,1242638,2011,2011-05-18T04:00:00.000Z,934,9,WARDEN AVE,BRIDLETOWNE CRCL, ,Major Arterial,Scarborough,43.801445,-79.31869,Intersection,At Intersection,Traffic Signal,Rain,Daylight,Wet,Non-Fatal Injury,Rear End,Driver,45 to 49,Major,0,North,"Automobile, Station Wagon",Going Ahead,Speed too Fast For Condition,Normal, , , , , , , , ,Yes, , , , , ,Yes,Yes, , , ,42,,,117,,524
-79.31869,43.801445,6649186,1242638,2011,2011-05-18T04:00:00.000Z,934,9,WARDEN AVE,BRIDLETOWNE CRCL, ,Major Arterial,Scarborough,43.801445,-79.31869,Intersection,At Intersection,Traffic Signal,Rain,Daylight,Wet,Non-Fatal Injury,Rear End,Driver,40 to 44,Minor,0,North,"Automobile, Station Wagon",Stopped,Driving Properly,Normal, , , , , , , , ,Yes, , , , , ,Yes,Yes, , , ,42,,,117,,525
-79.372791,43.652632,80772695,7000267446,2017,2017-02-12T05:00:00.000Z,936,9,RICHMOND ST E,JARVIS ST, ,Major Arterial,Toronto and East York,43.652632,-79.372791,Intersection,At Intersection,Traffic Signal,Rain,Daylight,Packed Snow,Non-Fatal Injury,Pedestrian Collisions,Driver,30 to 34,None,0,West,"Automobile, Station Wagon",Going Ahead,Speed too Fast For Condition,Normal, , , , , , ,Yes, ,Yes, , , , ,Yes,Yes,Yes, , , ,51,,,73,,526
-79.372791,43.652632,80772696,7000267446,2017,2017-02-12T05:00:00.000Z,936,9,RICHMOND ST E,JARVIS ST, ,Major Arterial,Toronto and East York,43.652632,-79.372791,Intersection,At Intersection,Traffic Signal,Rain,Daylight,Packed Snow,Non-Fatal Injury,Pedestrian Collisions,Passenger,40 to 44,None,0, , , , , , , , , , , ,Yes, ,Yes, , , , ,Yes,Yes,Yes, , , ,51,,,73,,527
-79.372791,43.652632,80772697,7000267446,2017,2017-02-12T05:00:00.000Z,936,9,RICHMOND ST E,JARVIS ST, ,Major Arterial,Toronto and East York,43.652632,-79.372791,Intersection,At Intersection,Traffic Signal,Rain,Daylight,Packed Snow,Non-Fatal Injury,Pedestrian Collisions,Pedestrian,60 to 64,Major,0,Unknown, , , , ,Pedestrian hit on sidewalk or shoulder,On Sidewalk or Shoulder,Normal, , , ,Yes, ,Yes, , , , ,Yes,Yes,Yes, , , ,51,,,73,,528
-79.467212,43.751868,8000010,3001005166,2013,2013-11-20T05:00:00.000Z,937,9,SHEPPARD AVE W,KODIAK CRES, ,Major Arterial,North York,43.751868,-79.467212,Intersection, ,Traffic Signal,Clear,Daylight,Dry,Fatal,Cyclist Collisions,Cyclist,20 to 24,Fatal,54,West,Bicycle,Going Ahead, , , , , ,"Motorist without ROW drives into path of cyclist at inter, lnwy, dwy-Driver not turn.",Driving Properly,Normal, ,Yes,Yes, , , , , ,Yes,Yes,Yes, , ,32,,,26,,529
-79.467212,43.751868,8000106,3001005166,2013,2013-11-20T05:00:00.000Z,937,9,SHEPPARD AVE W,KODIAK CRES, ,Major Arterial,North York,43.751868,-79.467212,Intersection, ,Traffic Signal,Clear,Daylight,Dry,Fatal,Cyclist Collisions,Driver,20 to 24, ,0,North,"Automobile, Station Wagon",Going Ahead,Disobeyed Traffic Control,Unknown, , , , , , , ,Yes,Yes, , , , , ,Yes,Yes,Yes, , ,32,,,26,,530
-79.38769,43.665645,5297991,1130210,2009,2009-09-16T04:00:00.000Z,950,9,BAY ST,ST JOSEPH ST, ,Major Arterial,Toronto and East York,43.665645,-79.38769,Intersection,At Intersection,Traffic Signal,Clear,Daylight,Dry,Non-Fatal Injury,Rear End,Motorcycle Driver,25 to 29,Major,0,South,Motorcycle,Slowing or Stopping,Following too Close,Inattentive, , , , , , , , ,Yes,Yes, , , , ,Yes,Yes, , , ,52,,,76,,531
-79.38769,43.665645,5297992,1130210,2009,2009-09-16T04:00:00.000Z,950,9,BAY ST,ST JOSEPH ST, ,Major Arterial,Toronto and East York,43.665645,-79.38769,Intersection,At Intersection,Traffic Signal,Clear,Daylight,Dry,Non-Fatal Injury,Rear End,Driver,50 to 54,None,0,South,"Automobile, Station Wagon",Stopped,Driving Properly,Normal, , , , , , , , ,Yes,Yes, , , , ,Yes,Yes, , , ,52,,,76,,532
-79.413997,43.789603,80485351,6000243323,2016,2016-02-10T05:00:00.000Z,954,9,WEDGEWOOD DR,TOBRUK CRES, ,Local,North York,43.789603,-79.413997,Intersection, ,Stop Sign,Clear,Daylight,Wet,Fatal,Pedestrian Collisions,Driver,45 to 49,Minimal,0,East,"Automobile, Station Wagon",Going Ahead,Lost control,Inattentive, , , , , , ,Yes, ,Yes, , , , , ,Yes,Yes, , , ,32,,,50,,533
-79.413997,43.789603,80485352,6000243323,2016,2016-02-10T05:00:00.000Z,954,9,WEDGEWOOD DR,TOBRUK CRES, ,Local,North York,43.789603,-79.413997,Intersection, ,Stop Sign,Clear,Daylight,Wet,Fatal,Pedestrian Collisions,Pedestrian,80 to 84,Fatal,12,West, , , , ,Pedestrian hit on sidewalk or shoulder,On Sidewalk or Shoulder,Normal, , , ,Yes, ,Yes, , , , , ,Yes,Yes, , , ,32,,,50,,534
-79.44969,43.748045,6118127,1158000,2010,2010-03-17T04:00:00.000Z,955,9,FAYWOOD Boul,BAINBRIDGE Aven, ,Collector,North York,43.748045,-79.44969,Intersection, ,Pedestrian Crossover,Clear,Daylight,Dry,Non-Fatal Injury,Pedestrian Collisions,Vehicle Owner,unknown, ,0, ,Other, , , , , , , , , ,Yes, ,Yes, , , , , ,Yes,Yes, , , ,32,,,33,,535
-79.44969,43.748045,6118128,1158000,2010,2010-03-17T04:00:00.000Z,955,9,FAYWOOD Boul,BAINBRIDGE Aven, ,Collector,North York,43.748045,-79.44969,Intersection, ,Pedestrian Crossover,Clear,Daylight,Dry,Non-Fatal Injury,Pedestrian Collisions,Driver,55 to 59,None,0,North,"Automobile, Station Wagon",Going Ahead,Failed to Yield Right of Way,Inattentive, , , , , , ,Yes, ,Yes, , , , , ,Yes,Yes, , , ,32,,,33,,536
-79.44969,43.748045,6118129,1158000,2010,2010-03-17T04:00:00.000Z,955,9,FAYWOOD Boul,BAINBRIDGE Aven, ,Collector,North York,43.748045,-79.44969,Intersection, ,Pedestrian Crossover,Clear,Daylight,Dry,Non-Fatal Injury,Pedestrian Collisions,Pedestrian,80 to 84,Major,0,East,Other, , , ,Pedestrian hit a PXO/ped. Mid-block signal,"Crossing, Pedestrian Crossover",Normal, , , ,Yes, ,Yes, , , , , ,Yes,Yes, , , ,32,,,33,,537
-79.47489,43.689745,6811178,1283294,2011,2011-12-25T05:00:00.000Z,1000,10,1971 KEELE St, , ,Major Arterial,Etobicoke York,43.689745,-79.47489,Mid-Block, ,No Control,Clear,Daylight,Dry,Non-Fatal Injury,Pedestrian Collisions,Driver,25 to 29,None,0,West,"Automobile, Station Wagon",Going Ahead,Other,Had Been Drinking, , , , , , ,Yes, ,Yes, , , , , ,Yes,Yes, , , ,12,,,110,,538
-79.47489,43.689745,6811179,1283294,2011,2011-12-25T05:00:00.000Z,1000,10,1971 KEELE St, , ,Major Arterial,Etobicoke York,43.689745,-79.47489,Mid-Block, ,No Control,Clear,Daylight,Dry,Non-Fatal Injury,Pedestrian Collisions,Pedestrian,30 to 34,Major,0,Unknown,Other, , , ,Pedestrian hit at mid-block,"Crossing, no Traffic Control", , , , ,Yes, ,Yes, , , , , ,Yes,Yes, , , ,12,,,110,,539
-79.388652,43.76937,80486872,5001213317,2015,2015-07-17T04:00:00.000Z,1001,10,BAYVIEW AVE,BAYVIEW MEWS LANE, ,Major Arterial,North York,43.76937,-79.388652,Intersection,Intersection Related,Traffic Signal,Clear,Daylight,Dry,Non-Fatal Injury,Turning Movement,Driver,75 to 79,Major,0,South,"Automobile, Station Wagon",Turning Left,Improper Turn,Inattentive, , , , , , , , ,Yes, , , , , ,Yes,Yes, , , ,"33,32",,,52,,540
-79.388652,43.76937,80486873,5001213317,2015,2015-07-17T04:00:00.000Z,1001,10,BAYVIEW AVE,BAYVIEW MEWS LANE, ,Major Arterial,North York,43.76937,-79.388652,Intersection,Intersection Related,Traffic Signal,Clear,Daylight,Dry,Non-Fatal Injury,Turning Movement,Driver,25 to 29,None,0,North,Pick Up Truck,Going Ahead,Speed too Fast For Condition,Normal, , , , , , , , ,Yes, , , , , ,Yes,Yes, , , ,"33,32",,,52,,541
-79.453021,43.790801,80206543,4001856099,2014,2014-04-09T04:00:00.000Z,1005,10,STEELES AVE W,TORRESDALE AVE, ,Major Arterial,North York,43.790801,-79.453021,Intersection,At Intersection,Traffic Signal,Clear,Daylight,Dry,Non-Fatal Injury,Turning Movement,Driver,60 to 64,Major,0,West,"Automobile, Station Wagon",Turning Left,Failed to Yield Right of Way,Normal, , , , , , , , ,Yes, , , , ,Yes,Yes,Yes, , , ,32,,,35,,542
-79.453021,43.790801,80206544,4001856099,2014,2014-04-09T04:00:00.000Z,1005,10,STEELES AVE W,TORRESDALE AVE, ,Major Arterial,North York,43.790801,-79.453021,Intersection,At Intersection,Traffic Signal,Clear,Daylight,Dry,Non-Fatal Injury,Turning Movement,Driver,15 to 19,Minimal,0,East,"Automobile, Station Wagon",Going Ahead,Exceeding Speed Limit,Normal, , , , , , , , ,Yes, , , , ,Yes,Yes,Yes, , , ,32,,,35,,543
-79.453021,43.790801,80206545,4001856099,2014,2014-04-09T04:00:00.000Z,1005,10,STEELES AVE W,TORRESDALE AVE, ,Major Arterial,North York,43.790801,-79.453021,Intersection,At Intersection,Traffic Signal,Clear,Daylight,Dry,Non-Fatal Injury,Turning Movement,Passenger,15 to 19,Minor,0, , , , , , , , , , , , , ,Yes, , , , ,Yes,Yes,Yes, , , ,32,,,35,,544
-79.453021,43.790801,80206546,4001856099,2014,2014-04-09T04:00:00.000Z,1005,10,STEELES AVE W,TORRESDALE AVE, ,Major Arterial,North York,43.790801,-79.453021,Intersection,At Intersection,Traffic Signal,Clear,Daylight,Dry,Non-Fatal Injury,Turning Movement,Passenger,15 to 19,Minor,0, , , , , , , , , , , , , ,Yes, , , , ,Yes,Yes,Yes, , , ,32,,,35,,545
-79.453021,43.790801,80206547,4001856099,2014,2014-04-09T04:00:00.000Z,1005,10,STEELES AVE W,TORRESDALE AVE, ,Major Arterial,North York,43.790801,-79.453021,Intersection,At Intersection,Traffic Signal,Clear,Daylight,Dry,Non-Fatal Injury,Turning Movement,Passenger,15 to 19,Minor,0, , , , , , , , , , , , , ,Yes, , , , ,Yes,Yes,Yes, , , ,32,,,35,,546
-79.453021,43.790801,80206548,4001856099,2014,2014-04-09T04:00:00.000Z,1005,10,STEELES AVE W,TORRESDALE AVE, ,Major Arterial,North York,43.790801,-79.453021,Intersection,At Intersection,Traffic Signal,Clear,Daylight,Dry,Non-Fatal Injury,Turning Movement,Passenger,15 to 19,Minor,0, , , , , , , , , , , , , ,Yes, , , , ,Yes,Yes,Yes, , , ,32,,,35,,547
-79.244701,43.737418,80198600,3001029733,2013,2013-11-24T05:00:00.000Z,1018,10,EGLINTON AVE E,OSWEGO RD, ,Major Arterial,Scarborough,43.737418,-79.244701,Mid-Block,Non Intersection,No Control,Clear,Daylight,Dry,Fatal,Approaching,Driver,40 to 44,None,0,West,"Automobile, Station Wagon",Changing Lanes,Speed too Fast For Condition,Normal, , , , , , , , ,Yes, , , , ,Yes,Yes,Yes, , , ,43,,,138,,548
-79.244701,43.737418,80198601,3001029733,2013,2013-11-24T05:00:00.000Z,1018,10,EGLINTON AVE E,OSWEGO RD, ,Major Arterial,Scarborough,43.737418,-79.244701,Mid-Block,Non Intersection,No Control,Clear,Daylight,Dry,Fatal,Approaching,Driver,45 to 49,Minor,0,East,"Automobile, Station Wagon",Going Ahead,Driving Properly,Normal, , , , , , , , ,Yes, , , , ,Yes,Yes,Yes, , , ,43,,,138,,549
-79.244701,43.737418,80198602,3001029733,2013,2013-11-24T05:00:00.000Z,1018,10,EGLINTON AVE E,OSWEGO RD, ,Major Arterial,Scarborough,43.737418,-79.244701,Mid-Block,Non Intersection,No Control,Clear,Daylight,Dry,Fatal,Approaching,Passenger,30 to 34,None,0, , , , , , , , , , , , , ,Yes, , , , ,Yes,Yes,Yes, , , ,43,,,138,,550
-79.244701,43.737418,80198604,3001029733,2013,2013-11-24T05:00:00.000Z,1018,10,EGLINTON AVE E,OSWEGO RD, ,Major Arterial,Scarborough,43.737418,-79.244701,Mid-Block,Non Intersection,No Control,Clear,Daylight,Dry,Fatal,Approaching,Passenger,30 to 34,Fatal,57, , , , , , , , , , , , , ,Yes, , , , ,Yes,Yes,Yes, , , ,43,,,138,,551
-79.244701,43.737418,80198605,3001029733,2013,2013-11-24T05:00:00.000Z,1018,10,EGLINTON AVE E,OSWEGO RD, ,Major Arterial,Scarborough,43.737418,-79.244701,Mid-Block,Non Intersection,No Control,Clear,Daylight,Dry,Fatal,Approaching,Passenger,35 to 39,Minor,0, , , , , , , , , , , , , ,Yes, , , , ,Yes,Yes,Yes, , , ,43,,,138,,552
-79.244701,43.737418,80503925,3001029733,2013,2013-11-24T05:00:00.000Z,1018,10,EGLINTON AVE E,OSWEGO RD, ,Major Arterial,Scarborough,43.737418,-79.244701,Mid-Block,Non Intersection,No Control,Clear,Daylight,Dry,Fatal,Approaching,Passenger,35 to 39,Minor,0, ,"Automobile, Station Wagon", , , , , , , , , , , ,Yes, , , , ,Yes,Yes,Yes, , , ,43,,,138,,553
-79.58619,43.665545,6584745,1212862,2011,2011-01-15T05:00:00.000Z,1025,10,EGLINTON AVE W,RENFORTH DR, ,Minor Arterial,Etobicoke York,43.665545,-79.58619,Mid-Block, ,No Control,Snow,Daylight,Slush,Non-Fatal Injury,SMV Other,Passenger,15 to 19,Minor,0, ,Other, , , , , , , , , , , ,Yes, , , , ,Yes,Yes,Yes, , , ,22,,,11,,554
-79.58619,43.665545,6584746,1212862,2011,2011-01-15T05:00:00.000Z,1025,10,EGLINTON AVE W,RENFORTH DR, ,Minor Arterial,Etobicoke York,43.665545,-79.58619,Mid-Block, ,No Control,Snow,Daylight,Slush,Non-Fatal Injury,SMV Other,Driver,45 to 49,Major,0,East,"Automobile, Station Wagon",Going Ahead,Speed too Fast For Condition,Normal, , , , , , , , ,Yes, , , , ,Yes,Yes,Yes, , , ,22,,,11,,555
-79.47319,43.632945,7413164,1293387,2012,2012-03-20T04:00:00.000Z,1025,10,LAKE SHORE BLVD W,PALACE PIER CRT, ,Expressway,Toronto and East York,43.632945,-79.47319,Mid-Block, ,No Control,"Fog, Mist, Smoke, Dust",Daylight,Dry,Non-Fatal Injury,Rear End,Driver,65 to 69,Major,0,East,"Automobile, Station Wagon",Going Ahead,Speed too Fast For Condition,Inattentive, , , , , , , , ,Yes, , , , , ,Yes,Yes, , , ,"22,11",,,17,,556
-79.47319,43.632945,7413165,1293387,2012,2012-03-20T04:00:00.000Z,1025,10,LAKE SHORE BLVD W,PALACE PIER CRT, ,Expressway,Toronto and East York,43.632945,-79.47319,Mid-Block, ,No Control,"Fog, Mist, Smoke, Dust",Daylight,Dry,Non-Fatal Injury,Rear End,Driver,35 to 39,None,0,East,"Automobile, Station Wagon",Disabled,Other,Other, , , , , , , , ,Yes, , , , , ,Yes,Yes, , , ,"22,11",,,17,,557
-79.319362,43.741176,80974269,8001961813,2018,2018-10-24T04:00:00.000Z,1026,10,1315 LAWRENCE AV E,RAILSIDE DRIVE,300 m East of,Major Arterial,North York,43.741176,-79.319362,Mid-Block,Non Intersection,No Control,Clear,Daylight,Dry,Non-Fatal Injury,SMV Other,Driver,0 to 4,None,0,West,"Automobile, Station Wagon",Turning Left,Improper Turn,Inattentive, , , , , , , , ,Yes, , , , , ,Yes,Yes, , , ,33,,,43,,558
-79.319362,43.741176,80974270,8001961813,2018,2018-10-24T04:00:00.000Z,1026,10,1315 LAWRENCE AV E,RAILSIDE DRIVE,300 m East of,Major Arterial,North York,43.741176,-79.319362,Mid-Block,Non Intersection,No Control,Clear,Daylight,Dry,Non-Fatal Injury,SMV Other,Driver,45 to 49,Major,0,East,"Automobile, Station Wagon",Going Ahead,Driving Properly,Normal, , , , , , , , ,Yes, , , , , ,Yes,Yes, , , ,33,,,43,,559
-79.605655,43.739615,80149890,4001436264,2014,2014-01-30T05:00:00.000Z,1027,10,HIGHWAY 27  S,CARRIER DR, ,Major Arterial,Etobicoke York,43.739615,-79.605655,Mid-Block,Non Intersection,No Control,Clear,Daylight,Dry,Non-Fatal Injury,Rear End,Driver,60 to 64,Major,0,South, ,Slowing or Stopping,Driving Properly,Normal, , , , , , , , ,Yes, , , , , ,Yes,Yes, , ,Yes,23,,,1,,560
-79.605655,43.739615,80149891,4001436264,2014,2014-01-30T05:00:00.000Z,1027,10,HIGHWAY 27  S,CARRIER DR, ,Major Arterial,Etobicoke York,43.739615,-79.605655,Mid-Block,Non Intersection,No Control,Clear,Daylight,Dry,Non-Fatal Injury,Rear End,Driver,20 to 24,None,0,South,"Automobile, Station Wagon",Slowing or Stopping,Driving Properly,Normal, , , , , , , , ,Yes, , , , , ,Yes,Yes, , ,Yes,23,,,1,,561
-79.605655,43.739615,80149892,4001436264,2014,2014-01-30T05:00:00.000Z,1027,10,HIGHWAY 27  S,CARRIER DR, ,Major Arterial,Etobicoke York,43.739615,-79.605655,Mid-Block,Non Intersection,No Control,Clear,Daylight,Dry,Non-Fatal Injury,Rear End,Driver,20 to 24,None,0,South,"Automobile, Station Wagon",Slowing or Stopping,Driving Properly,Normal, , , , , , , , ,Yes, , , , , ,Yes,Yes, , ,Yes,23,,,1,,562
-79.605655,43.739615,80149893,4001436264,2014,2014-01-30T05:00:00.000Z,1027,10,HIGHWAY 27  S,CARRIER DR, ,Major Arterial,Etobicoke York,43.739615,-79.605655,Mid-Block,Non Intersection,No Control,Clear,Daylight,Dry,Non-Fatal Injury,Rear End,Driver,70 to 74,Minor,0,South,"Automobile, Station Wagon",Going Ahead,Exceeding Speed Limit,Medical or Physical Disability, , , , , , , , ,Yes, , , , , ,Yes,Yes, , ,Yes,23,,,1,,563
-79.23209,43.740245,5372742,1044158,2008,2008-06-01T04:00:00.000Z,1031,10,EGLINTON AVE E,BELLAMY RD N, ,Major Arterial,Scarborough,43.740245,-79.23209,Intersection,At Intersection,Traffic Signal,Clear,Daylight,Dry,Non-Fatal Injury,Pedestrian Collisions,Passenger,20 to 24,Minimal,0, ,Other, , , , , , , , , ,Yes, ,Yes, , , , ,Yes,Yes,Yes,Yes, , ,43,,,138,,564
-79.23209,43.740245,5372743,1044158,2008,2008-06-01T04:00:00.000Z,1031,10,EGLINTON AVE E,BELLAMY RD N, ,Major Arterial,Scarborough,43.740245,-79.23209,Intersection,At Intersection,Traffic Signal,Clear,Daylight,Dry,Non-Fatal Injury,Pedestrian Collisions,Passenger,20 to 24,Minimal,0, ,Other, , , , , , , , , ,Yes, ,Yes, , , , ,Yes,Yes,Yes,Yes, , ,43,,,138,,565
-79.23209,43.740245,5372744,1044158,2008,2008-06-01T04:00:00.000Z,1031,10,EGLINTON AVE E,BELLAMY RD N, ,Major Arterial,Scarborough,43.740245,-79.23209,Intersection,At Intersection,Traffic Signal,Clear,Daylight,Dry,Non-Fatal Injury,Pedestrian Collisions,Driver,25 to 29,Minimal,0,South,"Automobile, Station Wagon",Going Ahead,Driving Properly,Normal, , , , , , ,Yes, ,Yes, , , , ,Yes,Yes,Yes,Yes, , ,43,,,138,,566
-79.23209,43.740245,5372745,1044158,2008,2008-06-01T04:00:00.000Z,1031,10,EGLINTON AVE E,BELLAMY RD N, ,Major Arterial,Scarborough,43.740245,-79.23209,Intersection,At Intersection,Traffic Signal,Clear,Daylight,Dry,Non-Fatal Injury,Pedestrian Collisions,Driver,60 to 64,Minimal,0,West,"Automobile, Station Wagon",Going Ahead,Disobeyed Traffic Control,Unknown, , , , , , ,Yes, ,Yes, , , , ,Yes,Yes,Yes,Yes, , ,43,,,138,,567
-79.23209,43.740245,5372746,1044158,2008,2008-06-01T04:00:00.000Z,1031,10,EGLINTON AVE E,BELLAMY RD N, ,Major Arterial,Scarborough,43.740245,-79.23209,Intersection,At Intersection,Traffic Signal,Clear,Daylight,Dry,Non-Fatal Injury,Pedestrian Collisions,Pedestrian,35 to 39,Minor,0,South,Other, , , ,Vehicle is going straight thru inter.while ped cross with ROW,Crossing with right of way,Normal, , , ,Yes, ,Yes, , , , ,Yes,Yes,Yes,Yes, , ,43,,,138,,568
-79.23209,43.740245,5372747,1044158,2008,2008-06-01T04:00:00.000Z,1031,10,EGLINTON AVE E,BELLAMY RD N, ,Major Arterial,Scarborough,43.740245,-79.23209,Intersection,At Intersection,Traffic Signal,Clear,Daylight,Dry,Non-Fatal Injury,Pedestrian Collisions,Pedestrian,25 to 29,Major,0,South,Other, , , ,Vehicle is going straight thru inter.while ped cross with ROW,Crossing with right of way,Normal, , , ,Yes, ,Yes, , , , ,Yes,Yes,Yes,Yes, , ,43,,,138,,569
-79.28829,43.806245,7427815,1299777,2012,2012-06-19T04:00:00.000Z,1033,10,3300 MIDLAND AVE, , ,Major Arterial,Scarborough,43.806245,-79.28829,Mid-Block, ,No Control,Clear,Daylight,Dry,Non-Fatal Injury,Turning Movement,Vehicle Owner,unknown, ,0, ,Other, , , , , , , , , , , ,Yes,Yes, , , , ,Yes,Yes, , , ,42,,,130,,570
-79.28829,43.806245,7427816,1299777,2012,2012-06-19T04:00:00.000Z,1033,10,3300 MIDLAND AVE, , ,Major Arterial,Scarborough,43.806245,-79.28829,Mid-Block, ,No Control,Clear,Daylight,Dry,Non-Fatal Injury,Turning Movement,Motorcycle Driver,25 to 29,Major,0,South,Motorcycle,Going Ahead,Exceeding Speed Limit,Normal, , , , , , , , ,Yes,Yes, , , , ,Yes,Yes, , , ,42,,,130,,571
-79.28829,43.806245,7427817,1299777,2012,2012-06-19T04:00:00.000Z,1033,10,3300 MIDLAND AVE, , ,Major Arterial,Scarborough,43.806245,-79.28829,Mid-Block, ,No Control,Clear,Daylight,Dry,Non-Fatal Injury,Turning Movement,Driver,40 to 44,None,0,North,"Automobile, Station Wagon",Turning Left,Failed to Yield Right of Way,Normal, , , , , , , , ,Yes,Yes, , , , ,Yes,Yes, , , ,42,,,130,,572
-79.521175,43.599963,80485310,6000188538,2016,2016-02-01T05:00:00.000Z,1033,10,BIRMINGHAM ST,TWENTY FIRST ST, ,Collector,Etobicoke York,43.599963,-79.521175,Intersection, ,Pedestrian Crossover,Clear,Daylight,Dry,Fatal,Sideswipe,Driver,85 to 89,Fatal,9,West,"Automobile, Station Wagon",Going Ahead,Lost control,Unknown, , , , , , , , ,Yes, , , , , ,Yes,Yes, , , ,22,,,18,,573
-79.521175,43.599963,80485311,6000188538,2016,2016-02-01T05:00:00.000Z,1033,10,BIRMINGHAM ST,TWENTY FIRST ST, ,Collector,Etobicoke York,43.599963,-79.521175,Intersection, ,Pedestrian Crossover,Clear,Daylight,Dry,Fatal,Sideswipe,Driver,30 to 34,Minimal,0,West,"Automobile, Station Wagon",Going Ahead,Driving Properly,Normal, , , , , , , , ,Yes, , , , , ,Yes,Yes, , , ,22,,,18,,574
-79.490917,43.723853,80949372,8001489549,2018,2018-08-13T04:00:00.000Z,1039,10,PETHERHILL AVE,WILSON AVE,85 m South of,Pending,North York,43.723853,-79.490917,Mid-Block,Non Intersection,No Control,Clear,Daylight,Dry,Non-Fatal Injury,SMV Unattended Vehicle,Driver,50 to 54,Minimal,0,South,"Automobile, Station Wagon",Going Ahead,Lost control,Inattentive, , , , , , , , ,Yes, , , , ,Yes,Yes,Yes, , , ,31,,,26,,575
-79.490917,43.723853,80949373,8001489549,2018,2018-08-13T04:00:00.000Z,1039,10,PETHERHILL AVE,WILSON AVE,85 m South of,Pending,North York,43.723853,-79.490917,Mid-Block,Non Intersection,No Control,Clear,Daylight,Dry,Non-Fatal Injury,SMV Unattended Vehicle,Passenger,50 to 54,Major,0, , , , , , , , , , , , , ,Yes, , , , ,Yes,Yes,Yes, , , ,31,,,26,,576
-79.479152,43.669959,80565309,6001731128,2016,2016-09-29T04:00:00.000Z,1040,10,2336 ST CLAIR AVE W, , ,Major Arterial,Etobicoke York,43.669959,-79.479152,Mid-Block,Non Intersection,No Control,Rain,Daylight,Wet,Fatal,Sideswipe,Driver,70 to 74,Fatal,58,West,"Automobile, Station Wagon",Going Ahead,Driving Properly,Normal, , , , , , , , ,Yes, , , , ,Yes,Yes,Yes, , , ,"12,11",,,90,,577
-79.479152,43.669959,80565333,6001731128,2016,2016-09-29T04:00:00.000Z,1040,10,2336 ST CLAIR AVE W, , ,Major Arterial,Etobicoke York,43.669959,-79.479152,Mid-Block,Non Intersection,No Control,Rain,Daylight,Wet,Fatal,Sideswipe,Driver,35 to 39,Major,0,East,"Automobile, Station Wagon",Going Ahead,Speed too Fast For Condition,Unknown, , , , , , , , ,Yes, , , , ,Yes,Yes,Yes, , , ,"12,11",,,90,,578