X,Y,Index_,ACCNUM,YEAR,DATE,TIME,Hour,STREET1,STREET2,OFFSET,ROAD_CLASS,District,LATITUDE,LONGITUDE,LOCCOORD,ACCLOC,TRAFFCTL,VISIBILITY,LIGHT,RDSFCOND,ACCLASS,IMPACTYPE,INVTYPE,INVAGE,INJURY,FATAL_NO,INITDIR,VEHTYPE,MANOEUVER,DRIVACT,DRIVCOND,PEDTYPE,PEDACT,PEDCOND,CYCLISTYPE,CYCACT,CYCCOND,PEDESTRIAN,CYCLIST,AUTOMOBILE,MOTORCYCLE,TRUCK,TRSN_CITY_,EMERG_VEH,PASSENGER,SPEEDING,AG_DRIV,REDLIGHT,ALCOHOL,DISABILITY,Division,Ward_Name,Ward_ID,Hood_ID,Hood_Name,ObjectId
-79.479152,43.669959,80565334,6001731128,2016,2016-09-29T04:00:00.000Z,1040,10,2336 ST CLAIR AVE W, , ,Major Arterial,Etobicoke York,43.669959,-79.479152,Mid-Block,Non Intersection,No Control,Rain,Daylight,Wet,Fatal,Sideswipe,Driver,50 to 54,None,0,East,"Automobile, Station Wagon",Going Ahead,Driving Properly,Unknown, , , , , , , , ,Yes, , , , ,Yes,Yes,Yes, , , ,"12,11",,,90,,579
-79.479152,43.669959,80565335,6001731128,2016,2016-09-29T04:00:00.000Z,1040,10,2336 ST CLAIR AVE W, , ,Major Arterial,Etobicoke York,43.669959,-79.479152,Mid-Block,Non Intersection,No Control,Rain,Daylight,Wet,Fatal,Sideswipe,Passenger,40 to 44,None,0, ,"Automobile, Station Wagon", , , , , , , , , , , ,Yes, , , , ,Yes,Yes,Yes, , , ,"12,11",,,90,,580
-79.39609,43.698445,5808339,1134481,2009,2009-11-02T05:00:00.000Z,1045,10,YONGE Stre,DAVISVILLE Aven, ,Minor Arterial,Toronto and East York,43.698445,-79.39609,Mid-Block,At Intersection,No Control,Clear,Daylight,Dry,Non-Fatal Injury,SMV Unattended Vehicle,Driver,70 to 74,Major,0,East,"Automobile, Station Wagon",Going Ahead,Lost control,Medical or Physical Disability, , , , , , , , ,Yes, , , , , ,Yes,Yes, , ,Yes,53,,,104,,581
-79.39609,43.698445,5808340,1134481,2009,2009-11-02T05:00:00.000Z,1045,10,YONGE Stre,DAVISVILLE Aven, ,Minor Arterial,Toronto and East York,43.698445,-79.39609,Mid-Block,At Intersection,No Control,Clear,Daylight,Dry,Non-Fatal Injury,SMV Unattended Vehicle,Vehicle Owner,unknown, ,0, ,Other, , , , , , , , , , , ,Yes, , , , , ,Yes,Yes, , ,Yes,53,,,104,,582
-79.58858,43.702597,80788534,7001274774,2017,2017-07-16T04:00:00.000Z,1045,10,HIGHWAY 27  N,BELFIELD RD,500 m North of,Major Arterial,Etobicoke York,43.702597,-79.58858,Mid-Block,Non Intersection,No Control,Clear,Daylight,Dry,Non-Fatal Injury,SMV Other,Motorcycle Driver,35 to 39,Major,0,North,Motorcycle,Going Ahead,Lost control,Normal, , , , , , , , , ,Yes, , , , ,Yes,Yes, , , ,23,,,1,,583
-79.36124,43.684523,80565024,6000995123,2016,2016-06-08T04:00:00.000Z,1048,10,DON VALLEY PARKWAY  N,BAYVIEW BLOOR DVP N RAMP,120 m South of,Expressway,Toronto and East York,43.684523,-79.36124,Mid-Block,Non Intersection,No Control,Clear,Daylight,Dry,Non-Fatal Injury,SMV Other,Motorcycle Driver,25 to 29,Major,0,North,Motorcycle,Going Ahead,Lost control,Inattentive, , , , , , , , , ,Yes, , , , ,Yes,Yes, , , ,54,,,57,,584
-79.243045,43.720442,80781222,7001544325,2017,2017-08-26T04:00:00.000Z,1055,10,3738 ST CLAIR AVE E, , ,Minor Arterial,Scarborough,43.720442,-79.243045,Mid-Block,Non Intersection,No Control,Clear,Daylight,Dry,Fatal,SMV Other,Driver,30 to 34,Fatal,37,East,"Automobile, Station Wagon",Going Ahead,Lost control,"Ability Impaired, Drugs", , , , , , , , ,Yes, , , , , ,Yes,Yes, , , ,41,,,123,,585
-79.348438,43.697955,80238319,5000778695,2015,2015-05-10T04:00:00.000Z,1058,10,DON VALLEY PARKWAY  S,LEASIDE BDGE, ,Expressway,Toronto and East York,43.697955,-79.348438,Mid-Block,Non Intersection,No Control,Clear,Daylight,Dry,Non-Fatal Injury,Pedestrian Collisions,Driver,50 to 54,None,0,South,"Automobile, Station Wagon",Going Ahead,Driving Properly,Normal, , , , , , ,Yes, ,Yes, , , , , ,Yes,Yes, , , ,54,,,58,,586
-79.348438,43.697955,80238320,5000778695,2015,2015-05-10T04:00:00.000Z,1058,10,DON VALLEY PARKWAY  S,LEASIDE BDGE, ,Expressway,Toronto and East York,43.697955,-79.348438,Mid-Block,Non Intersection,No Control,Clear,Daylight,Dry,Non-Fatal Injury,Pedestrian Collisions,Pedestrian,30 to 34,Major,0,Unknown, , , , ,Pedestrian hit at mid-block,Other,Unknown, , , ,Yes, ,Yes, , , , , ,Yes,Yes, , , ,54,,,58,,587
-79.49859,43.683745,6593306,1217753,2011,2011-02-14T05:00:00.000Z,1100,11,JANE Stre,EGLINTON Aven W, ,Major Arterial,Etobicoke York,43.683745,-79.49859,Mid-Block, ,No Control,Clear,Daylight,Dry,Non-Fatal Injury,Approaching,Vehicle Owner,unknown, ,0, ,Other, , , , , , , , , , , ,Yes, , , , ,Yes,Yes,Yes, , , ,12,,,111,,588
-79.49859,43.683745,6593307,1217753,2011,2011-02-14T05:00:00.000Z,1100,11,JANE Stre,EGLINTON Aven W, ,Major Arterial,Etobicoke York,43.683745,-79.49859,Mid-Block, ,No Control,Clear,Daylight,Dry,Non-Fatal Injury,Approaching,Driver,35 to 39,Major,0,South,"Automobile, Station Wagon",Going Ahead,Driving Properly,Normal, , , , , , , , ,Yes, , , , ,Yes,Yes,Yes, , , ,12,,,111,,589
-79.49859,43.683745,6593308,1217753,2011,2011-02-14T05:00:00.000Z,1100,11,JANE Stre,EGLINTON Aven W, ,Major Arterial,Etobicoke York,43.683745,-79.49859,Mid-Block, ,No Control,Clear,Daylight,Dry,Non-Fatal Injury,Approaching,Passenger,70 to 74,Major,0, ,Other, , , , , , , , , , , ,Yes, , , , ,Yes,Yes,Yes, , , ,12,,,111,,590
-79.49859,43.683745,6593309,1217753,2011,2011-02-14T05:00:00.000Z,1100,11,JANE Stre,EGLINTON Aven W, ,Major Arterial,Etobicoke York,43.683745,-79.49859,Mid-Block, ,No Control,Clear,Daylight,Dry,Non-Fatal Injury,Approaching,Driver,75 to 79,Major,0,North,"Automobile, Station Wagon",Going Ahead,Lost control,Unknown, , , , , , , , ,Yes, , , , ,Yes,Yes,Yes, , , ,12,,,111,,591
-79.39669,43.707045,6201013,1193686,2010,2010-08-27T04:00:00.000Z,1103,11,EGLINTON AVE E,HOLLY ST, ,Major Arterial,Toronto and East York,43.707045,-79.39669,Intersection, ,No Control,Clear,Daylight,Dry,Non-Fatal Injury,Pedestrian Collisions,Truck Driver,45 to 49,None,0,West,Truck - Open,Going Ahead,Speed too Fast For Condition,Inattentive, , , , , , ,Yes, , , ,Yes, , , ,Yes,Yes, , , ,53,,,104,,592
-79.39669,43.707045,6201014,1193686,2010,2010-08-27T04:00:00.000Z,1103,11,EGLINTON AVE E,HOLLY ST, ,Major Arterial,Toronto and East York,43.707045,-79.39669,Intersection, ,No Control,Clear,Daylight,Dry,Non-Fatal Injury,Pedestrian Collisions,Other,unknown,None,0, ,Other, , , , , , , , , ,Yes, , , ,Yes, , , ,Yes,Yes, , , ,53,,,104,,593
-79.39669,43.707045,6201015,1193686,2010,2010-08-27T04:00:00.000Z,1103,11,EGLINTON AVE E,HOLLY ST, ,Major Arterial,Toronto and East York,43.707045,-79.39669,Intersection, ,No Control,Clear,Daylight,Dry,Non-Fatal Injury,Pedestrian Collisions,Pedestrian,40 to 44,Major,0,Unknown,Other, , , ,Pedestrian hit at mid-block,Playing or Working on Highway,Normal, , , ,Yes, , , ,Yes, , , ,Yes,Yes, , , ,53,,,104,,594
-79.49559,43.751645,5355573,1036520,2008,2008-05-05T04:00:00.000Z,1105,11,GRANDRAVINE DR,SENTINEL RD, ,Collector,North York,43.751645,-79.49559,Intersection,At Intersection,Stop Sign,Clear,Daylight,Dry,Non-Fatal Injury,Pedestrian Collisions,Driver,70 to 74,None,0,East,"Automobile, Station Wagon",Stopped,Driving Properly,Normal, , , , , , ,Yes, ,Yes, , , , , ,Yes,Yes, , , ,31,,,27,,595
-79.49559,43.751645,5355574,1036520,2008,2008-05-05T04:00:00.000Z,1105,11,GRANDRAVINE DR,SENTINEL RD, ,Collector,North York,43.751645,-79.49559,Intersection,At Intersection,Stop Sign,Clear,Daylight,Dry,Non-Fatal Injury,Pedestrian Collisions,Driver,55 to 59,None,0,North,"Automobile, Station Wagon",Stopped,Driving Properly,Normal, , , , , , ,Yes, ,Yes, , , , , ,Yes,Yes, , , ,31,,,27,,596
-79.49559,43.751645,5355575,1036520,2008,2008-05-05T04:00:00.000Z,1105,11,GRANDRAVINE DR,SENTINEL RD, ,Collector,North York,43.751645,-79.49559,Intersection,At Intersection,Stop Sign,Clear,Daylight,Dry,Non-Fatal Injury,Pedestrian Collisions,Driver,70 to 74,None,0,West,"Automobile, Station Wagon",Going Ahead,Disobeyed Traffic Control,Normal, , , , , , ,Yes, ,Yes, , , , , ,Yes,Yes, , , ,31,,,27,,597
-79.49559,43.751645,5355576,1036520,2008,2008-05-05T04:00:00.000Z,1105,11,GRANDRAVINE DR,SENTINEL RD, ,Collector,North York,43.751645,-79.49559,Intersection,At Intersection,Stop Sign,Clear,Daylight,Dry,Non-Fatal Injury,Pedestrian Collisions,Vehicle Owner,unknown, ,0, ,Other, , , , , , , , , ,Yes, ,Yes, , , , , ,Yes,Yes, , , ,31,,,27,,598
-79.49559,43.751645,5355577,1036520,2008,2008-05-05T04:00:00.000Z,1105,11,GRANDRAVINE DR,SENTINEL RD, ,Collector,North York,43.751645,-79.49559,Intersection,At Intersection,Stop Sign,Clear,Daylight,Dry,Non-Fatal Injury,Pedestrian Collisions,Pedestrian,75 to 79,Major,0, ,Other, , , ,Pedestrian hit on sidewalk or shoulder,On Sidewalk or Shoulder,Normal, , , ,Yes, ,Yes, , , , , ,Yes,Yes, , , ,31,,,27,,599
-79.532131,43.694827,80252356,5001724104,2015,2015-10-06T04:00:00.000Z,1107,11,ROYAL YORK RD,BRAECREST AVE,51 m South of,Minor Arterial,Etobicoke York,43.694827,-79.532131,Mid-Block,Non Intersection,No Control,Clear,Daylight,Dry,Non-Fatal Injury,SMV Other,Driver,60 to 64,Major,0,South,"Automobile, Station Wagon",Changing Lanes,Lost control,Medical or Physical Disability, , , , , , , , ,Yes, , , , , ,Yes,Yes, , ,Yes,23,,,8,,600
-79.30659,43.775945,5391619,1052487,2008,2008-07-16T04:00:00.000Z,1110,11,WARDEN AVE,CASS AVE, ,Major Arterial,Scarborough,43.775945,-79.30659,Intersection,At Intersection,Stop Sign,Clear,Daylight,Dry,Non-Fatal Injury,Turning Movement,Driver,55 to 59,Major,0,West,"Automobile, Station Wagon",Turning Left,Driving Properly,Normal, , , , , , , , ,Yes, , , , , ,Yes,Yes, , , ,42,,,118,,601
-79.30659,43.775945,5391620,1052487,2008,2008-07-16T04:00:00.000Z,1110,11,WARDEN AVE,CASS AVE, ,Major Arterial,Scarborough,43.775945,-79.30659,Intersection,At Intersection,Stop Sign,Clear,Daylight,Dry,Non-Fatal Injury,Turning Movement,Vehicle Owner,unknown, ,0, ,Other, , , , , , , , , , , ,Yes, , , , , ,Yes,Yes, , , ,42,,,118,,602
-79.30659,43.775945,5391621,1052487,2008,2008-07-16T04:00:00.000Z,1110,11,WARDEN AVE,CASS AVE, ,Major Arterial,Scarborough,43.775945,-79.30659,Intersection,At Intersection,Stop Sign,Clear,Daylight,Dry,Non-Fatal Injury,Turning Movement,Driver,15 to 19,None,0,North,"Automobile, Station Wagon",Going Ahead,Speed too Fast For Condition,Inattentive, , , , , , , , ,Yes, , , , , ,Yes,Yes, , , ,42,,,118,,603
-79.26739,43.818945,7817811,1355879,2013,2013-04-10T04:00:00.000Z,1110,11,MCNICOLL Ave,WHITE HEATHER Blvd, ,Minor Arterial,Scarborough,43.818945,-79.26739,Intersection,At Intersection,Stop Sign,Rain,Daylight,Wet,Non-Fatal Injury,Turning Movement,Driver,30 to 34,None,0,East,"Automobile, Station Wagon",Going Ahead,Driving Properly,Normal, , , , , , , , ,Yes, , , , ,Yes,Yes,Yes, , , ,42,,,130,,604
-79.26739,43.818945,7817812,1355879,2013,2013-04-10T04:00:00.000Z,1110,11,MCNICOLL Ave,WHITE HEATHER Blvd, ,Minor Arterial,Scarborough,43.818945,-79.26739,Intersection,At Intersection,Stop Sign,Rain,Daylight,Wet,Non-Fatal Injury,Turning Movement,Passenger,35 to 39,Major,0, ,Other, , , , , , , , , , , ,Yes, , , , ,Yes,Yes,Yes, , , ,42,,,130,,605
-79.26739,43.818945,7817813,1355879,2013,2013-04-10T04:00:00.000Z,1110,11,MCNICOLL Ave,WHITE HEATHER Blvd, ,Minor Arterial,Scarborough,43.818945,-79.26739,Intersection,At Intersection,Stop Sign,Rain,Daylight,Wet,Non-Fatal Injury,Turning Movement,Driver,50 to 54,Minor,0,North,"Automobile, Station Wagon",Turning Left,Improper Turn,Inattentive, , , , , , , , ,Yes, , , , ,Yes,Yes,Yes, , , ,42,,,130,,606
-79.36239,43.682345,6698089,1263764,2011,2011-11-10T05:00:00.000Z,1111,11,DON VALLEY PARKWAY  S,BAYVIEW BLOOR DVP RAMP, ,Expressway,Toronto and East York,43.682345,-79.36239,Mid-Block, ,No Control,Clear,Daylight,Dry,Fatal,SMV Other,Vehicle Owner,unknown, ,0, ,Other, , , , , , , , , , , ,Yes, , , , ,Yes,Yes,Yes, , ,Yes,54,,,57,,607
-79.36239,43.682345,6698090,1263764,2011,2011-11-10T05:00:00.000Z,1111,11,DON VALLEY PARKWAY  S,BAYVIEW BLOOR DVP RAMP, ,Expressway,Toronto and East York,43.682345,-79.36239,Mid-Block, ,No Control,Clear,Daylight,Dry,Fatal,SMV Other,Driver,50 to 54,None,0,South,Other,Going Ahead,Driving Properly,Normal, , , , , , , , ,Yes, , , , ,Yes,Yes,Yes, , ,Yes,54,,,57,,608
-79.36239,43.682345,6698091,1263764,2011,2011-11-10T05:00:00.000Z,1111,11,DON VALLEY PARKWAY  S,BAYVIEW BLOOR DVP RAMP, ,Expressway,Toronto and East York,43.682345,-79.36239,Mid-Block, ,No Control,Clear,Daylight,Dry,Fatal,SMV Other,Driver,40 to 44,None,0,North,"Automobile, Station Wagon",Going Ahead,Driving Properly,Normal, , , , , , , , ,Yes, , , , ,Yes,Yes,Yes, , ,Yes,54,,,57,,609
-79.36239,43.682345,6698092,1263764,2011,2011-11-10T05:00:00.000Z,1111,11,DON VALLEY PARKWAY  S,BAYVIEW BLOOR DVP RAMP, ,Expressway,Toronto and East York,43.682345,-79.36239,Mid-Block, ,No Control,Clear,Daylight,Dry,Fatal,SMV Other,Driver,75 to 79,Fatal,31,South,"Automobile, Station Wagon",Going Ahead,Lost control,Medical or Physical Disability, , , , , , , , ,Yes, , , , ,Yes,Yes,Yes, , ,Yes,54,,,57,,610
-79.36239,43.682345,6698093,1263764,2011,2011-11-10T05:00:00.000Z,1111,11,DON VALLEY PARKWAY  S,BAYVIEW BLOOR DVP RAMP, ,Expressway,Toronto and East York,43.682345,-79.36239,Mid-Block, ,No Control,Clear,Daylight,Dry,Fatal,SMV Other,Vehicle Owner,unknown, ,0, ,Other, , , , , , , , , , , ,Yes, , , , ,Yes,Yes,Yes, , ,Yes,54,,,57,,611
-79.42369,43.687645,5319797,1019958,2008,2008-01-11T05:00:00.000Z,328,3,VAUGHAN RD,KENWOOD AVE, ,Minor Arterial,Toronto and East York,43.687645,-79.42369,Intersection,At Intersection,Traffic Signal,Rain,Dark,Wet,Non-Fatal Injury,Angle,Other Property Owner,unknown, ,0, ,Other, , , , , , , , , , , ,Yes, , , , ,Yes,Yes,Yes,Yes, , ,13,,,106,,612
-79.36239,43.682345,6698094,1263764,2011,2011-11-10T05:00:00.000Z,1111,11,DON VALLEY PARKWAY  S,BAYVIEW BLOOR DVP RAMP, ,Expressway,Toronto and East York,43.682345,-79.36239,Mid-Block, ,No Control,Clear,Daylight,Dry,Fatal,SMV Other,Passenger,55 to 59,None,0, ,Other, , , , , , , , , , , ,Yes, , , , ,Yes,Yes,Yes, , ,Yes,54,,,57,,613
-79.236697,43.810794,80769438,6001592206,2016,2016-09-08T04:00:00.000Z,37,0,MELFORD DR,TAPSCOTT RD,80 m West of,Collector,Scarborough,43.810794,-79.236697,Mid-Block,Non Intersection,No Control,Rain,"Dark, artificial",Wet,Non-Fatal Injury,SMV Unattended Vehicle,Passenger,45 to 49,Major,0, , , , , , , , , , , , , ,Yes, ,Yes, , ,Yes,Yes,Yes, , , ,42,,,132,,614
-79.42369,43.687645,5319798,1019958,2008,2008-01-11T05:00:00.000Z,328,3,VAUGHAN RD,KENWOOD AVE, ,Minor Arterial,Toronto and East York,43.687645,-79.42369,Intersection,At Intersection,Traffic Signal,Rain,Dark,Wet,Non-Fatal Injury,Angle,Other Property Owner,unknown, ,0, ,Other, , , , , , , , , , , ,Yes, , , , ,Yes,Yes,Yes,Yes, , ,13,,,106,,615
-79.42369,43.687645,5319799,1019958,2008,2008-01-11T05:00:00.000Z,328,3,VAUGHAN RD,KENWOOD AVE, ,Minor Arterial,Toronto and East York,43.687645,-79.42369,Intersection,At Intersection,Traffic Signal,Rain,Dark,Wet,Non-Fatal Injury,Angle,Driver,unknown,None,0,North,"Automobile, Station Wagon",Going Ahead,Disobeyed Traffic Control,Unknown, , , , , , , , ,Yes, , , , ,Yes,Yes,Yes,Yes, , ,13,,,106,,616
-79.36319,43.652745,6253428,1146864,2010,2010-01-10T05:00:00.000Z,329,3,KING ST E,PARLIAMENT ST, ,Major Arterial,Toronto and East York,43.652745,-79.36319,Intersection,At Intersection,Traffic Signal,Clear,Dark,Dry,Fatal,Approaching,Driver,35 to 39,Fatal,1,East,"Automobile, Station Wagon",Going Ahead,Lost control,Had Been Drinking, , , , , , , , ,Yes, , , , , ,Yes,Yes, , , ,51,,,73,,617
-79.36319,43.652745,6253429,1146864,2010,2010-01-10T05:00:00.000Z,329,3,KING ST E,PARLIAMENT ST, ,Major Arterial,Toronto and East York,43.652745,-79.36319,Intersection,At Intersection,Traffic Signal,Clear,Dark,Dry,Fatal,Approaching,Vehicle Owner,unknown, ,0, ,Other, , , , , , , , , , , ,Yes, , , , , ,Yes,Yes, , , ,51,,,73,,618
-79.36319,43.652745,6253430,1146864,2010,2010-01-10T05:00:00.000Z,329,3,KING ST E,PARLIAMENT ST, ,Major Arterial,Toronto and East York,43.652745,-79.36319,Intersection,At Intersection,Traffic Signal,Clear,Dark,Dry,Fatal,Approaching,Driver,35 to 39,Minor,0,West,"Automobile, Station Wagon",Going Ahead,Driving Properly,Normal, , , , , , , , ,Yes, , , , , ,Yes,Yes, , , ,51,,,73,,619
-79.577121,43.705172,80943472,8000973371,2018,2018-05-30T04:00:00.000Z,329,3,MARTIN GROVE RD,VULCAN ST, ,Major Arterial,Etobicoke York,43.705172,-79.577121,Intersection,At Intersection,Traffic Signal, ,Dark, ,Fatal,Turning Movement,Driver,50 to 54,None,0,North,"Truck - Closed (Blazer, etc)",Turning Left,Driving Properly,Normal, , , , , , , , , ,Yes,Yes, , , ,Yes,Yes, , , ,23,,,1,,620
-79.577121,43.705172,80943990,8000973371,2018,2018-05-30T04:00:00.000Z,329,3,MARTIN GROVE RD,VULCAN ST, ,Major Arterial,Etobicoke York,43.705172,-79.577121,Intersection,At Intersection,Traffic Signal, ,Dark, ,Fatal,Turning Movement,Motorcycle Driver,20 to 24,Fatal,27,South,Motorcycle,Going Ahead,Exceeding Speed Limit,Unknown, , , , , , , , , ,Yes,Yes, , , ,Yes,Yes, , , ,23,,,1,,621
-79.21789,43.805645,6809038,1282222,2011,2011-12-29T05:00:00.000Z,331,3,NEILSON Rd,TAPSCOTT Rd, ,Minor Arterial,Scarborough,43.805645,-79.21789,Mid-Block, ,No Control,Clear,Dark,Dry,Non-Fatal Injury,SMV Other,Passenger,20 to 24,Major,0, ,Other, , , , , , , , , , , ,Yes, , , , ,Yes,Yes,Yes, ,Yes, ,42,,,132,,622
-79.21789,43.805645,6809039,1282222,2011,2011-12-29T05:00:00.000Z,331,3,NEILSON Rd,TAPSCOTT Rd, ,Minor Arterial,Scarborough,43.805645,-79.21789,Mid-Block, ,No Control,Clear,Dark,Dry,Non-Fatal Injury,SMV Other,Driver,20 to 24,None,0,North,"Automobile, Station Wagon",Going Ahead,Exceeding Speed Limit,"Ability Impaired, Alcohol", , , , , , , , ,Yes, , , , ,Yes,Yes,Yes, ,Yes, ,42,,,132,,623
-79.21789,43.805645,6809040,1282222,2011,2011-12-29T05:00:00.000Z,331,3,NEILSON Rd,TAPSCOTT Rd, ,Minor Arterial,Scarborough,43.805645,-79.21789,Mid-Block, ,No Control,Clear,Dark,Dry,Non-Fatal Injury,SMV Other,Other Property Owner,unknown, ,0, ,Other, , , , , , , , , , , ,Yes, , , , ,Yes,Yes,Yes, ,Yes, ,42,,,132,,624
-79.499957,43.623107,80875488,8000510129,2018,2018-03-21T04:00:00.000Z,331,3,F G GARDINER XY  W,ROYAL YORK RD, ,Expressway,Etobicoke York,43.623107,-79.499957,Mid-Block,Non Intersection,No Control,Clear,"Dark, artificial",Dry,Fatal,Rear End,Passenger,25 to 29,Minimal,0, , , , , , , , , , , , , ,Yes, , , , ,Yes,Yes,Yes, , , ,22,,,17,,625
-79.499957,43.623107,80875489,8000510129,2018,2018-03-21T04:00:00.000Z,331,3,F G GARDINER XY  W,ROYAL YORK RD, ,Expressway,Etobicoke York,43.623107,-79.499957,Mid-Block,Non Intersection,No Control,Clear,"Dark, artificial",Dry,Fatal,Rear End,Passenger,25 to 29,Fatal,16, , , , , , , , , , , , , ,Yes, , , , ,Yes,Yes,Yes, , , ,22,,,17,,626
-79.499957,43.623107,80875490,8000510129,2018,2018-03-21T04:00:00.000Z,331,3,F G GARDINER XY  W,ROYAL YORK RD, ,Expressway,Etobicoke York,43.623107,-79.499957,Mid-Block,Non Intersection,No Control,Clear,"Dark, artificial",Dry,Fatal,Rear End,Driver,30 to 34,Minor,0,West,"Automobile, Station Wagon",Going Ahead,Exceeding Speed Limit,Normal, , , , , , , , ,Yes, , , , ,Yes,Yes,Yes, , , ,22,,,17,,627
-79.499957,43.623107,80875563,8000510129,2018,2018-03-21T04:00:00.000Z,331,3,F G GARDINER XY  W,ROYAL YORK RD, ,Expressway,Etobicoke York,43.623107,-79.499957,Mid-Block,Non Intersection,No Control,Clear,"Dark, artificial",Dry,Fatal,Rear End,Driver,20 to 24,Minor,0,West,"Automobile, Station Wagon",Pulling Away from Shoulder or Curb,Improper Lane Change,Inattentive, , , , , , , , ,Yes, , , , ,Yes,Yes,Yes, , , ,22,,,17,,628
-79.634021,43.751216,80204589,4001678969,2014,2014-03-11T04:00:00.000Z,335,3,7001 STEELES AVE W, , ,Major Arterial,Etobicoke York,43.751216,-79.634021,Mid-Block,Non Intersection,No Control,Clear,Dark,Dry,Non-Fatal Injury,SMV Other,Driver,45 to 49,Major,0,East,"Automobile, Station Wagon",Going Ahead,Exceeding Speed Limit,Fatigue, , , , , , , , ,Yes, , , , , ,Yes,Yes, , , ,23,,,1,,629
-79.32706,43.69826,80502726,6000478008,2016,2016-03-20T04:00:00.000Z,340,3,O CONNOR DR,RALSTON AVE, ,Major Arterial,Toronto and East York,43.69826,-79.32706,Intersection,At Intersection,No Control,Clear,Daylight,Dry,Non-Fatal Injury,Rear End,Driver,45 to 49,None,0,East,"Automobile, Station Wagon",Going Ahead,Following too Close,Inattentive, , , , , , , , ,Yes, , , , ,Yes,Yes,Yes, , , ,54,,,58,,630
-79.32706,43.69826,80502727,6000478008,2016,2016-03-20T04:00:00.000Z,340,3,O CONNOR DR,RALSTON AVE, ,Major Arterial,Toronto and East York,43.69826,-79.32706,Intersection,At Intersection,No Control,Clear,Daylight,Dry,Non-Fatal Injury,Rear End,Driver,25 to 29,None,0,East,"Automobile, Station Wagon",Slowing or Stopping,Driving Properly,Normal, , , , , , , , ,Yes, , , , ,Yes,Yes,Yes, , , ,54,,,58,,631
-79.32706,43.69826,80502728,6000478008,2016,2016-03-20T04:00:00.000Z,340,3,O CONNOR DR,RALSTON AVE, ,Major Arterial,Toronto and East York,43.69826,-79.32706,Intersection,At Intersection,No Control,Clear,Daylight,Dry,Non-Fatal Injury,Rear End,Driver,40 to 44,None,0,West,Passenger Van,Going Ahead,Driving Properly,Normal, , , , , , , , ,Yes, , , , ,Yes,Yes,Yes, , , ,54,,,58,,632
-79.32706,43.69826,80502729,6000478008,2016,2016-03-20T04:00:00.000Z,340,3,O CONNOR DR,RALSTON AVE, ,Major Arterial,Toronto and East York,43.69826,-79.32706,Intersection,At Intersection,No Control,Clear,Daylight,Dry,Non-Fatal Injury,Rear End,Passenger,20 to 24,Major,0, , , , , , , , , , , , , ,Yes, , , , ,Yes,Yes,Yes, , , ,54,,,58,,633
-79.32706,43.69826,80502730,6000478008,2016,2016-03-20T04:00:00.000Z,340,3,O CONNOR DR,RALSTON AVE, ,Major Arterial,Toronto and East York,43.69826,-79.32706,Intersection,At Intersection,No Control,Clear,Daylight,Dry,Non-Fatal Injury,Rear End,Passenger,40 to 44,None,0, , , , , , , , , , , , , ,Yes, , , , ,Yes,Yes,Yes, , , ,54,,,58,,634
-79.25119,43.836545,5326661,1023204,2008,2008-02-03T05:00:00.000Z,343,3,STEELES AVE E,MARKHAM RD, ,Major Arterial,Scarborough,43.836545,-79.25119,Intersection,At Intersection,Traffic Signal,Clear,Dark,Dry,Non-Fatal Injury,Angle,Passenger,30 to 34,Major,0, ,Other, , , , , , , , , , , ,Yes, , , , ,Yes,Yes,Yes,Yes,Yes, ,42,,,130,,635
-79.25119,43.836545,5326662,1023204,2008,2008-02-03T05:00:00.000Z,343,3,STEELES AVE E,MARKHAM RD, ,Major Arterial,Scarborough,43.836545,-79.25119,Intersection,At Intersection,Traffic Signal,Clear,Dark,Dry,Non-Fatal Injury,Angle,Passenger,35 to 39,Minor,0, ,Other, , , , , , , , , , , ,Yes, , , , ,Yes,Yes,Yes,Yes,Yes, ,42,,,130,,636
-79.25119,43.836545,5326663,1023204,2008,2008-02-03T05:00:00.000Z,343,3,STEELES AVE E,MARKHAM RD, ,Major Arterial,Scarborough,43.836545,-79.25119,Intersection,At Intersection,Traffic Signal,Clear,Dark,Dry,Non-Fatal Injury,Angle,Driver,35 to 39,Minor,0,West,"Automobile, Station Wagon",Going Ahead,Driving Properly,Normal, , , , , , , , ,Yes, , , , ,Yes,Yes,Yes,Yes,Yes, ,42,,,130,,637
-79.25119,43.836545,5326664,1023204,2008,2008-02-03T05:00:00.000Z,343,3,STEELES AVE E,MARKHAM RD, ,Major Arterial,Scarborough,43.836545,-79.25119,Intersection,At Intersection,Traffic Signal,Clear,Dark,Dry,Non-Fatal Injury,Angle,Driver,15 to 19,None,0,South,"Automobile, Station Wagon",Going Ahead,Disobeyed Traffic Control,"Ability Impaired, Alcohol Over .08", , , , , , , , ,Yes, , , , ,Yes,Yes,Yes,Yes,Yes, ,42,,,130,,638