X,Y,Index_,ACCNUM,YEAR,DATE,TIME,Hour,STREET1,STREET2,OFFSET,ROAD_CLASS,District,LATITUDE,LONGITUDE,LOCCOORD,ACCLOC,TRAFFCTL,VISIBILITY,LIGHT,RDSFCOND,ACCLASS,IMPACTYPE,INVTYPE,INVAGE,INJURY,FATAL_NO,INITDIR,VEHTYPE,MANOEUVER,DRIVACT,DRIVCOND,PEDTYPE,PEDACT,PEDCOND,CYCLISTYPE,CYCACT,CYCCOND,PEDESTRIAN,CYCLIST,AUTOMOBILE,MOTORCYCLE,TRUCK,TRSN_CITY_,EMERG_VEH,PASSENGER,SPEEDING,AG_DRIV,REDLIGHT,ALCOHOL,DISABILITY,Division,Ward_Name,Ward_ID,Hood_ID,Hood_Name,ObjectId
-79.44729,43.696345,6149933,1171865,2010,2010-06-05T04:00:00.000Z,345,3,EGLINTON AVE W,LOCKSLEY AVE, ,Major Arterial,Toronto and East York,43.696345,-79.44729,Intersection,At Intersection,No Control,"Fog, Mist, Smoke, Dust",Dark,Dry,Non-Fatal Injury,Pedestrian Collisions,Vehicle Owner,unknown, ,0, ,Other, , , , , , , , , ,Yes, ,Yes, , , , , ,Yes,Yes, , , ,13,,,107,,639
-79.44729,43.696345,6149934,1171865,2010,2010-06-05T04:00:00.000Z,345,3,EGLINTON AVE W,LOCKSLEY AVE, ,Major Arterial,Toronto and East York,43.696345,-79.44729,Intersection,At Intersection,No Control,"Fog, Mist, Smoke, Dust",Dark,Dry,Non-Fatal Injury,Pedestrian Collisions,Driver,20 to 24,None,0,East,"Automobile, Station Wagon",Going Ahead,Other,Had Been Drinking, , , , , , ,Yes, ,Yes, , , , , ,Yes,Yes, , , ,13,,,107,,640
-79.44729,43.696345,6149935,1171865,2010,2010-06-05T04:00:00.000Z,345,3,EGLINTON AVE W,LOCKSLEY AVE, ,Major Arterial,Toronto and East York,43.696345,-79.44729,Intersection,At Intersection,No Control,"Fog, Mist, Smoke, Dust",Dark,Dry,Non-Fatal Injury,Pedestrian Collisions,Pedestrian,35 to 39,Major,0,North,Other, , , ,Pedestrian hit at mid-block,"Crossing, no Traffic Control",Had Been Drinking, , , ,Yes, ,Yes, , , , , ,Yes,Yes, , , ,13,,,107,,641
-79.472667,43.633498,80681697,7000178684,2017,2017-01-29T05:00:00.000Z,345,3,F G GARDINER XY  W,SOUTH KINGSWAY RAMP,55 m West of,Expressway,Toronto and East York,43.633498,-79.472667,Mid-Block,Non Intersection,No Control,Clear,"Dark, artificial",Dry,Fatal,Rear End,Driver,40 to 44,Minimal,0,West,Pick Up Truck,Going Ahead,Driving Properly,Normal, , , , , , , , ,Yes, , , , , ,Yes,Yes, ,Yes, ,11,,,85,,642
-79.472667,43.633498,80681699,7000178684,2017,2017-01-29T05:00:00.000Z,345,3,F G GARDINER XY  W,SOUTH KINGSWAY RAMP,55 m West of,Expressway,Toronto and East York,43.633498,-79.472667,Mid-Block,Non Intersection,No Control,Clear,"Dark, artificial",Dry,Fatal,Rear End,Driver,20 to 24,Fatal,9,West,"Automobile, Station Wagon",Going Ahead,Lost control,"Ability Impaired, Alcohol Over .08", , , , , , , , ,Yes, , , , , ,Yes,Yes, ,Yes, ,11,,,85,,643
-79.438991,43.668391,80783062,7000304579,2017,2017-02-18T05:00:00.000Z,347,3,DUFFERIN ST,DUPONT ST, ,Major Arterial,Toronto and East York,43.668391,-79.438991,Intersection,At Intersection,Traffic Signal,Clear,"Dark, artificial",Dry,Non-Fatal Injury,Angle,Driver,30 to 34,Major,0,West,"Automobile, Station Wagon",Going Ahead,Disobeyed Traffic Control,"Ability Impaired, Alcohol", , , , , , , , ,Yes, , ,Yes, ,Yes,Yes,Yes,Yes,Yes, ,"11,14",,,93,,644
-79.438991,43.668391,80783063,7000304579,2017,2017-02-18T05:00:00.000Z,347,3,DUFFERIN ST,DUPONT ST, ,Major Arterial,Toronto and East York,43.668391,-79.438991,Intersection,At Intersection,Traffic Signal,Clear,"Dark, artificial",Dry,Non-Fatal Injury,Angle,Driver,45 to 49,Minor,0,North,"Automobile, Station Wagon",Going Ahead,Driving Properly,Normal, , , , , , , , ,Yes, , ,Yes, ,Yes,Yes,Yes,Yes,Yes, ,"11,14",,,93,,645
-79.438991,43.668391,80783064,7000304579,2017,2017-02-18T05:00:00.000Z,347,3,DUFFERIN ST,DUPONT ST, ,Major Arterial,Toronto and East York,43.668391,-79.438991,Intersection,At Intersection,Traffic Signal,Clear,"Dark, artificial",Dry,Non-Fatal Injury,Angle,Driver,50 to 54,Minimal,0,South,Intercity Bus,Going Ahead,Driving Properly,Normal, , , , , , , , ,Yes, , ,Yes, ,Yes,Yes,Yes,Yes,Yes, ,"11,14",,,93,,646
-79.438991,43.668391,80783065,7000304579,2017,2017-02-18T05:00:00.000Z,347,3,DUFFERIN ST,DUPONT ST, ,Major Arterial,Toronto and East York,43.668391,-79.438991,Intersection,At Intersection,Traffic Signal,Clear,"Dark, artificial",Dry,Non-Fatal Injury,Angle,Passenger,20 to 24,Minor,0, , , , , , , , , , , , , ,Yes, , ,Yes, ,Yes,Yes,Yes,Yes,Yes, ,"11,14",,,93,,647
-79.39719,43.726145,5303660,1133515,2009,2009-10-04T04:00:00.000Z,348,3,LAWRENCE Aven E,MOUNT PLEASANT Road, ,Major Arterial,North York,43.726145,-79.39719,Intersection, ,Traffic Signal,Clear,Dark,Dry,Non-Fatal Injury,Rear End,Vehicle Owner,unknown, ,0, ,Other, , , , , , , , , , , ,Yes, , , , ,Yes,Yes,Yes, , , ,"32,53",,,103,,648
-79.39719,43.726145,5303661,1133515,2009,2009-10-04T04:00:00.000Z,348,3,LAWRENCE Aven E,MOUNT PLEASANT Road, ,Major Arterial,North York,43.726145,-79.39719,Intersection, ,Traffic Signal,Clear,Dark,Dry,Non-Fatal Injury,Rear End,Driver,25 to 29,Major,0,East,"Automobile, Station Wagon",Going Ahead,Following too Close,Inattentive, , , , , , , , ,Yes, , , , ,Yes,Yes,Yes, , , ,"32,53",,,103,,649
-79.39719,43.726145,5303662,1133515,2009,2009-10-04T04:00:00.000Z,348,3,LAWRENCE Aven E,MOUNT PLEASANT Road, ,Major Arterial,North York,43.726145,-79.39719,Intersection, ,Traffic Signal,Clear,Dark,Dry,Non-Fatal Injury,Rear End,Passenger,20 to 24,Minimal,0, ,Other, , , , , , , , , , , ,Yes, , , , ,Yes,Yes,Yes, , , ,"32,53",,,103,,650
-79.39719,43.726145,5303663,1133515,2009,2009-10-04T04:00:00.000Z,348,3,LAWRENCE Aven E,MOUNT PLEASANT Road, ,Major Arterial,North York,43.726145,-79.39719,Intersection, ,Traffic Signal,Clear,Dark,Dry,Non-Fatal Injury,Rear End,Vehicle Owner,unknown, ,0, ,Other, , , , , , , , , , , ,Yes, , , , ,Yes,Yes,Yes, , , ,"32,53",,,103,,651
-79.39719,43.726145,5303664,1133515,2009,2009-10-04T04:00:00.000Z,348,3,LAWRENCE Aven E,MOUNT PLEASANT Road, ,Major Arterial,North York,43.726145,-79.39719,Intersection, ,Traffic Signal,Clear,Dark,Dry,Non-Fatal Injury,Rear End,Driver,20 to 24,None,0,East,Other,Stopped,Driving Properly,Normal, , , , , , , , ,Yes, , , , ,Yes,Yes,Yes, , , ,"32,53",,,103,,652
-79.21059,43.737845,5214089,1093203,2009,2009-03-08T05:00:00.000Z,350,3,HILL CRES,HEATHFIELD DR, ,Collector,Scarborough,43.737845,-79.21059,Intersection, ,No Control,Rain,Dark,Wet,Fatal,SMV Other,Other,unknown,None,0,North,Other,Parked, , , , , , , , , , ,Yes, , , , ,Yes,Yes,Yes, ,Yes, ,43,,,139,,653
-79.21059,43.737845,5214090,1093203,2009,2009-03-08T05:00:00.000Z,350,3,HILL CRES,HEATHFIELD DR, ,Collector,Scarborough,43.737845,-79.21059,Intersection, ,No Control,Rain,Dark,Wet,Fatal,SMV Other,Passenger,20 to 24,Fatal,6, ,Other, , , , , , , , , , , ,Yes, , , , ,Yes,Yes,Yes, ,Yes, ,43,,,139,,654
-79.21059,43.737845,5214091,1093203,2009,2009-03-08T05:00:00.000Z,350,3,HILL CRES,HEATHFIELD DR, ,Collector,Scarborough,43.737845,-79.21059,Intersection, ,No Control,Rain,Dark,Wet,Fatal,SMV Other,Driver,20 to 24,Major,0,East,"Automobile, Station Wagon",Going Ahead,Exceeding Speed Limit,"Ability Impaired, Alcohol Over .08", , , , , , , , ,Yes, , , , ,Yes,Yes,Yes, ,Yes, ,43,,,139,,655
-79.30979,43.742145,5751164,1116082,2009,2009-07-25T04:00:00.000Z,350,3,VICTORIA PARK AVE,LAWRENCE AVE E, ,Major Arterial,Scarborough,43.742145,-79.30979,Intersection, ,Traffic Signal,Rain,Dark,Wet,Non-Fatal Injury,SMV Other,Passenger,20 to 24,Major,0, ,Other, , , , , , , , , , , ,Yes, , , , ,Yes,Yes,Yes, , , ,"33,41",,,119,,656
-79.30979,43.742145,5751165,1116082,2009,2009-07-25T04:00:00.000Z,350,3,VICTORIA PARK AVE,LAWRENCE AVE E, ,Major Arterial,Scarborough,43.742145,-79.30979,Intersection, ,Traffic Signal,Rain,Dark,Wet,Non-Fatal Injury,SMV Other,Driver,unknown,Major,0,North,"Automobile, Station Wagon",Going Ahead,Exceeding Speed Limit,Had Been Drinking, , , , , , , , ,Yes, , , , ,Yes,Yes,Yes, , , ,"33,41",,,119,,657
-79.349437,43.697508,8000203,143357519,2014,2014-11-24T05:00:00.000Z,350,3,DON VALLEY PARKWAY  N,LEASIDE BDGE, ,Major Arterial,Toronto and East York,43.697508,-79.349437,Mid-Block, ,No Control,Rain,"Dark, artificial",Wet,Fatal,SMV Other,Driver,20 to 24,Fatal,43,North,"Automobile, Station Wagon",Going Ahead,Exceeding Speed Limit,"Ability Impaired, Alcohol", , , , , , , , ,Yes, , , , , ,Yes,Yes, ,Yes, ,54,,,58,,658
-79.540759,43.650695,80490006,5001705355,2015,2015-10-03T04:00:00.000Z,351,3,BURNHAMTHORPE RD,PRENNAN AVE,1 m East of,Major Arterial,Etobicoke York,43.650695,-79.540759,Intersection,Non Intersection,No Control,Clear,Dark,Dry,Fatal,SMV Other,Driver,35 to 39,Major,0,West,"Automobile, Station Wagon",Going Ahead,Speed too Fast For Condition,Had Been Drinking, , , , , , , , ,Yes, , , , ,Yes,Yes,Yes, , , ,22,,,14,,659
-79.540759,43.650695,80490007,5001705355,2015,2015-10-03T04:00:00.000Z,351,3,BURNHAMTHORPE RD,PRENNAN AVE,1 m East of,Major Arterial,Etobicoke York,43.650695,-79.540759,Intersection,Non Intersection,No Control,Clear,Dark,Dry,Fatal,SMV Other,Passenger,40 to 44,Fatal,48, , , , , , , , , , , , , ,Yes, , , , ,Yes,Yes,Yes, , , ,22,,,14,,660
-79.352985,43.669097,80000105,5000058185,2015,2015-01-11T05:00:00.000Z,353,3,477 BROADVIEW AVE, , ,Minor Arterial,Toronto and East York,43.669097,-79.352985,Mid-Block, ,No Control,Clear,"Dark, artificial",Dry,Fatal,SMV Other,Driver,20 to 24,Fatal,1,South,"Automobile, Station Wagon",Going Ahead,Lost control,Unknown, , , , , , , , ,Yes, , , , , ,Yes,Yes, , , ,55,,,68,,661
-79.4864,43.653998,80503926,6000691297,2016,2016-04-23T04:00:00.000Z,356,3,JANE ST,HUMBERVIEW RD, ,Major Arterial,Toronto and East York,43.653998,-79.4864,Intersection,Non Intersection,No Control,Other,Dark,Other,Fatal,SMV Other,Passenger,20 to 24,Fatal,27, , , , , , , , , , , , , ,Yes, , , , ,Yes,Yes,Yes, , , ,11,,,89,,662
-79.4864,43.653998,80503950,6000691297,2016,2016-04-23T04:00:00.000Z,356,3,JANE ST,HUMBERVIEW RD, ,Major Arterial,Toronto and East York,43.653998,-79.4864,Intersection,Non Intersection,No Control,Other,Dark,Other,Fatal,SMV Other,Driver,20 to 24,Major,0,North,"Automobile, Station Wagon",Going Ahead,Lost control,Unknown, , , , , , , , ,Yes, , , , ,Yes,Yes,Yes, , , ,11,,,89,,663
-79.469775,43.780772,80725697,6002274801,2016,2016-12-24T05:00:00.000Z,356,3,DUFFERIN ST,DOLOMITE DR, ,Major Arterial,North York,43.780772,-79.469775,Intersection,At Intersection,Traffic Signal,Rain,"Dark, artificial",Slush,Non-Fatal Injury,SMV Other,Driver,25 to 29,Major,0,South,"Automobile, Station Wagon",Going Ahead,Lost control,"Ability Impaired, Alcohol", , , , , , , , ,Yes, , , , , ,Yes,Yes, ,Yes, ,32,,,34,,664
-79.43789,43.665845,6623284,1231647,2011,2011-02-19T05:00:00.000Z,357,3,DUFFERIN ST,HALLAM ST, ,Major Arterial,Toronto and East York,43.665845,-79.43789,Intersection, ,No Control,Clear,Daylight,Dry,Non-Fatal Injury,Rear End,Driver,25 to 29,Major,0,North,"Automobile, Station Wagon",Going Ahead,Lost control,"Ability Impaired, Alcohol Over .08", , , , , , , , ,Yes, , , , , ,Yes,Yes, ,Yes, ,"11,14",,,93,,665
-79.43789,43.665845,6623285,1231647,2011,2011-02-19T05:00:00.000Z,357,3,DUFFERIN ST,HALLAM ST, ,Major Arterial,Toronto and East York,43.665845,-79.43789,Intersection, ,No Control,Clear,Daylight,Dry,Non-Fatal Injury,Rear End,Vehicle Owner,unknown, ,0, ,Other, , , , , , , , , , , ,Yes, , , , , ,Yes,Yes, ,Yes, ,"11,14",,,93,,666
-79.43789,43.665845,6623286,1231647,2011,2011-02-19T05:00:00.000Z,357,3,DUFFERIN ST,HALLAM ST, ,Major Arterial,Toronto and East York,43.665845,-79.43789,Intersection, ,No Control,Clear,Daylight,Dry,Non-Fatal Injury,Rear End,Driver,25 to 29,None,0,North,"Automobile, Station Wagon",Going Ahead,Driving Properly,Normal, , , , , , , , ,Yes, , , , , ,Yes,Yes, ,Yes, ,"11,14",,,93,,667
-79.36249,43.681444,7645115,1298040,2012,2012-06-17T04:00:00.000Z,357,3,DON VALLEY PARKWAY  N,PRINCE EDWARD VIADUCT, ,Expressway,Toronto and East York,43.681444,-79.36249,Mid-Block, ,No Control,Clear,"Dark, artificial",Dry,Non-Fatal Injury,Rear End,Vehicle Owner,unknown, ,0, ,Other, , , , , , , , , , , ,Yes, , , , ,Yes,Yes,Yes, , , ,54,,,57,,668
-79.36249,43.681444,7645116,1298040,2012,2012-06-17T04:00:00.000Z,357,3,DON VALLEY PARKWAY  N,PRINCE EDWARD VIADUCT, ,Expressway,Toronto and East York,43.681444,-79.36249,Mid-Block, ,No Control,Clear,"Dark, artificial",Dry,Non-Fatal Injury,Rear End,Driver,25 to 29,Minor,0,North,"Automobile, Station Wagon",Going Ahead,Driving Properly,Normal, , , , , , , , ,Yes, , , , ,Yes,Yes,Yes, , , ,54,,,57,,669
-79.36249,43.681444,7645117,1298040,2012,2012-06-17T04:00:00.000Z,357,3,DON VALLEY PARKWAY  N,PRINCE EDWARD VIADUCT, ,Expressway,Toronto and East York,43.681444,-79.36249,Mid-Block, ,No Control,Clear,"Dark, artificial",Dry,Non-Fatal Injury,Rear End,Passenger,15 to 19,Major,0, ,Other, , , , , , , , , , , ,Yes, , , , ,Yes,Yes,Yes, , , ,54,,,57,,670
-79.36249,43.681444,7645118,1298040,2012,2012-06-17T04:00:00.000Z,357,3,DON VALLEY PARKWAY  N,PRINCE EDWARD VIADUCT, ,Expressway,Toronto and East York,43.681444,-79.36249,Mid-Block, ,No Control,Clear,"Dark, artificial",Dry,Non-Fatal Injury,Rear End,Vehicle Owner,unknown, ,0, ,Other, , , , , , , , , , , ,Yes, , , , ,Yes,Yes,Yes, , , ,54,,,57,,671
-79.36249,43.681444,7645119,1298040,2012,2012-06-17T04:00:00.000Z,357,3,DON VALLEY PARKWAY  N,PRINCE EDWARD VIADUCT, ,Expressway,Toronto and East York,43.681444,-79.36249,Mid-Block, ,No Control,Clear,"Dark, artificial",Dry,Non-Fatal Injury,Rear End,Driver,25 to 29,None,0,North,"Automobile, Station Wagon",Going Ahead,Exceeding Speed Limit,Unknown, , , , , , , , ,Yes, , , , ,Yes,Yes,Yes, , , ,54,,,57,,672
-79.37299,43.657745,7383982,1280050,2012,2012-02-12T05:00:00.000Z,404,4,DUNDAS ST E,GEORGE ST, ,Major Arterial,Toronto and East York,43.657745,-79.37299,Mid-Block,At Intersection,No Control,Clear,"Dark, artificial",Loose Snow,Non-Fatal Injury,SMV Other,Passenger,25 to 29,Minor,0, ,Other, , , , , , , , , , , ,Yes, , , , ,Yes,Yes,Yes, ,Yes, ,51,,,73,,673
-79.37299,43.657745,7383983,1280050,2012,2012-02-12T05:00:00.000Z,404,4,DUNDAS ST E,GEORGE ST, ,Major Arterial,Toronto and East York,43.657745,-79.37299,Mid-Block,At Intersection,No Control,Clear,"Dark, artificial",Loose Snow,Non-Fatal Injury,SMV Other,Passenger,25 to 29,Minor,0, ,Other, , , , , , , , , , , ,Yes, , , , ,Yes,Yes,Yes, ,Yes, ,51,,,73,,674
-79.37299,43.657745,7383984,1280050,2012,2012-02-12T05:00:00.000Z,404,4,DUNDAS ST E,GEORGE ST, ,Major Arterial,Toronto and East York,43.657745,-79.37299,Mid-Block,At Intersection,No Control,Clear,"Dark, artificial",Loose Snow,Non-Fatal Injury,SMV Other,Passenger,15 to 19,Major,0, ,Other, , , , , , , , , , , ,Yes, , , , ,Yes,Yes,Yes, ,Yes, ,51,,,73,,675
-79.37299,43.657745,7383985,1280050,2012,2012-02-12T05:00:00.000Z,404,4,DUNDAS ST E,GEORGE ST, ,Major Arterial,Toronto and East York,43.657745,-79.37299,Mid-Block,At Intersection,No Control,Clear,"Dark, artificial",Loose Snow,Non-Fatal Injury,SMV Other,Driver,35 to 39,Minor,0,East,"Automobile, Station Wagon",Going Ahead,Lost control,"Ability Impaired, Alcohol Over .08", , , , , , , , ,Yes, , , , ,Yes,Yes,Yes, ,Yes, ,51,,,73,,676
-79.46769,43.681845,7474833,1319536,2012,2012-10-14T04:00:00.000Z,410,4,ROGERS RD,OLD WESTON RD, ,Minor Arterial,Toronto and East York,43.681845,-79.46769,Intersection,At Intersection,Traffic Signal,Rain,"Dark, artificial",Wet,Fatal,SMV Other,Driver,30 to 34,Fatal,34,West,"Automobile, Station Wagon",Going Ahead,Speed too Fast For Condition,Unknown, , , , , , , , ,Yes, , , , , ,Yes,Yes, , , ,12,,,110,,677
-79.46769,43.681845,7474834,1319536,2012,2012-10-14T04:00:00.000Z,410,4,ROGERS RD,OLD WESTON RD, ,Minor Arterial,Toronto and East York,43.681845,-79.46769,Intersection,At Intersection,Traffic Signal,Rain,"Dark, artificial",Wet,Fatal,SMV Other,Other,unknown,None,0,East,Other,Parked, , , , , , , , , , ,Yes, , , , , ,Yes,Yes, , , ,12,,,110,,678
-79.46769,43.681845,7474835,1319536,2012,2012-10-14T04:00:00.000Z,410,4,ROGERS RD,OLD WESTON RD, ,Minor Arterial,Toronto and East York,43.681845,-79.46769,Intersection,At Intersection,Traffic Signal,Rain,"Dark, artificial",Wet,Fatal,SMV Other,Other Property Owner,unknown, ,0, ,Other, , , , , , , , , , , ,Yes, , , , , ,Yes,Yes, , , ,12,,,110,,679
-79.35299,43.696845,5412649,1061541,2008,2008-09-29T04:00:00.000Z,412,4,DON VALLEY PARKWAY  S,BEECHWOOD DR, ,Expressway,Toronto and East York,43.696845,-79.35299,Mid-Block, ,No Control,Clear,Dark,Dry,Non-Fatal Injury,Approaching,Passenger,50 to 54,Major,0, ,Other, , , , , , , , , , , ,Yes, , , , ,Yes,Yes,Yes, ,Yes, ,54,,,57,,680
-79.35299,43.696845,5412650,1061541,2008,2008-09-29T04:00:00.000Z,412,4,DON VALLEY PARKWAY  S,BEECHWOOD DR, ,Expressway,Toronto and East York,43.696845,-79.35299,Mid-Block, ,No Control,Clear,Dark,Dry,Non-Fatal Injury,Approaching,Driver,50 to 54,Minor,0,South,"Automobile, Station Wagon",Going Ahead,Driving Properly,Normal, , , , , , , , ,Yes, , , , ,Yes,Yes,Yes, ,Yes, ,54,,,57,,681
-79.35299,43.696845,5412651,1061541,2008,2008-09-29T04:00:00.000Z,412,4,DON VALLEY PARKWAY  S,BEECHWOOD DR, ,Expressway,Toronto and East York,43.696845,-79.35299,Mid-Block, ,No Control,Clear,Dark,Dry,Non-Fatal Injury,Approaching,Vehicle Owner,unknown, ,0, ,Other, , , , , , , , , , , ,Yes, , , , ,Yes,Yes,Yes, ,Yes, ,54,,,57,,682
-79.35299,43.696845,5412652,1061541,2008,2008-09-29T04:00:00.000Z,412,4,DON VALLEY PARKWAY  S,BEECHWOOD DR, ,Expressway,Toronto and East York,43.696845,-79.35299,Mid-Block, ,No Control,Clear,Dark,Dry,Non-Fatal Injury,Approaching,Driver,20 to 24,Minor,0,North,"Automobile, Station Wagon",Going Ahead,Wrong Way on One Way Road,"Ability Impaired, Alcohol Over .08", , , , , , , , ,Yes, , , , ,Yes,Yes,Yes, ,Yes, ,54,,,57,,683
-79.35299,43.696845,5412653,1061541,2008,2008-09-29T04:00:00.000Z,412,4,DON VALLEY PARKWAY  S,BEECHWOOD DR, ,Expressway,Toronto and East York,43.696845,-79.35299,Mid-Block, ,No Control,Clear,Dark,Dry,Non-Fatal Injury,Approaching,Vehicle Owner,unknown, ,0, ,Other, , , , , , , , , , , ,Yes, , , , ,Yes,Yes,Yes, ,Yes, ,54,,,57,,684
-79.35299,43.696845,5412654,1061541,2008,2008-09-29T04:00:00.000Z,412,4,DON VALLEY PARKWAY  S,BEECHWOOD DR, ,Expressway,Toronto and East York,43.696845,-79.35299,Mid-Block, ,No Control,Clear,Dark,Dry,Non-Fatal Injury,Approaching,Driver,25 to 29,Minimal,0,South,"Automobile, Station Wagon",Going Ahead,Driving Properly,Normal, , , , , , , , ,Yes, , , , ,Yes,Yes,Yes, ,Yes, ,54,,,57,,685
-79.21509,43.815945,7400511,1288047,2012,2012-02-03T05:00:00.000Z,415,4,HUPFIELD TRL,PENNYHILL DR, ,Collector,Scarborough,43.815945,-79.21509,Mid-Block, ,No Control,Clear,Dark,Dry,Non-Fatal Injury,SMV Other,Driver,25 to 29,Major,0,South,"Automobile, Station Wagon",Going Ahead,Lost control,"Ability Impaired, Alcohol", , , , , , , , ,Yes, , , , , ,Yes,Yes, ,Yes, ,42,,,132,,686
-79.21509,43.815945,7400512,1288047,2012,2012-02-03T05:00:00.000Z,415,4,HUPFIELD TRL,PENNYHILL DR, ,Collector,Scarborough,43.815945,-79.21509,Mid-Block, ,No Control,Clear,Dark,Dry,Non-Fatal Injury,SMV Other,Other Property Owner,unknown, ,0, ,Other, , , , , , , , , , , ,Yes, , , , , ,Yes,Yes, ,Yes, ,42,,,132,,687
-79.52599,43.703245,6279808,1189375,2010,2010-09-15T04:00:00.000Z,418,4,WESTON RD,CHURCH ST, ,Minor Arterial,Etobicoke York,43.703245,-79.52599,Mid-Block, ,No Control,Clear,Dark,Dry,Fatal,SMV Unattended Vehicle,Other,unknown,None,0,South,Other,Parked, , , , , , , , , , ,Yes, , , , , ,Yes,Yes, , , ,12,,,113,,688
-79.52599,43.703245,6279809,1189375,2010,2010-09-15T04:00:00.000Z,418,4,WESTON RD,CHURCH ST, ,Minor Arterial,Etobicoke York,43.703245,-79.52599,Mid-Block, ,No Control,Clear,Dark,Dry,Fatal,SMV Unattended Vehicle,Vehicle Owner,unknown, ,0, ,Other, , , , , , , , , , , ,Yes, , , , , ,Yes,Yes, , , ,12,,,113,,689
-79.52599,43.703245,6279810,1189375,2010,2010-09-15T04:00:00.000Z,418,4,WESTON RD,CHURCH ST, ,Minor Arterial,Etobicoke York,43.703245,-79.52599,Mid-Block, ,No Control,Clear,Dark,Dry,Fatal,SMV Unattended Vehicle,Driver,25 to 29,Fatal,31,North,"Automobile, Station Wagon",Going Ahead,Lost control,Had Been Drinking, , , , , , , , ,Yes, , , , , ,Yes,Yes, , , ,12,,,113,,690
-79.52599,43.703245,6279811,1189375,2010,2010-09-15T04:00:00.000Z,418,4,WESTON RD,CHURCH ST, ,Minor Arterial,Etobicoke York,43.703245,-79.52599,Mid-Block, ,No Control,Clear,Dark,Dry,Fatal,SMV Unattended Vehicle,Other Property Owner,unknown, ,0, ,Other, , , , , , , , , , , ,Yes, , , , , ,Yes,Yes, , , ,12,,,113,,691
-79.44239,43.636345,5864711,1093205,2009,2009-03-07T05:00:00.000Z,420,4,F G GARDINER XY Expr W,PARKSIDE DR, ,Expressway,Toronto and East York,43.636345,-79.44239,Mid-Block, ,No Control,Clear,Dark,Dry,Non-Fatal Injury,Rear End,Vehicle Owner,unknown, ,0, ,Other, , , , , , , , , , , ,Yes, , , , ,Yes,Yes,Yes, , , ,14,,,85,,692
-79.44239,43.636345,5864712,1093205,2009,2009-03-07T05:00:00.000Z,420,4,F G GARDINER XY Expr W,PARKSIDE DR, ,Expressway,Toronto and East York,43.636345,-79.44239,Mid-Block, ,No Control,Clear,Dark,Dry,Non-Fatal Injury,Rear End,Passenger,30 to 34,Minimal,0, ,Other, , , , , , , , , , , ,Yes, , , , ,Yes,Yes,Yes, , , ,14,,,85,,693
-79.44239,43.636345,5864713,1093205,2009,2009-03-07T05:00:00.000Z,420,4,F G GARDINER XY Expr W,PARKSIDE DR, ,Expressway,Toronto and East York,43.636345,-79.44239,Mid-Block, ,No Control,Clear,Dark,Dry,Non-Fatal Injury,Rear End,Passenger,25 to 29,Minimal,0, ,Other, , , , , , , , , , , ,Yes, , , , ,Yes,Yes,Yes, , , ,14,,,85,,694
-79.44239,43.636345,5864714,1093205,2009,2009-03-07T05:00:00.000Z,420,4,F G GARDINER XY Expr W,PARKSIDE DR, ,Expressway,Toronto and East York,43.636345,-79.44239,Mid-Block, ,No Control,Clear,Dark,Dry,Non-Fatal Injury,Rear End,Passenger,30 to 34,Minimal,0, ,Other, , , , , , , , , , , ,Yes, , , , ,Yes,Yes,Yes, , , ,14,,,85,,695
-79.44239,43.636345,5864715,1093205,2009,2009-03-07T05:00:00.000Z,420,4,F G GARDINER XY Expr W,PARKSIDE DR, ,Expressway,Toronto and East York,43.636345,-79.44239,Mid-Block, ,No Control,Clear,Dark,Dry,Non-Fatal Injury,Rear End,Driver,30 to 34,None,0,West,"Automobile, Station Wagon",Stopped,Driving Properly,Normal, , , , , , , , ,Yes, , , , ,Yes,Yes,Yes, , , ,14,,,85,,696
-79.44239,43.636345,5864716,1093205,2009,2009-03-07T05:00:00.000Z,420,4,F G GARDINER XY Expr W,PARKSIDE DR, ,Expressway,Toronto and East York,43.636345,-79.44239,Mid-Block, ,No Control,Clear,Dark,Dry,Non-Fatal Injury,Rear End,Passenger,25 to 29,None,0, ,Other, , , , , , , , , , , ,Yes, , , , ,Yes,Yes,Yes, , , ,14,,,85,,697
-79.44239,43.636345,5864717,1093205,2009,2009-03-07T05:00:00.000Z,420,4,F G GARDINER XY Expr W,PARKSIDE DR, ,Expressway,Toronto and East York,43.636345,-79.44239,Mid-Block, ,No Control,Clear,Dark,Dry,Non-Fatal Injury,Rear End,Passenger,25 to 29,Minor,0, ,Other, , , , , , , , , , , ,Yes, , , , ,Yes,Yes,Yes, , , ,14,,,85,,698
-79.44239,43.636345,5864718,1093205,2009,2009-03-07T05:00:00.000Z,420,4,F G GARDINER XY Expr W,PARKSIDE DR, ,Expressway,Toronto and East York,43.636345,-79.44239,Mid-Block, ,No Control,Clear,Dark,Dry,Non-Fatal Injury,Rear End,Driver,25 to 29,Major,0,West,"Automobile, Station Wagon",Stopped,Following too Close,Normal, , , , , , , , ,Yes, , , , ,Yes,Yes,Yes, , , ,14,,,85,,699
-79.44239,43.636345,5864719,1093205,2009,2009-03-07T05:00:00.000Z,420,4,F G GARDINER XY Expr W,PARKSIDE DR, ,Expressway,Toronto and East York,43.636345,-79.44239,Mid-Block, ,No Control,Clear,Dark,Dry,Non-Fatal Injury,Rear End,Driver,25 to 29,None,0,West,"Automobile, Station Wagon",Stopped,Driving Properly,Normal, , , , , , , , ,Yes, , , , ,Yes,Yes,Yes, , , ,14,,,85,,700