X,Y,Index_,ACCNUM,YEAR,DATE,TIME,Hour,STREET1,STREET2,OFFSET,ROAD_CLASS,District,LATITUDE,LONGITUDE,LOCCOORD,ACCLOC,TRAFFCTL,VISIBILITY,LIGHT,RDSFCOND,ACCLASS,IMPACTYPE,INVTYPE,INVAGE,INJURY,FATAL_NO,INITDIR,VEHTYPE,MANOEUVER,DRIVACT,DRIVCOND,PEDTYPE,PEDACT,PEDCOND,CYCLISTYPE,CYCACT,CYCCOND,PEDESTRIAN,CYCLIST,AUTOMOBILE,MOTORCYCLE,TRUCK,TRSN_CITY_,EMERG_VEH,PASSENGER,SPEEDING,AG_DRIV,REDLIGHT,ALCOHOL,DISABILITY,Division,Ward_Name,Ward_ID,Hood_ID,Hood_Name,ObjectId
-79.44239,43.636345,5864720,1093205,2009,2009-03-07T05:00:00.000Z,420,4,F G GARDINER XY Expr W,PARKSIDE DR, ,Expressway,Toronto and East York,43.636345,-79.44239,Mid-Block, ,No Control,Clear,Dark,Dry,Non-Fatal Injury,Rear End,Vehicle Owner,unknown, ,0, ,Other, , , , , , , , , , , ,Yes, , , , ,Yes,Yes,Yes, , , ,14,,,85,,701
-79.44239,43.636345,5864721,1093205,2009,2009-03-07T05:00:00.000Z,420,4,F G GARDINER XY Expr W,PARKSIDE DR, ,Expressway,Toronto and East York,43.636345,-79.44239,Mid-Block, ,No Control,Clear,Dark,Dry,Non-Fatal Injury,Rear End,Driver,45 to 49,None,0,West,"Automobile, Station Wagon",Going Ahead,Following too Close,Normal, , , , , , , , ,Yes, , , , ,Yes,Yes,Yes, , , ,14,,,85,,702
-79.277339,43.770754,80500164,6000048776,2016,2016-01-09T05:00:00.000Z,420,4,80 PROGRESS AVE, ,40 m East of,Minor Arterial,Scarborough,43.770754,-79.277339,Mid-Block,Non Intersection,No Control,Rain,"Dark, artificial",Wet,Non-Fatal Injury,SMV Other,Driver,20 to 24,Major,0,West,"Automobile, Station Wagon",Going Ahead,Lost control,Unknown, , , , , , , , ,Yes, , , , , ,Yes,Yes, , , ,41,,,126,,703
-79.440814,43.697718,80244669,5001197879,2015,2015-07-15T04:00:00.000Z,429,4,1500 EGLINTON AVE W, , ,Major Arterial,Toronto and East York,43.697718,-79.440814,Mid-Block,At/Near Private Drive,No Control,Clear,Dark,Dry,Non-Fatal Injury,Pedestrian Collisions,Driver,35 to 39,None,0,South,"Automobile, Station Wagon",Going Ahead,Other,Unknown, , , , , , ,Yes, ,Yes, , , , , ,Yes,Yes, , , ,13,,,107,,704
-79.440814,43.697718,80244670,5001197879,2015,2015-07-15T04:00:00.000Z,429,4,1500 EGLINTON AVE W, , ,Major Arterial,Toronto and East York,43.697718,-79.440814,Mid-Block,At/Near Private Drive,No Control,Clear,Dark,Dry,Non-Fatal Injury,Pedestrian Collisions,Pedestrian,30 to 34,Major,0,Unknown, , , , ,Pedestrian hit at private driveway,Other,Unknown, , , ,Yes, ,Yes, , , , , ,Yes,Yes, , , ,13,,,107,,705
-79.41279,43.775445,6685149,1258191,2011,2011-10-10T04:00:00.000Z,437,4,DORIS AVE,NORTHTOWN WAY, ,Minor Arterial,North York,43.775445,-79.41279,Intersection, ,No Control,Clear,Dark,Dry,Non-Fatal Injury,Pedestrian Collisions,Driver,20 to 24,None,0,North,"Automobile, Station Wagon",Going Ahead,Lost control,"Ability Impaired, Alcohol Over .08", , , , , , ,Yes, ,Yes, , , , , ,Yes,Yes, ,Yes, ,32,,,51,,706
-79.41279,43.775445,6685150,1258191,2011,2011-10-10T04:00:00.000Z,437,4,DORIS AVE,NORTHTOWN WAY, ,Minor Arterial,North York,43.775445,-79.41279,Intersection, ,No Control,Clear,Dark,Dry,Non-Fatal Injury,Pedestrian Collisions,Pedestrian,25 to 29,Major,0,Unknown,Other, , , ,Pedestrian hit on sidewalk or shoulder,On Sidewalk or Shoulder,Unknown, , , ,Yes, ,Yes, , , , , ,Yes,Yes, ,Yes, ,32,,,51,,707
-79.399799,43.674319,80622575,3001064601,2013,2013-11-30T05:00:00.000Z,509,5,295 DAVENPORT RD, , ,Major Arterial,Toronto and East York,43.674319,-79.399799,Intersection,Non Intersection,No Control,Clear,Dark,Dry,Non-Fatal Injury,SMV Other,Driver,45 to 49,Major,0,South,"Automobile, Station Wagon",Going Ahead,Lost control,"Ability Impaired, Alcohol", , , , , , , , ,Yes, , , , , ,Yes,Yes, ,Yes, ,53,,,95,,708
-79.51949,43.694745,5380705,1047657,2008,2008-07-12T04:00:00.000Z,38,0,688 SCARLETT RD, , ,Major Arterial,Etobicoke York,43.694745,-79.51949,Intersection, ,No Control,Clear,Dark,Dry,Fatal,SMV Other,Driver,25 to 29,Fatal,31,South,"Automobile, Station Wagon",Overtaking,Exceeding Speed Limit,Unknown, , , , , , , , ,Yes, , , , , ,Yes,Yes, , , ,23,,,8,,709
-79.36239,43.682345,6698095,1263764,2011,2011-11-10T05:00:00.000Z,1111,11,DON VALLEY PARKWAY  S,BAYVIEW BLOOR DVP RAMP, ,Expressway,Toronto and East York,43.682345,-79.36239,Mid-Block, ,No Control,Clear,Daylight,Dry,Fatal,SMV Other,Driver,50 to 54,None,0,South,"Automobile, Station Wagon",Going Ahead,Driving Properly,Normal, , , , , , , , ,Yes, , , , ,Yes,Yes,Yes, , ,Yes,54,,,57,,710
-79.51949,43.694745,5380706,1047657,2008,2008-07-12T04:00:00.000Z,38,0,688 SCARLETT RD, , ,Major Arterial,Etobicoke York,43.694745,-79.51949,Intersection, ,No Control,Clear,Dark,Dry,Fatal,SMV Other,Other,unknown,None,0,West,"Automobile, Station Wagon",Parked, , , , , , , , , , ,Yes, , , , , ,Yes,Yes, , , ,23,,,8,,711
-79.258098,43.734519,80565835,6001813950,2016,2016-10-12T04:00:00.000Z,1117,11,EGLINTON AVE E,MIDLAND AVE, ,Major Arterial,Scarborough,43.734519,-79.258098,Intersection,Intersection Related,Traffic Signal,Clear,Daylight,Dry,Fatal,Pedestrian Collisions,Pedestrian,40 to 44,Fatal,63,Unknown, , , , ,Pedestrian hit at mid-block,Playing or Working on Highway,Normal, , , ,Yes, ,Yes, , , , , ,Yes,Yes,Yes, , ,41,,,124,,712
-79.258098,43.734519,80565836,6001813950,2016,2016-10-12T04:00:00.000Z,1117,11,EGLINTON AVE E,MIDLAND AVE, ,Major Arterial,Scarborough,43.734519,-79.258098,Intersection,Intersection Related,Traffic Signal,Clear,Daylight,Dry,Fatal,Pedestrian Collisions,Driver,unknown,None,0,East,"Automobile, Station Wagon",Going Ahead,Disobeyed Traffic Control,Unknown, , , , , , ,Yes, ,Yes, , , , , ,Yes,Yes,Yes, , ,41,,,124,,713
-79.339641,43.695563,7890450,1386819,2013,2013-09-15T04:00:00.000Z,1125,11,DON MILLS Rd,O CONNOR Dr, ,Major Arterial,Toronto and East York,43.695563,-79.339641,Intersection, ,Traffic Signal,Clear,Daylight,Dry,Non-Fatal Injury,Rear End,Driver,45 to 49,Minimal,0,South,"Automobile, Station Wagon",Stopped,Driving Properly,Normal, , , , , , , , ,Yes, ,Yes, , ,Yes,Yes,Yes, , , ,54,,,58,,714
-79.339641,43.695563,7890451,1386819,2013,2013-09-15T04:00:00.000Z,1125,11,DON MILLS Rd,O CONNOR Dr, ,Major Arterial,Toronto and East York,43.695563,-79.339641,Intersection, ,Traffic Signal,Clear,Daylight,Dry,Non-Fatal Injury,Rear End,Truck Driver,40 to 44,Minimal,0,South,Truck - Open,Going Ahead,Exceeding Speed Limit,"Ability Impaired, Drugs", , , , , , , , ,Yes, ,Yes, , ,Yes,Yes,Yes, , , ,54,,,58,,715
-79.339641,43.695563,7890452,1386819,2013,2013-09-15T04:00:00.000Z,1125,11,DON MILLS Rd,O CONNOR Dr, ,Major Arterial,Toronto and East York,43.695563,-79.339641,Intersection, ,Traffic Signal,Clear,Daylight,Dry,Non-Fatal Injury,Rear End,Driver,30 to 34,Major,0,South,"Automobile, Station Wagon",Stopped,Driving Properly,Normal, , , , , , , , ,Yes, ,Yes, , ,Yes,Yes,Yes, , , ,54,,,58,,716
-79.339641,43.695563,7890453,1386819,2013,2013-09-15T04:00:00.000Z,1125,11,DON MILLS Rd,O CONNOR Dr, ,Major Arterial,Toronto and East York,43.695563,-79.339641,Intersection, ,Traffic Signal,Clear,Daylight,Dry,Non-Fatal Injury,Rear End,Passenger,60 to 64,Minimal,0, ,Other, , , , , , , , , , , ,Yes, ,Yes, , ,Yes,Yes,Yes, , , ,54,,,58,,717
-79.339641,43.695563,7890454,1386819,2013,2013-09-15T04:00:00.000Z,1125,11,DON MILLS Rd,O CONNOR Dr, ,Major Arterial,Toronto and East York,43.695563,-79.339641,Intersection, ,Traffic Signal,Clear,Daylight,Dry,Non-Fatal Injury,Rear End,Vehicle Owner,unknown, ,0, ,Other, , , , , , , , , , , ,Yes, ,Yes, , ,Yes,Yes,Yes, , , ,54,,,58,,718
-79.339641,43.695563,7890455,1386819,2013,2013-09-15T04:00:00.000Z,1125,11,DON MILLS Rd,O CONNOR Dr, ,Major Arterial,Toronto and East York,43.695563,-79.339641,Intersection, ,Traffic Signal,Clear,Daylight,Dry,Non-Fatal Injury,Rear End,Driver,25 to 29,None,0,South,"Automobile, Station Wagon",Stopped,Driving Properly,Normal, , , , , , , , ,Yes, ,Yes, , ,Yes,Yes,Yes, , , ,54,,,58,,719
-79.339641,43.695563,7890456,1386819,2013,2013-09-15T04:00:00.000Z,1125,11,DON MILLS Rd,O CONNOR Dr, ,Major Arterial,Toronto and East York,43.695563,-79.339641,Intersection, ,Traffic Signal,Clear,Daylight,Dry,Non-Fatal Injury,Rear End,Driver,65 to 69,Major,0,South,"Automobile, Station Wagon",Stopped,Driving Properly,Normal, , , , , , , , ,Yes, ,Yes, , ,Yes,Yes,Yes, , , ,54,,,58,,720
-79.35249,43.649045,5048253,1137133,2009,2009-11-16T05:00:00.000Z,1127,11,F G GARDINER XY  W,CHERRY ST, ,Expressway,Toronto and East York,43.649045,-79.35249,Mid-Block, ,No Control,Clear,Daylight,Dry,Non-Fatal Injury,Rear End,Motorcycle Driver,40 to 44,Major,0,West,Motorcycle,Going Ahead,Speed too Fast For Condition,Normal, , , , , , , , ,Yes,Yes, , , , ,Yes,Yes, , , ,51,,,77,,721
-79.35249,43.649045,5048254,1137133,2009,2009-11-16T05:00:00.000Z,1127,11,F G GARDINER XY  W,CHERRY ST, ,Expressway,Toronto and East York,43.649045,-79.35249,Mid-Block, ,No Control,Clear,Daylight,Dry,Non-Fatal Injury,Rear End,Driver,40 to 44,None,0,West,"Automobile, Station Wagon",Changing Lanes,Driving Properly,Normal, , , , , , , , ,Yes,Yes, , , , ,Yes,Yes, , , ,51,,,77,,722
-79.49939,43.722745,6216742,1200323,2010,2010-10-08T04:00:00.000Z,1130,11,WILSON AVE,PRIVET RD, ,Major Arterial,North York,43.722745,-79.49939,Intersection, ,No Control,Clear,Daylight,Dry,Non-Fatal Injury,Turning Movement,Motorcycle Driver,25 to 29,Major,0,East,Motorcycle,Going Ahead,Driving Properly,Normal, , , , , , , , ,Yes,Yes, , , , ,Yes,Yes, , , ,31,,,26,,723
-79.49939,43.722745,6216743,1200323,2010,2010-10-08T04:00:00.000Z,1130,11,WILSON AVE,PRIVET RD, ,Major Arterial,North York,43.722745,-79.49939,Intersection, ,No Control,Clear,Daylight,Dry,Non-Fatal Injury,Turning Movement,Driver,75 to 79,None,0,West,"Automobile, Station Wagon",Turning Left,Improper Turn,Inattentive, , , , , , , , ,Yes,Yes, , , , ,Yes,Yes, , , ,31,,,26,,724
-79.357433,43.735106,80219096,4002973094,2014,2014-09-24T04:00:00.000Z,1130,11,BANBURY RD,LAWRENCE AVE E,10 m North of,Collector,North York,43.735106,-79.357433,Intersection,Non Intersection,No Control,Clear,Daylight,Dry,Non-Fatal Injury,SMV Other,Driver,65 to 69,Major,0,South,"Automobile, Station Wagon",Going Ahead,Lost control,Medical or Physical Disability, , , , , , , , ,Yes, , , , , ,Yes,Yes, , ,Yes,33,,,42,,725
-79.43719,43.633944,5386401,1050109,2008,2008-07-25T04:00:00.000Z,1133,11,F G GARDINER Expr E,DOWLING Aven, ,Expressway,Toronto and East York,43.633944,-79.43719,Mid-Block, ,No Control,Clear,Daylight,Dry,Non-Fatal Injury,SMV Other,Motorcycle Driver,35 to 39,Major,0,East,Motorcycle,Slowing or Stopping,Speed too Fast For Condition,Normal, , , , , , , , , ,Yes, , , , ,Yes,Yes, , , ,14,,,85,,726
-79.267993,43.832644,7851059,1370122,2013,2013-08-13T04:00:00.000Z,1133,11,STEELES AVE E,MIDDLEFIELD RD, ,Major Arterial,Scarborough,43.832644,-79.267993,Intersection,At Intersection,Traffic Signal,Clear,Daylight,Dry,Fatal,Pedestrian Collisions,Truck Driver,40 to 44,Major,0,East,"Truck - Closed (Blazer, etc)",Going Ahead,Exceeding Speed Limit,Unknown, , , , , , ,Yes, , , ,Yes,Yes, ,Yes,Yes,Yes, , , ,42,,,130,,727
-79.267993,43.832644,7851060,1370122,2013,2013-08-13T04:00:00.000Z,1133,11,STEELES AVE E,MIDDLEFIELD RD, ,Major Arterial,Scarborough,43.832644,-79.267993,Intersection,At Intersection,Traffic Signal,Clear,Daylight,Dry,Fatal,Pedestrian Collisions,Vehicle Owner,unknown, ,0, , , , , , , , , , , ,Yes, , , ,Yes,Yes, ,Yes,Yes,Yes, , , ,42,,,130,,728
-79.267993,43.832644,7851061,1370122,2013,2013-08-13T04:00:00.000Z,1133,11,STEELES AVE E,MIDDLEFIELD RD, ,Major Arterial,Scarborough,43.832644,-79.267993,Intersection,At Intersection,Traffic Signal,Clear,Daylight,Dry,Fatal,Pedestrian Collisions,Passenger,50 to 54,Fatal,30, , , , , , , , , , , ,Yes, , , ,Yes,Yes, ,Yes,Yes,Yes, , , ,42,,,130,,729
-79.267993,43.832644,7851062,1370122,2013,2013-08-13T04:00:00.000Z,1133,11,STEELES AVE E,MIDDLEFIELD RD, ,Major Arterial,Scarborough,43.832644,-79.267993,Intersection,At Intersection,Traffic Signal,Clear,Daylight,Dry,Fatal,Pedestrian Collisions,Driver,35 to 39,Major,0,West,Municipal Transit Bus (TTC),Stopped,Driving Properly,Normal, , , , , , ,Yes, , , ,Yes,Yes, ,Yes,Yes,Yes, , , ,42,,,130,,730
-79.267993,43.832644,7851063,1370122,2013,2013-08-13T04:00:00.000Z,1133,11,STEELES AVE E,MIDDLEFIELD RD, ,Major Arterial,Scarborough,43.832644,-79.267993,Intersection,At Intersection,Traffic Signal,Clear,Daylight,Dry,Fatal,Pedestrian Collisions,Passenger,20 to 24,Minor,0, , , , , , , , , , , ,Yes, , , ,Yes,Yes, ,Yes,Yes,Yes, , , ,42,,,130,,731
-79.267993,43.832644,7851064,1370122,2013,2013-08-13T04:00:00.000Z,1133,11,STEELES AVE E,MIDDLEFIELD RD, ,Major Arterial,Scarborough,43.832644,-79.267993,Intersection,At Intersection,Traffic Signal,Clear,Daylight,Dry,Fatal,Pedestrian Collisions,Passenger,unknown,Minimal,0, , , , , , , , , , , ,Yes, , , ,Yes,Yes, ,Yes,Yes,Yes, , , ,42,,,130,,732
-79.267993,43.832644,7851065,1370122,2013,2013-08-13T04:00:00.000Z,1133,11,STEELES AVE E,MIDDLEFIELD RD, ,Major Arterial,Scarborough,43.832644,-79.267993,Intersection,At Intersection,Traffic Signal,Clear,Daylight,Dry,Fatal,Pedestrian Collisions,Passenger,5 to 9,Minimal,0, , , , , , , , , , , ,Yes, , , ,Yes,Yes, ,Yes,Yes,Yes, , , ,42,,,130,,733
-79.267993,43.832644,7851066,1370122,2013,2013-08-13T04:00:00.000Z,1133,11,STEELES AVE E,MIDDLEFIELD RD, ,Major Arterial,Scarborough,43.832644,-79.267993,Intersection,At Intersection,Traffic Signal,Clear,Daylight,Dry,Fatal,Pedestrian Collisions,Passenger,30 to 34,Minor,0, , , , , , , , , , , ,Yes, , , ,Yes,Yes, ,Yes,Yes,Yes, , , ,42,,,130,,734
-79.267993,43.832644,7851067,1370122,2013,2013-08-13T04:00:00.000Z,1133,11,STEELES AVE E,MIDDLEFIELD RD, ,Major Arterial,Scarborough,43.832644,-79.267993,Intersection,At Intersection,Traffic Signal,Clear,Daylight,Dry,Fatal,Pedestrian Collisions,Passenger,55 to 59,Minor,0, , , , , , , , , , , ,Yes, , , ,Yes,Yes, ,Yes,Yes,Yes, , , ,42,,,130,,735
-79.267993,43.832644,7851068,1370122,2013,2013-08-13T04:00:00.000Z,1133,11,STEELES AVE E,MIDDLEFIELD RD, ,Major Arterial,Scarborough,43.832644,-79.267993,Intersection,At Intersection,Traffic Signal,Clear,Daylight,Dry,Fatal,Pedestrian Collisions,Passenger,15 to 19,Minor,0, , , , , , , , , , , ,Yes, , , ,Yes,Yes, ,Yes,Yes,Yes, , , ,42,,,130,,736
-79.267993,43.832644,7851069,1370122,2013,2013-08-13T04:00:00.000Z,1133,11,STEELES AVE E,MIDDLEFIELD RD, ,Major Arterial,Scarborough,43.832644,-79.267993,Intersection,At Intersection,Traffic Signal,Clear,Daylight,Dry,Fatal,Pedestrian Collisions,Passenger,20 to 24,Minor,0, , , , , , , , , , , ,Yes, , , ,Yes,Yes, ,Yes,Yes,Yes, , , ,42,,,130,,737
-79.267993,43.832644,7851070,1370122,2013,2013-08-13T04:00:00.000Z,1133,11,STEELES AVE E,MIDDLEFIELD RD, ,Major Arterial,Scarborough,43.832644,-79.267993,Intersection,At Intersection,Traffic Signal,Clear,Daylight,Dry,Fatal,Pedestrian Collisions,Passenger,30 to 34,Minor,0, , , , , , , , , , , ,Yes, , , ,Yes,Yes, ,Yes,Yes,Yes, , , ,42,,,130,,738
-79.267993,43.832644,7851071,1370122,2013,2013-08-13T04:00:00.000Z,1133,11,STEELES AVE E,MIDDLEFIELD RD, ,Major Arterial,Scarborough,43.832644,-79.267993,Intersection,At Intersection,Traffic Signal,Clear,Daylight,Dry,Fatal,Pedestrian Collisions,Pedestrian,40 to 44,Major,0,Unknown, , , , ,Pedestrian hit on sidewalk or shoulder,On Sidewalk or Shoulder,Unknown, , , ,Yes, , , ,Yes,Yes, ,Yes,Yes,Yes, , , ,42,,,130,,739
-79.352901,43.666148,80512538,6000789815,2016,2016-05-08T04:00:00.000Z,1133,11,BROADVIEW AVE,JACK LAYTON WAY, ,Minor Arterial,Toronto and East York,43.666148,-79.352901,Intersection,Intersection Related,No Control,Clear,Daylight,Dry,Non-Fatal Injury,Sideswipe,Driver,70 to 74,None,0,North,"Automobile, Station Wagon",Pulling Away from Shoulder or Curb,Failed to Yield Right of Way,Normal, , , , , , , , ,Yes,Yes, , , , ,Yes,Yes, , , ,55,,,68,,740
-79.352901,43.666148,80512539,6000789815,2016,2016-05-08T04:00:00.000Z,1133,11,BROADVIEW AVE,JACK LAYTON WAY, ,Minor Arterial,Toronto and East York,43.666148,-79.352901,Intersection,Intersection Related,No Control,Clear,Daylight,Dry,Non-Fatal Injury,Sideswipe,Motorcycle Driver,30 to 34,Major,0,North,Motorcycle,Going Ahead,Driving Properly,Normal, , , , , , , , ,Yes,Yes, , , , ,Yes,Yes, , , ,55,,,68,,741
-79.52689,43.617745,6625521,1232571,2011,2011-05-10T04:00:00.000Z,1134,11,F G GARDINER XY Expr W,KIPLING AVE, ,Expressway,Etobicoke York,43.617745,-79.52689,Mid-Block, ,No Control,Clear,Daylight,Dry,Non-Fatal Injury,Rear End,Vehicle Owner,unknown, ,0, ,Other, , , , , , , , , , , ,Yes, , , , ,Yes,Yes,Yes, , , ,22,,,17,,742
-79.52689,43.617745,6625522,1232571,2011,2011-05-10T04:00:00.000Z,1134,11,F G GARDINER XY Expr W,KIPLING AVE, ,Expressway,Etobicoke York,43.617745,-79.52689,Mid-Block, ,No Control,Clear,Daylight,Dry,Non-Fatal Injury,Rear End,Driver,50 to 54,None,0,West,"Automobile, Station Wagon",Slowing or Stopping,Driving Properly,Normal, , , , , , , , ,Yes, , , , ,Yes,Yes,Yes, , , ,22,,,17,,743
-79.52689,43.617745,6625523,1232571,2011,2011-05-10T04:00:00.000Z,1134,11,F G GARDINER XY Expr W,KIPLING AVE, ,Expressway,Etobicoke York,43.617745,-79.52689,Mid-Block, ,No Control,Clear,Daylight,Dry,Non-Fatal Injury,Rear End,Passenger,40 to 44,Minimal,0, ,Other, , , , , , , , , , , ,Yes, , , , ,Yes,Yes,Yes, , , ,22,,,17,,744
-79.52689,43.617745,6625524,1232571,2011,2011-05-10T04:00:00.000Z,1134,11,F G GARDINER XY Expr W,KIPLING AVE, ,Expressway,Etobicoke York,43.617745,-79.52689,Mid-Block, ,No Control,Clear,Daylight,Dry,Non-Fatal Injury,Rear End,Driver,65 to 69,Minor,0,West,"Automobile, Station Wagon",Going Ahead,Driving Properly,Normal, , , , , , , , ,Yes, , , , ,Yes,Yes,Yes, , , ,22,,,17,,745
-79.52689,43.617745,6625525,1232571,2011,2011-05-10T04:00:00.000Z,1134,11,F G GARDINER XY Expr W,KIPLING AVE, ,Expressway,Etobicoke York,43.617745,-79.52689,Mid-Block, ,No Control,Clear,Daylight,Dry,Non-Fatal Injury,Rear End,Vehicle Owner,unknown, ,0, ,Other, , , , , , , , , , , ,Yes, , , , ,Yes,Yes,Yes, , , ,22,,,17,,746
-79.52689,43.617745,6625526,1232571,2011,2011-05-10T04:00:00.000Z,1134,11,F G GARDINER XY Expr W,KIPLING AVE, ,Expressway,Etobicoke York,43.617745,-79.52689,Mid-Block, ,No Control,Clear,Daylight,Dry,Non-Fatal Injury,Rear End,Driver,50 to 54,Minor,0,West,"Automobile, Station Wagon",Going Ahead,Driving Properly,Normal, , , , , , , , ,Yes, , , , ,Yes,Yes,Yes, , , ,22,,,17,,747
-79.52689,43.617745,6625527,1232571,2011,2011-05-10T04:00:00.000Z,1134,11,F G GARDINER XY Expr W,KIPLING AVE, ,Expressway,Etobicoke York,43.617745,-79.52689,Mid-Block, ,No Control,Clear,Daylight,Dry,Non-Fatal Injury,Rear End,Driver,25 to 29,Major,0,West,"Automobile, Station Wagon",Slowing or Stopping,Driving Properly,Normal, , , , , , , , ,Yes, , , , ,Yes,Yes,Yes, , , ,22,,,17,,748
-79.52689,43.617745,6625528,1232571,2011,2011-05-10T04:00:00.000Z,1134,11,F G GARDINER XY Expr W,KIPLING AVE, ,Expressway,Etobicoke York,43.617745,-79.52689,Mid-Block, ,No Control,Clear,Daylight,Dry,Non-Fatal Injury,Rear End,Vehicle Owner,unknown, ,0, ,Other, , , , , , , , , , , ,Yes, , , , ,Yes,Yes,Yes, , , ,22,,,17,,749
-79.52689,43.617745,6625529,1232571,2011,2011-05-10T04:00:00.000Z,1134,11,F G GARDINER XY Expr W,KIPLING AVE, ,Expressway,Etobicoke York,43.617745,-79.52689,Mid-Block, ,No Control,Clear,Daylight,Dry,Non-Fatal Injury,Rear End,Driver,25 to 29,Major,0,West,"Automobile, Station Wagon",Slowing or Stopping,Driving Properly,Normal, , , , , , , , ,Yes, , , , ,Yes,Yes,Yes, , , ,22,,,17,,750
-79.52689,43.617745,6625530,1232571,2011,2011-05-10T04:00:00.000Z,1134,11,F G GARDINER XY Expr W,KIPLING AVE, ,Expressway,Etobicoke York,43.617745,-79.52689,Mid-Block, ,No Control,Clear,Daylight,Dry,Non-Fatal Injury,Rear End,Passenger,25 to 29,Minimal,0, ,Other, , , , , , , , , , , ,Yes, , , , ,Yes,Yes,Yes, , , ,22,,,17,,751
-79.52689,43.617745,6625531,1232571,2011,2011-05-10T04:00:00.000Z,1134,11,F G GARDINER XY Expr W,KIPLING AVE, ,Expressway,Etobicoke York,43.617745,-79.52689,Mid-Block, ,No Control,Clear,Daylight,Dry,Non-Fatal Injury,Rear End,Vehicle Owner,unknown, ,0, ,Other, , , , , , , , , , , ,Yes, , , , ,Yes,Yes,Yes, , , ,22,,,17,,752
-79.52689,43.617745,6625532,1232571,2011,2011-05-10T04:00:00.000Z,1134,11,F G GARDINER XY Expr W,KIPLING AVE, ,Expressway,Etobicoke York,43.617745,-79.52689,Mid-Block, ,No Control,Clear,Daylight,Dry,Non-Fatal Injury,Rear End,Driver,25 to 29,Minimal,0,West,"Automobile, Station Wagon",Going Ahead,Exceeding Speed Limit,Unknown, , , , , , , , ,Yes, , , , ,Yes,Yes,Yes, , , ,22,,,17,,753
-79.23449,43.741545,5365594,1040898,2008,2008-05-30T04:00:00.000Z,1138,11,331 TRUDELLE St, , ,Collector,Scarborough,43.741545,-79.23449,Intersection, ,No Control,Rain,Daylight,Wet,Non-Fatal Injury,Pedestrian Collisions,Driver,50 to 54,Major,0,North,"Automobile, Station Wagon",Going Ahead,Lost control,Medical or Physical Disability, , , , , , ,Yes, ,Yes, , , , , ,Yes,Yes, , ,Yes,43,,,138,,754
-79.23449,43.741545,5365595,1040898,2008,2008-05-30T04:00:00.000Z,1138,11,331 TRUDELLE St, , ,Collector,Scarborough,43.741545,-79.23449,Intersection, ,No Control,Rain,Daylight,Wet,Non-Fatal Injury,Pedestrian Collisions,Other,unknown,Major,0, ,Other,Parked, , , , , , , , ,Yes, ,Yes, , , , , ,Yes,Yes, , ,Yes,43,,,138,,755
-79.23449,43.741545,5365596,1040898,2008,2008-05-30T04:00:00.000Z,1138,11,331 TRUDELLE St, , ,Collector,Scarborough,43.741545,-79.23449,Intersection, ,No Control,Rain,Daylight,Wet,Non-Fatal Injury,Pedestrian Collisions,Pedestrian,10 to 14,Major,0,Unknown,Other,Other, , ,Pedestrian hit on sidewalk or shoulder,On Sidewalk or Shoulder,Normal, , , ,Yes, ,Yes, , , , , ,Yes,Yes, , ,Yes,43,,,138,,756
-79.42749,43.670345,7500724,1330495,2012,2012-10-20T04:00:00.000Z,1145,11,DUPONT ST,OSSINGTON AVE, ,Major Arterial,Toronto and East York,43.670345,-79.42749,Mid-Block, ,No Control,Clear,Daylight,Dry,Non-Fatal Injury,Turning Movement,Motorcycle Driver,30 to 34,Major,0,East,Motorcycle,Going Ahead,Driving Properly,Normal, , , , , , , , ,Yes,Yes, , , , ,Yes,Yes, , , ,14,,,93,,757
-79.42749,43.670345,7500725,1330495,2012,2012-10-20T04:00:00.000Z,1145,11,DUPONT ST,OSSINGTON AVE, ,Major Arterial,Toronto and East York,43.670345,-79.42749,Mid-Block, ,No Control,Clear,Daylight,Dry,Non-Fatal Injury,Turning Movement,Vehicle Owner,unknown, ,0, ,Other, , , , , , , , , , , ,Yes,Yes, , , , ,Yes,Yes, , , ,14,,,93,,758
-79.42749,43.670345,7500726,1330495,2012,2012-10-20T04:00:00.000Z,1145,11,DUPONT ST,OSSINGTON AVE, ,Major Arterial,Toronto and East York,43.670345,-79.42749,Mid-Block, ,No Control,Clear,Daylight,Dry,Non-Fatal Injury,Turning Movement,Driver,60 to 64,None,0,West,"Automobile, Station Wagon",Making U Turn,Improper Turn,Inattentive, , , , , , , , ,Yes,Yes, , , , ,Yes,Yes, , , ,14,,,93,,759
-79.330394,43.728484,80221056,4003152521,2014,2014-10-22T04:00:00.000Z,1145,11,DON VALLEY PARKWAY  S,WYNFORD DR,200 m North of,Expressway,North York,43.728484,-79.330394,Mid-Block,Non Intersection,No Control,Clear,Daylight,Dry,Non-Fatal Injury,Rear End,Motorcycle Driver,15 to 19,Major,0,South,Motorcycle,Going Ahead,Speed too Fast For Condition,Inattentive, , , , , , , , ,Yes,Yes, , , , ,Yes,Yes, , , ,33,,,42,,760
-79.330394,43.728484,80221057,4003152521,2014,2014-10-22T04:00:00.000Z,1145,11,DON VALLEY PARKWAY  S,WYNFORD DR,200 m North of,Expressway,North York,43.728484,-79.330394,Mid-Block,Non Intersection,No Control,Clear,Daylight,Dry,Non-Fatal Injury,Rear End,Driver,55 to 59,None,0,South,"Automobile, Station Wagon",Stopped,Driving Properly,Normal, , , , , , , , ,Yes,Yes, , , , ,Yes,Yes, , , ,33,,,42,,761