X,Y,Index_,ACCNUM,YEAR,DATE,TIME,Hour,STREET1,STREET2,OFFSET,ROAD_CLASS,District,LATITUDE,LONGITUDE,LOCCOORD,ACCLOC,TRAFFCTL,VISIBILITY,LIGHT,RDSFCOND,ACCLASS,IMPACTYPE,INVTYPE,INVAGE,INJURY,FATAL_NO,INITDIR,VEHTYPE,MANOEUVER,DRIVACT,DRIVCOND,PEDTYPE,PEDACT,PEDCOND,CYCLISTYPE,CYCACT,CYCCOND,PEDESTRIAN,CYCLIST,AUTOMOBILE,MOTORCYCLE,TRUCK,TRSN_CITY_,EMERG_VEH,PASSENGER,SPEEDING,AG_DRIV,REDLIGHT,ALCOHOL,DISABILITY,Division,Ward_Name,Ward_ID,Hood_ID,Hood_Name,ObjectId
-79.570003,43.651831,80219107,4002973211,2014,2014-09-24T04:00:00.000Z,1151,11,551 THE WEST MALL, , ,Minor Arterial,Etobicoke York,43.651831,-79.570003,Mid-Block,Non Intersection,No Control,Clear,Daylight,Dry,Non-Fatal Injury,SMV Other,Driver,75 to 79,Major,0,North,"Automobile, Station Wagon",Going Ahead,Lost control,Unknown, , , , , , , , ,Yes, , , , , ,Yes,Yes, , , ,22,,,13,,762
-79.257335,43.699797,80682322,3001131937,2013,2013-12-11T05:00:00.000Z,1153,11,CLAREMORE AVE,KINGSTON RD,450 m West of,Minor Arterial,Scarborough,43.699797,-79.257335,Mid-Block,Non Intersection,No Control,Clear,Daylight,Dry,Non-Fatal Injury,Sideswipe,Driver,15 to 19,Major,0,West,"Automobile, Station Wagon",Changing Lanes,Other,Normal, , , , , , , , ,Yes, , , , ,Yes,Yes,Yes, , , ,41,,,122,,763
-79.257335,43.699797,80682323,3001131937,2013,2013-12-11T05:00:00.000Z,1153,11,CLAREMORE AVE,KINGSTON RD,450 m West of,Minor Arterial,Scarborough,43.699797,-79.257335,Mid-Block,Non Intersection,No Control,Clear,Daylight,Dry,Non-Fatal Injury,Sideswipe,Passenger,15 to 19,None,0, , , , , , , , , , , , , ,Yes, , , , ,Yes,Yes,Yes, , , ,41,,,122,,764
-79.257335,43.699797,80682324,3001131937,2013,2013-12-11T05:00:00.000Z,1153,11,CLAREMORE AVE,KINGSTON RD,450 m West of,Minor Arterial,Scarborough,43.699797,-79.257335,Mid-Block,Non Intersection,No Control,Clear,Daylight,Dry,Non-Fatal Injury,Sideswipe,Passenger,15 to 19,Major,0, , , , , , , , , , , , , ,Yes, , , , ,Yes,Yes,Yes, , , ,41,,,122,,765
-79.257335,43.699797,80682325,3001131937,2013,2013-12-11T05:00:00.000Z,1153,11,CLAREMORE AVE,KINGSTON RD,450 m West of,Minor Arterial,Scarborough,43.699797,-79.257335,Mid-Block,Non Intersection,No Control,Clear,Daylight,Dry,Non-Fatal Injury,Sideswipe,Passenger,15 to 19,Major,0, , , , , , , , , , , , , ,Yes, , , , ,Yes,Yes,Yes, , , ,41,,,122,,766
-79.53989,43.698545,6661465,1247862,2011,2011-08-07T04:00:00.000Z,1154,11,DIXON RD,GOLFWOOD HTS Heig, ,Major Arterial,Etobicoke York,43.698545,-79.53989,Intersection,At Intersection,Traffic Signal,Clear,Daylight,Dry,Fatal,Turning Movement,Motorcycle Driver,30 to 34,Fatal,17,West,Motorcycle,Going Ahead,Exceeding Speed Limit,Normal, , , , , , , , ,Yes,Yes, , , , ,Yes,Yes, , , ,23,,,6,,767
-79.53989,43.698545,6661466,1247862,2011,2011-08-07T04:00:00.000Z,1154,11,DIXON RD,GOLFWOOD HTS Heig, ,Major Arterial,Etobicoke York,43.698545,-79.53989,Intersection,At Intersection,Traffic Signal,Clear,Daylight,Dry,Fatal,Turning Movement,Driver,75 to 79,Minimal,0,East,"Automobile, Station Wagon",Turning Left,Driving Properly,Normal, , , , , , , , ,Yes,Yes, , , , ,Yes,Yes, , , ,23,,,6,,768
-79.53989,43.698545,6661467,1247862,2011,2011-08-07T04:00:00.000Z,1154,11,DIXON RD,GOLFWOOD HTS Heig, ,Major Arterial,Etobicoke York,43.698545,-79.53989,Intersection,At Intersection,Traffic Signal,Clear,Daylight,Dry,Fatal,Turning Movement,Other Property Owner,unknown, ,0, ,Other, , , , , , , , , , , ,Yes,Yes, , , , ,Yes,Yes, , , ,23,,,6,,769
-79.50759,43.600245,6712512,1269892,2011,2011-10-31T04:00:00.000Z,1154,11,LAKE SHORE BLVD W,NINTH ST, ,Major Arterial,Etobicoke York,43.600245,-79.50759,Intersection,At Intersection,Stop Sign,Clear,Daylight,Dry,Non-Fatal Injury,Turning Movement,Vehicle Owner,unknown, ,0, ,Other, , , , , , , , , , , ,Yes,Yes, , , , ,Yes,Yes, , , ,22,,,18,,770
-79.50759,43.600245,6712513,1269892,2011,2011-10-31T04:00:00.000Z,1154,11,LAKE SHORE BLVD W,NINTH ST, ,Major Arterial,Etobicoke York,43.600245,-79.50759,Intersection,At Intersection,Stop Sign,Clear,Daylight,Dry,Non-Fatal Injury,Turning Movement,Motorcycle Driver,55 to 59,Major,0,East,Motorcycle,Going Ahead,Driving Properly,Normal, , , , , , , , ,Yes,Yes, , , , ,Yes,Yes, , , ,22,,,18,,771
-79.50759,43.600245,6712514,1269892,2011,2011-10-31T04:00:00.000Z,1154,11,LAKE SHORE BLVD W,NINTH ST, ,Major Arterial,Etobicoke York,43.600245,-79.50759,Intersection,At Intersection,Stop Sign,Clear,Daylight,Dry,Non-Fatal Injury,Turning Movement,Driver,75 to 79,Minor,0,North,"Automobile, Station Wagon",Turning Left,Failed to Yield Right of Way,Normal, , , , , , , , ,Yes,Yes, , , , ,Yes,Yes, , , ,22,,,18,,772
-79.524761,43.632872,80503684,6000576751,2016,2016-04-05T04:00:00.000Z,1204,12,200 NORSEMAN ST, ,420 m West of,Collector,Etobicoke York,43.632872,-79.524761,Mid-Block,Non Intersection,No Control,Clear,Daylight,Dry,Non-Fatal Injury,Turning Movement,Driver,20 to 24,Major,0,West,"Automobile, Station Wagon",Overtaking,Improper Passing,Inattentive, , , , , , , , ,Yes, , , , , ,Yes,Yes, , , ,22,,,14,,773
-79.524761,43.632872,80503685,6000576751,2016,2016-04-05T04:00:00.000Z,1204,12,200 NORSEMAN ST, ,420 m West of,Collector,Etobicoke York,43.632872,-79.524761,Mid-Block,Non Intersection,No Control,Clear,Daylight,Dry,Non-Fatal Injury,Turning Movement,Driver,55 to 59,Minimal,0,West,"Automobile, Station Wagon",Turning Left,Driving Properly,Normal, , , , , , , , ,Yes, , , , , ,Yes,Yes, , , ,22,,,14,,774
-79.23999,43.826745,6633714,1236141,2011,2011-04-15T04:00:00.000Z,1206,12,MCNICOLL AVE,TAPSCOTT RD, ,Minor Arterial,Scarborough,43.826745,-79.23999,Mid-Block, ,No Control,Clear,Daylight,Dry,Non-Fatal Injury,SMV Other,Driver,25 to 29,Major,0,West,"Automobile, Station Wagon",Going Ahead,Lost control,Normal, , , , , , , , ,Yes, , , , , ,Yes,Yes, , , ,42,,,131,,775
-79.23999,43.826745,6633715,1236141,2011,2011-04-15T04:00:00.000Z,1206,12,MCNICOLL AVE,TAPSCOTT RD, ,Minor Arterial,Scarborough,43.826745,-79.23999,Mid-Block, ,No Control,Clear,Daylight,Dry,Non-Fatal Injury,SMV Other,Other Property Owner,unknown, ,0, ,Other, , , , , , , , , , , ,Yes, , , , , ,Yes,Yes, , , ,42,,,131,,776
-79.23999,43.826745,6633716,1236141,2011,2011-04-15T04:00:00.000Z,1206,12,MCNICOLL AVE,TAPSCOTT RD, ,Minor Arterial,Scarborough,43.826745,-79.23999,Mid-Block, ,No Control,Clear,Daylight,Dry,Non-Fatal Injury,SMV Other,Other Property Owner,unknown, ,0, ,Other, , , , , , , , , , , ,Yes, , , , , ,Yes,Yes, , , ,42,,,131,,777
-79.375842,43.666476,80251602,5001670080,2015,2015-09-27T04:00:00.000Z,1220,12,HOMEWOOD AVE,WELLESLEY ST E, ,Minor Arterial,Toronto and East York,43.666476,-79.375842,Intersection,At Intersection,Traffic Signal,Clear,Daylight,Dry,Non-Fatal Injury,Cyclist Collisions,Driver,40 to 44,None,0,South,"Automobile, Station Wagon",Turning Right,Failed to Yield Right of Way,Inattentive, , , , , , , ,Yes,Yes, , , , , ,Yes,Yes, , , ,51,,,71,,778
-79.375842,43.666476,80251603,5001670080,2015,2015-09-27T04:00:00.000Z,1220,12,HOMEWOOD AVE,WELLESLEY ST E, ,Minor Arterial,Toronto and East York,43.666476,-79.375842,Intersection,At Intersection,Traffic Signal,Clear,Daylight,Dry,Non-Fatal Injury,Cyclist Collisions,Cyclist,25 to 29,Major,0,East,Bicycle,Going Ahead, , , , , ,Motorist turning right on red at signalized intersection strikes cyclist.,Driving Properly,Normal, ,Yes,Yes, , , , , ,Yes,Yes, , , ,51,,,71,,779
-79.467586,43.672461,80632061,6001286776,2016,2016-07-22T04:00:00.000Z,1223,12,ST CLAIR AVE W,WESTON RD, ,Major Arterial,Etobicoke York,43.672461,-79.467586,Intersection,At Intersection,Traffic Signal,Clear,Daylight,Dry,Non-Fatal Injury,Pedestrian Collisions,Driver,25 to 29,Minor,0,East,"Automobile, Station Wagon",Turning Left,Failed to Yield Right of Way,Inattentive, , , , , , ,Yes, ,Yes, , , , , ,Yes,Yes, , , ,"12,11",,,90,,780
-79.467586,43.672461,80632062,6001286776,2016,2016-07-22T04:00:00.000Z,1223,12,ST CLAIR AVE W,WESTON RD, ,Major Arterial,Etobicoke York,43.672461,-79.467586,Intersection,At Intersection,Traffic Signal,Clear,Daylight,Dry,Non-Fatal Injury,Pedestrian Collisions,Driver,25 to 29,Minimal,0,West,"Automobile, Station Wagon",Going Ahead,Driving Properly,Normal, , , , , , ,Yes, ,Yes, , , , , ,Yes,Yes, , , ,"12,11",,,90,,781
-79.467586,43.672461,80632063,6001286776,2016,2016-07-22T04:00:00.000Z,1223,12,ST CLAIR AVE W,WESTON RD, ,Major Arterial,Etobicoke York,43.672461,-79.467586,Intersection,At Intersection,Traffic Signal,Clear,Daylight,Dry,Non-Fatal Injury,Pedestrian Collisions,Pedestrian,40 to 44,Major,0,Unknown, , , , ,Pedestrian hit on sidewalk or shoulder,On Sidewalk or Shoulder,Normal, , , ,Yes, ,Yes, , , , , ,Yes,Yes, , , ,"12,11",,,90,,782
-79.467586,43.672461,80632064,6001286776,2016,2016-07-22T04:00:00.000Z,1223,12,ST CLAIR AVE W,WESTON RD, ,Major Arterial,Etobicoke York,43.672461,-79.467586,Intersection,At Intersection,Traffic Signal,Clear,Daylight,Dry,Non-Fatal Injury,Pedestrian Collisions,Pedestrian,35 to 39,Minor,0,Unknown, , , , ,Pedestrian hit on sidewalk or shoulder,On Sidewalk or Shoulder,Normal, , , ,Yes, ,Yes, , , , , ,Yes,Yes, , , ,"12,11",,,90,,783
-79.467586,43.672461,80632065,6001286776,2016,2016-07-22T04:00:00.000Z,1223,12,ST CLAIR AVE W,WESTON RD, ,Major Arterial,Etobicoke York,43.672461,-79.467586,Intersection,At Intersection,Traffic Signal,Clear,Daylight,Dry,Non-Fatal Injury,Pedestrian Collisions,Pedestrian,55 to 59,Minor,0,Unknown, , , , ,Pedestrian hit on sidewalk or shoulder,On Sidewalk or Shoulder,Normal, , , ,Yes, ,Yes, , , , , ,Yes,Yes, , , ,"12,11",,,90,,784
-79.466281,43.669467,80632092,6001402361,2016,2016-08-09T04:00:00.000Z,1228,12,KEELE ST,HIRONS ST, ,Major Arterial,Etobicoke York,43.669467,-79.466281,Intersection,At Intersection,Stop Sign,Clear,Daylight,Dry,Non-Fatal Injury,Turning Movement,Motorcycle Driver,30 to 34,Major,0,North,Motorcycle,Going Ahead,Exceeding Speed Limit,Inattentive, , , , , , , , ,Yes,Yes, , , , ,Yes,Yes, , , ,11,,,90,,785
-79.466281,43.669467,80632093,6001402361,2016,2016-08-09T04:00:00.000Z,1228,12,KEELE ST,HIRONS ST, ,Major Arterial,Etobicoke York,43.669467,-79.466281,Intersection,At Intersection,Stop Sign,Clear,Daylight,Dry,Non-Fatal Injury,Turning Movement,Driver,55 to 59,None,0,East,"Automobile, Station Wagon",Turning Left,Driving Properly,Normal, , , , , , , , ,Yes,Yes, , , , ,Yes,Yes, , , ,11,,,90,,786
-79.26119,43.752345,5338059,1028580,2008,2008-03-04T05:00:00.000Z,1230,12,2701 LAWRENCE AVE E, , ,Major Arterial,Scarborough,43.752345,-79.26119,Mid-Block, ,No Control,Clear,Daylight,Dry,Non-Fatal Injury,Pedestrian Collisions,Vehicle Owner,unknown, ,0, ,Other, , , , , , , , , ,Yes, ,Yes, , , , , ,Yes,Yes, , , ,41,,,127,,787
-79.26119,43.752345,5338060,1028580,2008,2008-03-04T05:00:00.000Z,1230,12,2701 LAWRENCE AVE E, , ,Major Arterial,Scarborough,43.752345,-79.26119,Mid-Block, ,No Control,Clear,Daylight,Dry,Non-Fatal Injury,Pedestrian Collisions,Driver,35 to 39,Minor,0,West,"Automobile, Station Wagon",Turning Left,Driving Properly,Normal, , , , , , ,Yes, ,Yes, , , , , ,Yes,Yes, , , ,41,,,127,,788
-79.26119,43.752345,5338061,1028580,2008,2008-03-04T05:00:00.000Z,1230,12,2701 LAWRENCE AVE E, , ,Major Arterial,Scarborough,43.752345,-79.26119,Mid-Block, ,No Control,Clear,Daylight,Dry,Non-Fatal Injury,Pedestrian Collisions,Pedestrian,20 to 24,Major,0, ,Other, , , ,Pedestrian hit on sidewalk or shoulder,On Sidewalk or Shoulder,Normal, , , ,Yes, ,Yes, , , , , ,Yes,Yes, , , ,41,,,127,,789
-79.26119,43.752345,5338062,1028580,2008,2008-03-04T05:00:00.000Z,1230,12,2701 LAWRENCE AVE E, , ,Major Arterial,Scarborough,43.752345,-79.26119,Mid-Block, ,No Control,Clear,Daylight,Dry,Non-Fatal Injury,Pedestrian Collisions,Driver,20 to 24,Minor,0,East,"Automobile, Station Wagon",Going Ahead,Exceeding Speed Limit,Fatigue, , , , , , ,Yes, ,Yes, , , , , ,Yes,Yes, , , ,41,,,127,,790
-79.50669,43.636045,7851756,1370441,2013,2013-06-14T04:00:00.000Z,1230,12,754 ROYAL YORK RD, , ,Minor Arterial,Etobicoke York,43.636045,-79.50669,Mid-Block, ,No Control,Clear,Daylight,Dry,Non-Fatal Injury,Rear End,Motorcycle Driver,15 to 19,Major,0,South,Motorcycle,Going Ahead,Exceeding Speed Limit,Normal, , , , , , , , ,Yes,Yes, , , , ,Yes,Yes, , , ,22,,,16,,791
-79.50669,43.636045,7851757,1370441,2013,2013-06-14T04:00:00.000Z,1230,12,754 ROYAL YORK RD, , ,Minor Arterial,Etobicoke York,43.636045,-79.50669,Mid-Block, ,No Control,Clear,Daylight,Dry,Non-Fatal Injury,Rear End,Driver,40 to 44,None,0,South,"Automobile, Station Wagon",Going Ahead,Driving Properly,Normal, , , , , , , , ,Yes,Yes, , , , ,Yes,Yes, , , ,22,,,16,,792
-79.364093,43.771571,80892961,7003136062,2017,2017-12-05T05:00:00.000Z,1232,12,SHEPPARD AVE E,LESLIE ST,31 m East of,Major Arterial,North York,43.771571,-79.364093,Intersection,At Intersection,Traffic Signal,Clear,Daylight,Dry,Non-Fatal Injury,Pedestrian Collisions,Pedestrian,55 to 59,Major,0,Unknown, , , , ,Pedestrian hit on sidewalk or shoulder,On Sidewalk or Shoulder,Normal, , , ,Yes, ,Yes, , , , ,Yes,Yes,Yes, , , ,33,,,52,,793
-79.364093,43.771571,80892962,7003136062,2017,2017-12-05T05:00:00.000Z,1232,12,SHEPPARD AVE E,LESLIE ST,31 m East of,Major Arterial,North York,43.771571,-79.364093,Intersection,At Intersection,Traffic Signal,Clear,Daylight,Dry,Non-Fatal Injury,Pedestrian Collisions,Passenger,50 to 54,None,0, , , , , , , , , , , ,Yes, ,Yes, , , , ,Yes,Yes,Yes, , , ,33,,,52,,794
-79.364093,43.771571,80892963,7003136062,2017,2017-12-05T05:00:00.000Z,1232,12,SHEPPARD AVE E,LESLIE ST,31 m East of,Major Arterial,North York,43.771571,-79.364093,Intersection,At Intersection,Traffic Signal,Clear,Daylight,Dry,Non-Fatal Injury,Pedestrian Collisions,Passenger,15 to 19,None,0, , , , , , , , , , , ,Yes, ,Yes, , , , ,Yes,Yes,Yes, , , ,33,,,52,,795
-79.364093,43.771571,80892964,7003136062,2017,2017-12-05T05:00:00.000Z,1232,12,SHEPPARD AVE E,LESLIE ST,31 m East of,Major Arterial,North York,43.771571,-79.364093,Intersection,At Intersection,Traffic Signal,Clear,Daylight,Dry,Non-Fatal Injury,Pedestrian Collisions,Driver,35 to 39,Minor,0,West,Delivery Van,Stopped,Driving Properly,Normal, , , , , , ,Yes, ,Yes, , , , ,Yes,Yes,Yes, , , ,33,,,52,,796
-79.364093,43.771571,80892965,7003136062,2017,2017-12-05T05:00:00.000Z,1232,12,SHEPPARD AVE E,LESLIE ST,31 m East of,Major Arterial,North York,43.771571,-79.364093,Intersection,At Intersection,Traffic Signal,Clear,Daylight,Dry,Non-Fatal Injury,Pedestrian Collisions,Driver,50 to 54,None,0,West,Passenger Van,Stopped,Driving Properly,Normal, , , , , , ,Yes, ,Yes, , , , ,Yes,Yes,Yes, , , ,33,,,52,,797
-79.364093,43.771571,80892966,7003136062,2017,2017-12-05T05:00:00.000Z,1232,12,SHEPPARD AVE E,LESLIE ST,31 m East of,Major Arterial,North York,43.771571,-79.364093,Intersection,At Intersection,Traffic Signal,Clear,Daylight,Dry,Non-Fatal Injury,Pedestrian Collisions,Driver,15 to 19,None,0,East,"Automobile, Station Wagon",Going Ahead,Speed too Fast For Condition,Inattentive, , , , , , ,Yes, ,Yes, , , , ,Yes,Yes,Yes, , , ,33,,,52,,798
-79.48699,43.668145,6620071,1230262,2011,2011-02-18T05:00:00.000Z,1233,12,ST CLAIR Aven W,MOULD Aven, ,Major Arterial,Etobicoke York,43.668145,-79.48699,Intersection, ,Traffic Signal,Clear,Daylight,Dry,Non-Fatal Injury,Turning Movement,Driver,50 to 54,Major,0,West,"Automobile, Station Wagon",Going Ahead,Exceeding Speed Limit,Normal, , , , , , , , ,Yes, , , , , ,Yes,Yes, , , ,"12,11",,,111,,799
-79.48699,43.668145,6620072,1230262,2011,2011-02-18T05:00:00.000Z,1233,12,ST CLAIR Aven W,MOULD Aven, ,Major Arterial,Etobicoke York,43.668145,-79.48699,Intersection, ,Traffic Signal,Clear,Daylight,Dry,Non-Fatal Injury,Turning Movement,Driver,50 to 54,Minor,0,East,"Automobile, Station Wagon",Turning Left,Improper Turn,Normal, , , , , , , , ,Yes, , , , , ,Yes,Yes, , , ,"12,11",,,111,,800
-79.28899,43.784645,6167369,1179667,2010,2010-06-01T04:00:00.000Z,1239,12,KENNEDY RD,SHEPPARD AVE E, ,Major Arterial,Scarborough,43.784645,-79.28899,Mid-Block, ,No Control,Clear,Daylight,Dry,Non-Fatal Injury,Rear End,Driver,45 to 49,None,0,North, ,Going Ahead,Speed too Fast For Condition,Normal, , , , , , , , ,Yes, , , , ,Yes,Yes,Yes, , , ,42,,,118,,801
-79.28899,43.784645,6167370,1179667,2010,2010-06-01T04:00:00.000Z,1239,12,KENNEDY RD,SHEPPARD AVE E, ,Major Arterial,Scarborough,43.784645,-79.28899,Mid-Block, ,No Control,Clear,Daylight,Dry,Non-Fatal Injury,Rear End,Passenger,75 to 79,Major,0, ,Other, , , , , , , , , , , ,Yes, , , , ,Yes,Yes,Yes, , , ,42,,,118,,802
-79.28899,43.784645,6167371,1179667,2010,2010-06-01T04:00:00.000Z,1239,12,KENNEDY RD,SHEPPARD AVE E, ,Major Arterial,Scarborough,43.784645,-79.28899,Mid-Block, ,No Control,Clear,Daylight,Dry,Non-Fatal Injury,Rear End,Driver,55 to 59,Minimal,0,North,"Automobile, Station Wagon",Stopped,Driving Properly,Normal, , , , , , , , ,Yes, , , , ,Yes,Yes,Yes, , , ,42,,,118,,803
-79.28899,43.784645,6167372,1179667,2010,2010-06-01T04:00:00.000Z,1239,12,KENNEDY RD,SHEPPARD AVE E, ,Major Arterial,Scarborough,43.784645,-79.28899,Mid-Block, ,No Control,Clear,Daylight,Dry,Non-Fatal Injury,Rear End,Passenger,20 to 24,Minor,0, ,Other, , , , , , , , , , , ,Yes, , , , ,Yes,Yes,Yes, , , ,42,,,118,,804
-79.28899,43.784645,6167373,1179667,2010,2010-06-01T04:00:00.000Z,1239,12,KENNEDY RD,SHEPPARD AVE E, ,Major Arterial,Scarborough,43.784645,-79.28899,Mid-Block, ,No Control,Clear,Daylight,Dry,Non-Fatal Injury,Rear End,Driver,50 to 54,Minor,0,North,"Automobile, Station Wagon",Stopped,Driving Properly,Normal, , , , , , , , ,Yes, , , , ,Yes,Yes,Yes, , , ,42,,,118,,805
-79.44269,43.658345,7823538,1358324,2013,2013-04-28T04:00:00.000Z,1241,12,BLOOR ST W,LANSDOWNE AVE, ,Major Arterial,Toronto and East York,43.658345,-79.44269,Intersection,At Intersection,Traffic Signal,Clear,Daylight,Dry,Non-Fatal Injury,Turning Movement,Driver,25 to 29,None,0,East,"Automobile, Station Wagon",Turning Left,Driving Properly,Normal, , , , , , , , ,Yes,Yes, , , , ,Yes,Yes, , , ,11,,,83,,806
-79.44269,43.658345,7823539,1358324,2013,2013-04-28T04:00:00.000Z,1241,12,BLOOR ST W,LANSDOWNE AVE, ,Major Arterial,Toronto and East York,43.658345,-79.44269,Intersection,At Intersection,Traffic Signal,Clear,Daylight,Dry,Non-Fatal Injury,Turning Movement,Motorcycle Driver,50 to 54,Major,0,West,Motorcycle,Going Ahead,Exceeding Speed Limit,Unknown, , , , , , , , ,Yes,Yes, , , , ,Yes,Yes, , , ,11,,,83,,807
-79.369861,43.645651,81074826,8001736723,2018,2018-09-19T04:00:00.000Z,1242,12,F G GARDINER XY  E,LOWER JARVIS ST,338 m West of, , ,43.645651,-79.369861,Mid-Block,Non Intersection,No Control,Clear,Daylight,Dry,Non-Fatal Injury,SMV Other,Motorcycle Driver,25 to 29,Major,0,East,Motorcycle,Overtaking,Improper Passing,"Ability Impaired, Alcohol Over .08", , , , , , , , , ,Yes, , , , ,Yes,Yes, ,Yes, , ,,,77,,808
-79.23919,43.767445,5317048,1018638,2008,2008-02-02T05:00:00.000Z,1249,12,BELLAMY RD N,BRIMORTON DR, ,Minor Arterial,Scarborough,43.767445,-79.23919,Intersection,At Intersection,Traffic Signal,Clear,Daylight,Wet,Non-Fatal Injury,Turning Movement,Driver,80 to 84,Major,0,North,"Automobile, Station Wagon",Turning Left,Failed to Yield Right of Way,Normal, , , , , , , , ,Yes, , , , , ,Yes,Yes, , , ,43,,,137,,809
-79.51949,43.694745,5380707,1047657,2008,2008-07-12T04:00:00.000Z,38,0,688 SCARLETT RD, , ,Major Arterial,Etobicoke York,43.694745,-79.51949,Intersection, ,No Control,Clear,Dark,Dry,Fatal,SMV Other,Other,unknown, ,0,West,"Automobile, Station Wagon",Parked, , , , , , , , , , ,Yes, , , , , ,Yes,Yes, , , ,23,,,8,,810
-79.23919,43.767445,5317049,1018638,2008,2008-02-02T05:00:00.000Z,1249,12,BELLAMY RD N,BRIMORTON DR, ,Minor Arterial,Scarborough,43.767445,-79.23919,Intersection,At Intersection,Traffic Signal,Clear,Daylight,Wet,Non-Fatal Injury,Turning Movement,Driver,20 to 24,Major,0,South,"Automobile, Station Wagon",Going Ahead,Exceeding Speed Limit,Normal, , , , , , , , ,Yes, , , , , ,Yes,Yes, , , ,43,,,137,,811
-79.51949,43.694745,5380708,1047657,2008,2008-07-12T04:00:00.000Z,38,0,688 SCARLETT RD, , ,Major Arterial,Etobicoke York,43.694745,-79.51949,Intersection, ,No Control,Clear,Dark,Dry,Fatal,SMV Other,Other,unknown,None,0,East,"Automobile, Station Wagon",Parked, , , , , , , , , , ,Yes, , , , , ,Yes,Yes, , , ,23,,,8,,812
-79.542079,43.592673,80609330,7000125598,2017,2017-01-21T05:00:00.000Z,40,0,BROWNS LINE,LAKESHORE W BROWNS LI RAMP,20 m North,Major Arterial,Etobicoke York,43.592673,-79.542079,Mid-Block,Non Intersection,No Control,"Fog, Mist, Smoke, Dust","Dark, artificial",Wet,Fatal,SMV Other,Driver,20 to 24,Fatal,3,South,Delivery Van,Going Ahead,Lost control,Had Been Drinking, , , , , , , , ,Yes, , , , , ,Yes,Yes, , , ,22,,,19,,813
-79.605006,43.735762,80771952,7000415244,2017,2017-03-07T05:00:00.000Z,1252,12,35 WOODBINE DOWNS BLVD,PARKING LOT, , ,Etobicoke York,43.735762,-79.605006,"Park, Private Property, Public Lane",Parking Lot,Stop Sign,Clear,Daylight,Wet,Non-Fatal Injury,Angle,Driver,15 to 19,Major,0,North,Passenger Van,Going Ahead,Other,Inattentive, , , , , , , , ,Yes, , , , , ,Yes,Yes, , , ,23,,,1,,814
-79.20592,43.749583,80790885,7003211588,2017,2017-12-17T05:00:00.000Z,41,0,KINGSTON RD,GUILDWOOD PKWY, ,Major Arterial,Scarborough,43.749583,-79.20592,Intersection,At Intersection,Traffic Signal,Other,Dark,Other,Fatal,SMV Other,Driver,50 to 54,Fatal,58,East, ,Going Ahead,Exceeding Speed Limit,Unknown, , , , , , , , , , , , , , ,Yes,Yes, , , ,43,,,140,,815
-79.605006,43.735762,80771953,7000415244,2017,2017-03-07T05:00:00.000Z,1252,12,35 WOODBINE DOWNS BLVD,PARKING LOT, , ,Etobicoke York,43.735762,-79.605006,"Park, Private Property, Public Lane",Parking Lot,Stop Sign,Clear,Daylight,Wet,Non-Fatal Injury,Angle,Driver,30 to 34,Major,0,East,"Automobile, Station Wagon",Going Ahead,Other,Normal, , , , , , , , ,Yes, , , , , ,Yes,Yes, , , ,23,,,1,,816
-79.20439,43.797045,7448323,1308216,2012,2012-07-08T04:00:00.000Z,42,0,CINEMART DR,MILNER AVE, ,Collector,Scarborough,43.797045,-79.20439,Mid-Block, ,No Control,Clear,"Dark, artificial",Dry,Non-Fatal Injury,Pedestrian Collisions,Driver,35 to 39,None,0,North,"Automobile, Station Wagon",Going Ahead,Exceeding Speed Limit,Inattentive, , , , , , ,Yes, ,Yes, , , , , ,Yes,Yes, , , ,42,,,132,,817
-79.339046,43.65108,80240607,5000935132,2015,2015-06-04T04:00:00.000Z,1255,12,COMMISSIONERS ST,BOUCHETTE ST,80 m East of,Collector,Toronto and East York,43.65108,-79.339046,Mid-Block,Non Intersection,No Control,Clear,Daylight,Dry,Non-Fatal Injury,SMV Other,Driver,45 to 49,Major,0,East,"Automobile, Station Wagon",Changing Lanes,Exceeding Speed Limit,Inattentive, , , , , , , , ,Yes, , , , , ,Yes,Yes, , , ,55,,,70,,818
-79.439845,43.670371,80780400,7001415080,2017,2017-08-06T04:00:00.000Z,1255,12,DUFFERIN ST,BRANDON AVE,18 m South of BRANDON AV,Major Arterial,Toronto and East York,43.670371,-79.439845,Intersection,Intersection Related,No Control,Clear,Daylight,Dry,Non-Fatal Injury,Turning Movement,Driver,55 to 59,None,0,South,"Automobile, Station Wagon",Turning Left,Failed to Yield Right of Way,Normal, , , , , , , , ,Yes,Yes, , , , ,Yes,Yes, , , ,13,,,93,,819
-79.439845,43.670371,80780401,7001415080,2017,2017-08-06T04:00:00.000Z,1255,12,DUFFERIN ST,BRANDON AVE,18 m South of BRANDON AV,Major Arterial,Toronto and East York,43.670371,-79.439845,Intersection,Intersection Related,No Control,Clear,Daylight,Dry,Non-Fatal Injury,Turning Movement,Motorcycle Driver,40 to 44,Major,0,North,Motorcycle,Going Ahead,Driving Properly,Normal, , , , , , , , ,Yes,Yes, , , , ,Yes,Yes, , , ,13,,,93,,820