X,Y,Index_,ACCNUM,YEAR,DATE,TIME,Hour,STREET1,STREET2,OFFSET,ROAD_CLASS,District,LATITUDE,LONGITUDE,LOCCOORD,ACCLOC,TRAFFCTL,VISIBILITY,LIGHT,RDSFCOND,ACCLASS,IMPACTYPE,INVTYPE,INVAGE,INJURY,FATAL_NO,INITDIR,VEHTYPE,MANOEUVER,DRIVACT,DRIVCOND,PEDTYPE,PEDACT,PEDCOND,CYCLISTYPE,CYCACT,CYCCOND,PEDESTRIAN,CYCLIST,AUTOMOBILE,MOTORCYCLE,TRUCK,TRSN_CITY_,EMERG_VEH,PASSENGER,SPEEDING,AG_DRIV,REDLIGHT,ALCOHOL,DISABILITY,Division,Ward_Name,Ward_ID,Hood_ID,Hood_Name,ObjectId
-79.547351,43.60657,7857523,1372923,2013,2013-06-19T04:00:00.000Z,1300,13,BROWNS Line,WHALEY Dr, ,Major Arterial,Etobicoke York,43.60657,-79.547351,Intersection, ,No Control,Clear,Daylight,Dry,Non-Fatal Injury,Rear End,Passenger,85 to 89,Major,0, ,Other, , , , , , , , , , , ,Yes, , , , ,Yes,Yes,Yes, , , ,22,,,20,,821
-79.547351,43.60657,7857524,1372923,2013,2013-06-19T04:00:00.000Z,1300,13,BROWNS Line,WHALEY Dr, ,Major Arterial,Etobicoke York,43.60657,-79.547351,Intersection, ,No Control,Clear,Daylight,Dry,Non-Fatal Injury,Rear End,Vehicle Owner,unknown, ,0, ,Other, , , , , , , , , , , ,Yes, , , , ,Yes,Yes,Yes, , , ,22,,,20,,822
-79.547351,43.60657,7857525,1372923,2013,2013-06-19T04:00:00.000Z,1300,13,BROWNS Line,WHALEY Dr, ,Major Arterial,Etobicoke York,43.60657,-79.547351,Intersection, ,No Control,Clear,Daylight,Dry,Non-Fatal Injury,Rear End,Driver,55 to 59,None,0,North,"Automobile, Station Wagon",Going Ahead,Speed too Fast For Condition,Normal, , , , , , , , ,Yes, , , , ,Yes,Yes,Yes, , , ,22,,,20,,823
-79.547351,43.60657,7857526,1372923,2013,2013-06-19T04:00:00.000Z,1300,13,BROWNS Line,WHALEY Dr, ,Major Arterial,Etobicoke York,43.60657,-79.547351,Intersection, ,No Control,Clear,Daylight,Dry,Non-Fatal Injury,Rear End,Vehicle Owner,unknown, ,0, ,Other, , , , , , , , , , , ,Yes, , , , ,Yes,Yes,Yes, , , ,22,,,20,,824
-79.547351,43.60657,7857527,1372923,2013,2013-06-19T04:00:00.000Z,1300,13,BROWNS Line,WHALEY Dr, ,Major Arterial,Etobicoke York,43.60657,-79.547351,Intersection, ,No Control,Clear,Daylight,Dry,Non-Fatal Injury,Rear End,Driver,80 to 84,None,0,North,"Automobile, Station Wagon",Stopped,Driving Properly,Normal, , , , , , , , ,Yes, , , , ,Yes,Yes,Yes, , , ,22,,,20,,825
-79.4556,43.759635,80497224,6000111200,2016,2016-01-19T05:00:00.000Z,1300,13,COMBE AVE,WILMINGTON AVE, ,Minor Arterial,North York,43.759635,-79.4556,Intersection,At Intersection,Stop Sign,Clear,Daylight,Dry,Non-Fatal Injury,Angle,Driver,20 to 24,Major,0,West,"Automobile, Station Wagon",Going Ahead,Exceeding Speed Limit,Inattentive, , , , , , , , ,Yes, ,Yes, , , ,Yes,Yes, , , ,32,,,34,,826
-79.4556,43.759635,80497225,6000111200,2016,2016-01-19T05:00:00.000Z,1300,13,COMBE AVE,WILMINGTON AVE, ,Minor Arterial,North York,43.759635,-79.4556,Intersection,At Intersection,Stop Sign,Clear,Daylight,Dry,Non-Fatal Injury,Angle,Truck Driver,45 to 49,Major,0,South,"Truck - Closed (Blazer, etc)",Going Ahead,Driving Properly,Normal, , , , , , , , ,Yes, ,Yes, , , ,Yes,Yes, , , ,32,,,34,,827
-79.22219,43.778545,6153008,1173217,2010,2010-05-13T04:00:00.000Z,1306,13,ELLESMERE RD,HELICON GT, ,Major Arterial,Scarborough,43.778545,-79.22219,Intersection,At Intersection,Traffic Signal,Rain,Daylight,Wet,Non-Fatal Injury,Turning Movement,Driver,55 to 59,Minor,0,East,"Automobile, Station Wagon",Turning Left,Failed to Yield Right of Way,Normal, , , , , , , , ,Yes, , , , , ,Yes,Yes, , , ,43,,,135,,828
-79.22219,43.778545,6153009,1173217,2010,2010-05-13T04:00:00.000Z,1306,13,ELLESMERE RD,HELICON GT, ,Major Arterial,Scarborough,43.778545,-79.22219,Intersection,At Intersection,Traffic Signal,Rain,Daylight,Wet,Non-Fatal Injury,Turning Movement,Driver,40 to 44,Major,0,West,"Automobile, Station Wagon",Going Ahead,Driving Properly,Normal, , , , , , , , ,Yes, , , , , ,Yes,Yes, , , ,43,,,135,,829
-79.34279,43.667545,7383432,1279672,2012,2012-02-08T05:00:00.000Z,1307,13,CARLAW Aven,GERRARD Stre E, ,Minor Arterial,Toronto and East York,43.667545,-79.34279,Intersection,At Intersection,Traffic Signal,Clear,Daylight,Dry,Non-Fatal Injury,Turning Movement,Passenger,0 to 4,None,0, ,Other, , , , , , , , , , , ,Yes, , , , ,Yes,Yes,Yes, , , ,55,,,70,,830
-79.34279,43.667545,7383433,1279672,2012,2012-02-08T05:00:00.000Z,1307,13,CARLAW Aven,GERRARD Stre E, ,Minor Arterial,Toronto and East York,43.667545,-79.34279,Intersection,At Intersection,Traffic Signal,Clear,Daylight,Dry,Non-Fatal Injury,Turning Movement,Driver,35 to 39,Minimal,0,North,"Automobile, Station Wagon",Going Ahead,Driving Properly,Normal, , , , , , , , ,Yes, , , , ,Yes,Yes,Yes, , , ,55,,,70,,831
-79.34279,43.667545,7383434,1279672,2012,2012-02-08T05:00:00.000Z,1307,13,CARLAW Aven,GERRARD Stre E, ,Minor Arterial,Toronto and East York,43.667545,-79.34279,Intersection,At Intersection,Traffic Signal,Clear,Daylight,Dry,Non-Fatal Injury,Turning Movement,Passenger,45 to 49,None,0, ,Other, , , , , , , , , , , ,Yes, , , , ,Yes,Yes,Yes, , , ,55,,,70,,832
-79.34279,43.667545,7383435,1279672,2012,2012-02-08T05:00:00.000Z,1307,13,CARLAW Aven,GERRARD Stre E, ,Minor Arterial,Toronto and East York,43.667545,-79.34279,Intersection,At Intersection,Traffic Signal,Clear,Daylight,Dry,Non-Fatal Injury,Turning Movement,Passenger,65 to 69,Major,0, ,Other, , , , , , , , , , , ,Yes, , , , ,Yes,Yes,Yes, , , ,55,,,70,,833
-79.34279,43.667545,7383436,1279672,2012,2012-02-08T05:00:00.000Z,1307,13,CARLAW Aven,GERRARD Stre E, ,Minor Arterial,Toronto and East York,43.667545,-79.34279,Intersection,At Intersection,Traffic Signal,Clear,Daylight,Dry,Non-Fatal Injury,Turning Movement,Driver,40 to 44,Minimal,0,South,"Automobile, Station Wagon",Turning Left,Improper Turn,Normal, , , , , , , , ,Yes, , , , ,Yes,Yes,Yes, , , ,55,,,70,,834
-79.26249,43.788845,6278854,1155869,2010,2010-03-04T05:00:00.000Z,1308,13,SHEPPARD Ave E,BROWNSPRING Rd, ,Major Arterial,Scarborough,43.788845,-79.26249,Intersection,At Intersection,No Control,Clear,Daylight,Dry,Non-Fatal Injury,Turning Movement,Motorcycle Driver,20 to 24,Major,0,East,Motorcycle,Going Ahead,Driving Properly,Normal, , , , , , , , ,Yes,Yes, , , , ,Yes,Yes, , , ,42,,,128,,835
-79.26249,43.788845,6278855,1155869,2010,2010-03-04T05:00:00.000Z,1308,13,SHEPPARD Ave E,BROWNSPRING Rd, ,Major Arterial,Scarborough,43.788845,-79.26249,Intersection,At Intersection,No Control,Clear,Daylight,Dry,Non-Fatal Injury,Turning Movement,Vehicle Owner,unknown,None,0, ,Other,Unknown, , , , , , , , , , ,Yes,Yes, , , , ,Yes,Yes, , , ,42,,,128,,836
-79.26249,43.788845,6278856,1155869,2010,2010-03-04T05:00:00.000Z,1308,13,SHEPPARD Ave E,BROWNSPRING Rd, ,Major Arterial,Scarborough,43.788845,-79.26249,Intersection,At Intersection,No Control,Clear,Daylight,Dry,Non-Fatal Injury,Turning Movement,Driver,50 to 54,None,0,West,"Automobile, Station Wagon",Turning Left,Improper Turn,Normal, , , , , , , , ,Yes,Yes, , , , ,Yes,Yes, , , ,42,,,128,,837
-79.234958,43.775668,80782606,7000534714,2017,2017-03-26T04:00:00.000Z,1310,13,ELLESMERE RD,DOLLY VARDEN BLVD, ,Major Arterial,Scarborough,43.775668,-79.234958,Intersection,At Intersection,Traffic Signal,Clear,Daylight,Wet,Non-Fatal Injury,Turning Movement,Driver,65 to 69,Minimal,0,West,"Automobile, Station Wagon",Going Ahead,Disobeyed Traffic Control,Inattentive, , , , , , , , ,Yes, , , , ,Yes,Yes,Yes,Yes, , ,43,,,137,,838
-79.234958,43.775668,80782607,7000534714,2017,2017-03-26T04:00:00.000Z,1310,13,ELLESMERE RD,DOLLY VARDEN BLVD, ,Major Arterial,Scarborough,43.775668,-79.234958,Intersection,At Intersection,Traffic Signal,Clear,Daylight,Wet,Non-Fatal Injury,Turning Movement,Driver,25 to 29,None,0,East,"Automobile, Station Wagon",Turning Left,Driving Properly,Normal, , , , , , , , ,Yes, , , , ,Yes,Yes,Yes,Yes, , ,43,,,137,,839
-79.234958,43.775668,80782608,7000534714,2017,2017-03-26T04:00:00.000Z,1310,13,ELLESMERE RD,DOLLY VARDEN BLVD, ,Major Arterial,Scarborough,43.775668,-79.234958,Intersection,At Intersection,Traffic Signal,Clear,Daylight,Wet,Non-Fatal Injury,Turning Movement,Passenger,20 to 24,Minimal,0, , , , , , , , , , , , , ,Yes, , , , ,Yes,Yes,Yes,Yes, , ,43,,,137,,840
-79.234958,43.775668,80782609,7000534714,2017,2017-03-26T04:00:00.000Z,1310,13,ELLESMERE RD,DOLLY VARDEN BLVD, ,Major Arterial,Scarborough,43.775668,-79.234958,Intersection,At Intersection,Traffic Signal,Clear,Daylight,Wet,Non-Fatal Injury,Turning Movement,Passenger,20 to 24,Minimal,0, , , , , , , , , , , , , ,Yes, , , , ,Yes,Yes,Yes,Yes, , ,43,,,137,,841
-79.234958,43.775668,80782610,7000534714,2017,2017-03-26T04:00:00.000Z,1310,13,ELLESMERE RD,DOLLY VARDEN BLVD, ,Major Arterial,Scarborough,43.775668,-79.234958,Intersection,At Intersection,Traffic Signal,Clear,Daylight,Wet,Non-Fatal Injury,Turning Movement,Passenger,20 to 24,Major,0, , , , , , , , , , , , , ,Yes, , , , ,Yes,Yes,Yes,Yes, , ,43,,,137,,842
-79.234958,43.775668,80782611,7000534714,2017,2017-03-26T04:00:00.000Z,1310,13,ELLESMERE RD,DOLLY VARDEN BLVD, ,Major Arterial,Scarborough,43.775668,-79.234958,Intersection,At Intersection,Traffic Signal,Clear,Daylight,Wet,Non-Fatal Injury,Turning Movement,Passenger,70 to 74,Minimal,0, , , , , , , , , , , , , ,Yes, , , , ,Yes,Yes,Yes,Yes, , ,43,,,137,,843
-79.234958,43.775668,80782612,7000534714,2017,2017-03-26T04:00:00.000Z,1310,13,ELLESMERE RD,DOLLY VARDEN BLVD, ,Major Arterial,Scarborough,43.775668,-79.234958,Intersection,At Intersection,Traffic Signal,Clear,Daylight,Wet,Non-Fatal Injury,Turning Movement,Passenger,0 to 4,None,0, , , , , , , , , , , , , ,Yes, , , , ,Yes,Yes,Yes,Yes, , ,43,,,137,,844
-79.234958,43.775668,80782613,7000534714,2017,2017-03-26T04:00:00.000Z,1310,13,ELLESMERE RD,DOLLY VARDEN BLVD, ,Major Arterial,Scarborough,43.775668,-79.234958,Intersection,At Intersection,Traffic Signal,Clear,Daylight,Wet,Non-Fatal Injury,Turning Movement,Passenger,0 to 4,None,0, , , , , , , , , , , , , ,Yes, , , , ,Yes,Yes,Yes,Yes, , ,43,,,137,,845
-79.52609,43.737345,7473088,1318798,2012,2012-08-27T04:00:00.000Z,1314,13,TORBARRIE RD,SHEPPARD AVE W, ,Collector,Etobicoke York,43.737345,-79.52609,Intersection,At Intersection,No Control,Rain,Daylight,Wet,Non-Fatal Injury,Approaching,Vehicle Owner,unknown, ,0, ,Other, , , , , , , , , , , ,Yes, ,Yes, , , ,Yes,Yes, , , ,31,,,25,,846
-79.52609,43.737345,7473089,1318798,2012,2012-08-27T04:00:00.000Z,1314,13,TORBARRIE RD,SHEPPARD AVE W, ,Collector,Etobicoke York,43.737345,-79.52609,Intersection,At Intersection,No Control,Rain,Daylight,Wet,Non-Fatal Injury,Approaching,Truck Driver,45 to 49,None,0,South,Truck - Open,Going Ahead,Driving Properly,Normal, , , , , , , , ,Yes, ,Yes, , , ,Yes,Yes, , , ,31,,,25,,847
-79.52609,43.737345,7473090,1318798,2012,2012-08-27T04:00:00.000Z,1314,13,TORBARRIE RD,SHEPPARD AVE W, ,Collector,Etobicoke York,43.737345,-79.52609,Intersection,At Intersection,No Control,Rain,Daylight,Wet,Non-Fatal Injury,Approaching,Driver,30 to 34,Major,0,North,"Automobile, Station Wagon",Going Ahead,Speed too Fast For Condition,Inattentive, , , , , , , , ,Yes, ,Yes, , , ,Yes,Yes, , , ,31,,,25,,848
-79.52609,43.737345,7473091,1318798,2012,2012-08-27T04:00:00.000Z,1314,13,TORBARRIE RD,SHEPPARD AVE W, ,Collector,Etobicoke York,43.737345,-79.52609,Intersection,At Intersection,No Control,Rain,Daylight,Wet,Non-Fatal Injury,Approaching,Vehicle Owner,unknown, ,0, ,Other, , , , , , , , , , , ,Yes, ,Yes, , , ,Yes,Yes, , , ,31,,,25,,849
-79.62099,43.753945,6674975,1253623,2011,2011-09-12T04:00:00.000Z,1316,13,STEELES AVE W,STEINWAY BLVD, ,Major Arterial,Etobicoke York,43.753945,-79.62099,Mid-Block, ,No Control,Clear,Daylight,Dry,Fatal,Turning Movement,Vehicle Owner,unknown, ,0, ,Other, , , , , , , , , , , ,Yes, , , , , ,Yes,Yes, , , ,23,,,0,,850
-79.62099,43.753945,6674976,1253623,2011,2011-09-12T04:00:00.000Z,1316,13,STEELES AVE W,STEINWAY BLVD, ,Major Arterial,Etobicoke York,43.753945,-79.62099,Mid-Block, ,No Control,Clear,Daylight,Dry,Fatal,Turning Movement,Driver,55 to 59,Minor,0,West,"Automobile, Station Wagon",Turning Left,Driving Properly,Normal, , , , , , , , ,Yes, , , , , ,Yes,Yes, , , ,23,,,0,,851
-79.62099,43.753945,6674977,1253623,2011,2011-09-12T04:00:00.000Z,1316,13,STEELES AVE W,STEINWAY BLVD, ,Major Arterial,Etobicoke York,43.753945,-79.62099,Mid-Block, ,No Control,Clear,Daylight,Dry,Fatal,Turning Movement,Vehicle Owner,unknown, ,0, ,Other, , , , , , , , , , , ,Yes, , , , , ,Yes,Yes, , , ,23,,,0,,852
-79.62099,43.753945,6674978,1253623,2011,2011-09-12T04:00:00.000Z,1316,13,STEELES AVE W,STEINWAY BLVD, ,Major Arterial,Etobicoke York,43.753945,-79.62099,Mid-Block, ,No Control,Clear,Daylight,Dry,Fatal,Turning Movement,Driver,45 to 49,None,0,North,"Automobile, Station Wagon",Turning Right,Driving Properly,Normal, , , , , , , , ,Yes, , , , , ,Yes,Yes, , , ,23,,,0,,853
-79.62099,43.753945,6674979,1253623,2011,2011-09-12T04:00:00.000Z,1316,13,STEELES AVE W,STEINWAY BLVD, ,Major Arterial,Etobicoke York,43.753945,-79.62099,Mid-Block, ,No Control,Clear,Daylight,Dry,Fatal,Turning Movement,Vehicle Owner,unknown, ,0, ,Other, , , , , , , , , , , ,Yes, , , , , ,Yes,Yes, , , ,23,,,0,,854
-79.62099,43.753945,6674980,1253623,2011,2011-09-12T04:00:00.000Z,1316,13,STEELES AVE W,STEINWAY BLVD, ,Major Arterial,Etobicoke York,43.753945,-79.62099,Mid-Block, ,No Control,Clear,Daylight,Dry,Fatal,Turning Movement,Driver,20 to 24,Fatal,24,East,"Automobile, Station Wagon",Going Ahead,Exceeding Speed Limit,Unknown, , , , , , , , ,Yes, , , , , ,Yes,Yes, , , ,23,,,0,,855
-79.417659,43.681559,80769234,6001757672,2016,2016-10-03T04:00:00.000Z,1317,13,BATHURST ST,VAUGHAN RD, ,Major Arterial,Toronto and East York,43.681559,-79.417659,Intersection,At/Near Private Drive,No Control,Clear,Daylight,Dry,Non-Fatal Injury,Angle,Driver,20 to 24,Major,0,West,"Automobile, Station Wagon",Going Ahead,Failed to Yield Right of Way,Normal, , , , , , , , ,Yes, , , , , ,Yes,Yes, , , ,13,,,96,,856
-79.417659,43.681559,80769235,6001757672,2016,2016-10-03T04:00:00.000Z,1317,13,BATHURST ST,VAUGHAN RD, ,Major Arterial,Toronto and East York,43.681559,-79.417659,Intersection,At/Near Private Drive,No Control,Clear,Daylight,Dry,Non-Fatal Injury,Angle,Driver,50 to 54,None,0,South,"Automobile, Station Wagon",Going Ahead,Driving Properly,Normal, , , , , , , , ,Yes, , , , , ,Yes,Yes, , , ,13,,,96,,857
-79.377429,43.642073,80626610,4001540834,2014,2014-02-16T05:00:00.000Z,1321,13,BAY ST,HARBOUR ST, ,Major Arterial,Toronto and East York,43.642073,-79.377429,Intersection,At Intersection,Traffic Signal,Clear,Daylight,Dry,Non-Fatal Injury,Pedestrian Collisions,Driver,70 to 74,None,0,East,"Automobile, Station Wagon",Turning Left,Improper Turn,Normal, , , , , , ,Yes, ,Yes, , , , ,Yes,Yes,Yes, , , ,52,,,77,,858
-79.377429,43.642073,80626611,4001540834,2014,2014-02-16T05:00:00.000Z,1321,13,BAY ST,HARBOUR ST, ,Major Arterial,Toronto and East York,43.642073,-79.377429,Intersection,At Intersection,Traffic Signal,Clear,Daylight,Dry,Non-Fatal Injury,Pedestrian Collisions,Driver,15 to 19,None,0,East,"Automobile, Station Wagon",Going Ahead,Driving Properly,Normal, , , , , , ,Yes, ,Yes, , , , ,Yes,Yes,Yes, , , ,52,,,77,,859
-79.377429,43.642073,80626612,4001540834,2014,2014-02-16T05:00:00.000Z,1321,13,BAY ST,HARBOUR ST, ,Major Arterial,Toronto and East York,43.642073,-79.377429,Intersection,At Intersection,Traffic Signal,Clear,Daylight,Dry,Non-Fatal Injury,Pedestrian Collisions,Pedestrian,35 to 39,Major,0,Unknown, , , , ,Pedestrian hit on sidewalk or shoulder,On Sidewalk or Shoulder,Normal, , , ,Yes, ,Yes, , , , ,Yes,Yes,Yes, , , ,52,,,77,,860
-79.377429,43.642073,80626613,4001540834,2014,2014-02-16T05:00:00.000Z,1321,13,BAY ST,HARBOUR ST, ,Major Arterial,Toronto and East York,43.642073,-79.377429,Intersection,At Intersection,Traffic Signal,Clear,Daylight,Dry,Non-Fatal Injury,Pedestrian Collisions,Passenger,70 to 74,Minor,0, , , , , , , , , , , ,Yes, ,Yes, , , , ,Yes,Yes,Yes, , , ,52,,,77,,861
-79.513179,43.739318,80716809,6001474436,2016,2016-08-20T04:00:00.000Z,1323,13,SHEPPARD AVE W,JANE ST, ,Major Arterial,North York,43.739318,-79.513179,Intersection,At Intersection,Traffic Signal,Clear,Daylight,Dry,Non-Fatal Injury,Approaching,Driver,80 to 84,Major,0,East,"Automobile, Station Wagon",Going Ahead,Exceeding Speed Limit,Inattentive, , , , , , , , ,Yes, ,Yes, , , ,Yes,Yes, , , ,31,,,25,,862
-79.513179,43.739318,80716810,6001474436,2016,2016-08-20T04:00:00.000Z,1323,13,SHEPPARD AVE W,JANE ST, ,Major Arterial,North York,43.739318,-79.513179,Intersection,At Intersection,Traffic Signal,Clear,Daylight,Dry,Non-Fatal Injury,Approaching,Driver,60 to 64,Minimal,0,East,"Automobile, Station Wagon",Going Ahead,Driving Properly,Normal, , , , , , , , ,Yes, ,Yes, , , ,Yes,Yes, , , ,31,,,25,,863
-79.513179,43.739318,80716811,6001474436,2016,2016-08-20T04:00:00.000Z,1323,13,SHEPPARD AVE W,JANE ST, ,Major Arterial,North York,43.739318,-79.513179,Intersection,At Intersection,Traffic Signal,Clear,Daylight,Dry,Non-Fatal Injury,Approaching,Truck Driver,20 to 24,None,0,West,Truck (other),Going Ahead,Driving Properly,Normal, , , , , , , , ,Yes, ,Yes, , , ,Yes,Yes, , , ,31,,,25,,864
-79.513179,43.739318,80716812,6001474436,2016,2016-08-20T04:00:00.000Z,1323,13,SHEPPARD AVE W,JANE ST, ,Major Arterial,North York,43.739318,-79.513179,Intersection,At Intersection,Traffic Signal,Clear,Daylight,Dry,Non-Fatal Injury,Approaching,Truck Driver,45 to 49,None,0,East,Truck (other),Going Ahead,Driving Properly,Normal, , , , , , , , ,Yes, ,Yes, , , ,Yes,Yes, , , ,31,,,25,,865
-79.48369,43.733545,6155449,1174308,2010,2010-05-17T04:00:00.000Z,1325,13,KEELE ST,CALVINGTON DR, ,Major Arterial,North York,43.733545,-79.48369,Intersection, ,Traffic Signal,Clear,Daylight,Dry,Non-Fatal Injury,Rear End,Driver,60 to 64,Minimal,0,South,"Automobile, Station Wagon",Slowing or Stopping,Driving Properly,Normal, , , , , , , , ,Yes, , , , , ,Yes,Yes, , , ,31,,,26,,866
-79.48369,43.733545,6155450,1174308,2010,2010-05-17T04:00:00.000Z,1325,13,KEELE ST,CALVINGTON DR, ,Major Arterial,North York,43.733545,-79.48369,Intersection, ,Traffic Signal,Clear,Daylight,Dry,Non-Fatal Injury,Rear End,Driver,45 to 49,Minimal,0,South,"Automobile, Station Wagon",Stopped,Driving Properly,Normal, , , , , , , , ,Yes, , , , , ,Yes,Yes, , , ,31,,,26,,867
-79.48369,43.733545,6155451,1174308,2010,2010-05-17T04:00:00.000Z,1325,13,KEELE ST,CALVINGTON DR, ,Major Arterial,North York,43.733545,-79.48369,Intersection, ,Traffic Signal,Clear,Daylight,Dry,Non-Fatal Injury,Rear End,Driver,35 to 39,Major,0,South,"Automobile, Station Wagon",Going Ahead,Speed too Fast For Condition,Inattentive, , , , , , , , ,Yes, , , , , ,Yes,Yes, , , ,31,,,26,,868
-79.48369,43.733545,6155452,1174308,2010,2010-05-17T04:00:00.000Z,1325,13,KEELE ST,CALVINGTON DR, ,Major Arterial,North York,43.733545,-79.48369,Intersection, ,Traffic Signal,Clear,Daylight,Dry,Non-Fatal Injury,Rear End,Driver,30 to 34,Minimal,0,South,"Automobile, Station Wagon",Stopped,Driving Properly,Normal, , , , , , , , ,Yes, , , , , ,Yes,Yes, , , ,31,,,26,,869
-79.302966,43.669367,80203632,4001595656,2014,2014-02-25T05:00:00.000Z,1327,13,QUEEN ST E,ELMER AVE,6 m West of,Minor Arterial,Toronto and East York,43.669367,-79.302966,Mid-Block,Non Intersection,No Control,Clear,Daylight,Dry,Non-Fatal Injury,Pedestrian Collisions,Driver,25 to 29,Minimal,0,East,"Automobile, Station Wagon",Going Ahead,Speed too Fast For Condition,Inattentive, , , , , , ,Yes, ,Yes, , , , , ,Yes,Yes, , , ,55,,,63,,870
-79.302966,43.669367,80203633,4001595656,2014,2014-02-25T05:00:00.000Z,1327,13,QUEEN ST E,ELMER AVE,6 m West of,Minor Arterial,Toronto and East York,43.669367,-79.302966,Mid-Block,Non Intersection,No Control,Clear,Daylight,Dry,Non-Fatal Injury,Pedestrian Collisions,Pedestrian,30 to 34,Major,0,Unknown,"Automobile, Station Wagon", , , ,Pedestrian hit at mid-block,Coming From Behind Parked Vehicle,Unknown, , , ,Yes, ,Yes, , , , , ,Yes,Yes, , , ,55,,,63,,871
-79.482967,43.730334,80490904,5001812233,2015,2015-10-21T04:00:00.000Z,1327,13,KEELE ST,TILBURY DR, ,Major Arterial,North York,43.730334,-79.482967,Intersection,Intersection Related,Traffic Signal,Clear,Daylight,Dry,Non-Fatal Injury,SMV Other,Driver,75 to 79,Major,0,South,"Automobile, Station Wagon",Going Ahead,Lost control,Unknown, , , , , , , , ,Yes, , , , , ,Yes,Yes, , , ,31,,,26,,872
-79.209255,43.846129,80910514,7001786322,2017,2017-10-02T04:00:00.000Z,1327,13,SEWELLS RD,STEELES AVE E, ,Minor Arterial,Scarborough,43.846129,-79.209255,Intersection,At Intersection,Stop Sign,Clear,Daylight,Dry,Non-Fatal Injury,Turning Movement,Driver,35 to 39,Major,0,East,"Automobile, Station Wagon",Going Ahead,Driving Properly,Normal, , , , , , , , ,Yes, , , , , ,Yes,Yes, , , ,42,,,131,,873
-79.209255,43.846129,80910515,7001786322,2017,2017-10-02T04:00:00.000Z,1327,13,SEWELLS RD,STEELES AVE E, ,Minor Arterial,Scarborough,43.846129,-79.209255,Intersection,At Intersection,Stop Sign,Clear,Daylight,Dry,Non-Fatal Injury,Turning Movement,Driver,25 to 29,Minimal,0,North,"Automobile, Station Wagon",Turning Left,Failed to Yield Right of Way,Inattentive, , , , , , , , ,Yes, , , , , ,Yes,Yes, , , ,42,,,131,,874
-79.155994,43.792666,80487332,5001276114,2015,2015-07-26T04:00:00.000Z,1328,13,6486 KINGSTON RD, ,15 m West of,Minor Arterial,Scarborough,43.792666,-79.155994,Mid-Block,Non Intersection,No Control,Clear,Daylight,Dry,Fatal,Turning Movement,Motorcycle Driver,30 to 34,Fatal,35,East,Motorcycle,Going Ahead,Exceeding Speed Limit,Normal, , , , , , , , ,Yes,Yes, , , ,Yes,Yes,Yes, , , ,43,,,133,,875
-79.155994,43.792666,80487333,5001276114,2015,2015-07-26T04:00:00.000Z,1328,13,6486 KINGSTON RD, ,15 m West of,Minor Arterial,Scarborough,43.792666,-79.155994,Mid-Block,Non Intersection,No Control,Clear,Daylight,Dry,Fatal,Turning Movement,Driver,65 to 69,None,0,West,Passenger Van,Turning Left,Driving Properly,Normal, , , , , , , , ,Yes,Yes, , , ,Yes,Yes,Yes, , , ,43,,,133,,876
-79.155994,43.792666,80487334,5001276114,2015,2015-07-26T04:00:00.000Z,1328,13,6486 KINGSTON RD, ,15 m West of,Minor Arterial,Scarborough,43.792666,-79.155994,Mid-Block,Non Intersection,No Control,Clear,Daylight,Dry,Fatal,Turning Movement,Driver,70 to 74,None,0,West,"Automobile, Station Wagon",Stopped,Driving Properly,Normal, , , , , , , , ,Yes,Yes, , , ,Yes,Yes,Yes, , , ,43,,,133,,877
-79.155994,43.792666,80487335,5001276114,2015,2015-07-26T04:00:00.000Z,1328,13,6486 KINGSTON RD, ,15 m West of,Minor Arterial,Scarborough,43.792666,-79.155994,Mid-Block,Non Intersection,No Control,Clear,Daylight,Dry,Fatal,Turning Movement,Passenger,70 to 74,None,0, , , , , , , , , , , , , ,Yes,Yes, , , ,Yes,Yes,Yes, , , ,43,,,133,,878
-79.40699,43.745245,6653989,1244686,2011,2011-06-05T04:00:00.000Z,1330,13,YONGE ST,YORK MILLS RD, ,Major Arterial,North York,43.745245,-79.40699,Mid-Block, ,No Control,Clear,Daylight,Dry,Non-Fatal Injury,Pedestrian Collisions,Vehicle Owner,unknown, ,0, ,Other, , , , , , , , , ,Yes, , ,Yes, , , , ,Yes,Yes, , , ,32,,,39,,879
-79.40699,43.745245,6653990,1244686,2011,2011-06-05T04:00:00.000Z,1330,13,YONGE ST,YORK MILLS RD, ,Major Arterial,North York,43.745245,-79.40699,Mid-Block, ,No Control,Clear,Daylight,Dry,Non-Fatal Injury,Pedestrian Collisions,Motorcycle Driver,25 to 29,Minor,0,North,Motorcycle,Other,Exceeding Speed Limit,Normal, , , , , , ,Yes, , ,Yes, , , , ,Yes,Yes, , , ,32,,,39,,880