X,Y,Index_,ACCNUM,YEAR,DATE,TIME,Hour,STREET1,STREET2,OFFSET,ROAD_CLASS,District,LATITUDE,LONGITUDE,LOCCOORD,ACCLOC,TRAFFCTL,VISIBILITY,LIGHT,RDSFCOND,ACCLASS,IMPACTYPE,INVTYPE,INVAGE,INJURY,FATAL_NO,INITDIR,VEHTYPE,MANOEUVER,DRIVACT,DRIVCOND,PEDTYPE,PEDACT,PEDCOND,CYCLISTYPE,CYCACT,CYCCOND,PEDESTRIAN,CYCLIST,AUTOMOBILE,MOTORCYCLE,TRUCK,TRSN_CITY_,EMERG_VEH,PASSENGER,SPEEDING,AG_DRIV,REDLIGHT,ALCOHOL,DISABILITY,Division,Ward_Name,Ward_ID,Hood_ID,Hood_Name,ObjectId
-79.40699,43.745245,6653991,1244686,2011,2011-06-05T04:00:00.000Z,1330,13,YONGE ST,YORK MILLS RD, ,Major Arterial,North York,43.745245,-79.40699,Mid-Block, ,No Control,Clear,Daylight,Dry,Non-Fatal Injury,Pedestrian Collisions,Pedestrian,15 to 19,Major,0,North,Other, , , ,Pedestrian hit on sidewalk or shoulder,On Sidewalk or Shoulder,Normal, , , ,Yes, , ,Yes, , , , ,Yes,Yes, , , ,32,,,39,,881
-79.513667,43.754115,80904952,7000224611,2017,2017-02-05T05:00:00.000Z,1330,13,DRIFTWOOD  AVE,VENETIAN  CRES,19 m South of,Collector,Etobicoke York,43.754115,-79.513667,Intersection,Intersection Related,Stop Sign,Drifting Snow,Daylight,Wet,Non-Fatal Injury,Turning Movement,Passenger,55 to 59,Major,0, , , , , , , , , , , , , ,Yes, , , , ,Yes,Yes,Yes, , , ,31,,,25,,882
-79.513667,43.754115,80904953,7000224611,2017,2017-02-05T05:00:00.000Z,1330,13,DRIFTWOOD  AVE,VENETIAN  CRES,19 m South of,Collector,Etobicoke York,43.754115,-79.513667,Intersection,Intersection Related,Stop Sign,Drifting Snow,Daylight,Wet,Non-Fatal Injury,Turning Movement,Driver,55 to 59,Minimal,0,North,"Automobile, Station Wagon",Going Ahead,Driving Properly,Normal, , , , , , , , ,Yes, , , , ,Yes,Yes,Yes, , , ,31,,,25,,883
-79.513667,43.754115,80904954,7000224611,2017,2017-02-05T05:00:00.000Z,1330,13,DRIFTWOOD  AVE,VENETIAN  CRES,19 m South of,Collector,Etobicoke York,43.754115,-79.513667,Intersection,Intersection Related,Stop Sign,Drifting Snow,Daylight,Wet,Non-Fatal Injury,Turning Movement,Driver,10 to 14,None,0,East,"Automobile, Station Wagon",Turning Right,Lost control,Inattentive, , , , , , , , ,Yes, , , , ,Yes,Yes,Yes, , , ,31,,,25,,884
-79.290714,43.685912,80973167,8001885947,2018,2018-10-12T04:00:00.000Z,1335,13,GERRARD  ST E,LAWLOR AVE, ,Minor Arterial,Toronto and East York,43.685912,-79.290714,Intersection,Intersection Related,No Control,Clear,Daylight,Dry,Non-Fatal Injury,Pedestrian Collisions,Driver,15 to 19,None,0,East,"Automobile, Station Wagon",Changing Lanes,Exceeding Speed Limit,Normal, , , , , , ,Yes, ,Yes, , , , ,Yes,Yes,Yes, , , ,55,,,62,,885
-79.290714,43.685912,80973168,8001885947,2018,2018-10-12T04:00:00.000Z,1335,13,GERRARD  ST E,LAWLOR AVE, ,Minor Arterial,Toronto and East York,43.685912,-79.290714,Intersection,Intersection Related,No Control,Clear,Daylight,Dry,Non-Fatal Injury,Pedestrian Collisions,Passenger,15 to 19,None,0, , , , , , , , , , , ,Yes, ,Yes, , , , ,Yes,Yes,Yes, , , ,55,,,62,,886
-79.290714,43.685912,80973169,8001885947,2018,2018-10-12T04:00:00.000Z,1335,13,GERRARD  ST E,LAWLOR AVE, ,Minor Arterial,Toronto and East York,43.685912,-79.290714,Intersection,Intersection Related,No Control,Clear,Daylight,Dry,Non-Fatal Injury,Pedestrian Collisions,Pedestrian,20 to 24,Major,0,South, , , , ,Vehicle is going straight thru inter.while ped cross without ROW,"Crossing, no Traffic Control",Normal, , , ,Yes, ,Yes, , , , ,Yes,Yes,Yes, , , ,55,,,62,,887
-79.32359,43.683345,5381210,1047910,2008,2008-07-14T04:00:00.000Z,1337,13,DANFORTH AVE,COXWELL AVE, ,Major Arterial,Toronto and East York,43.683345,-79.32359,Intersection,At Intersection,Traffic Signal,Clear,Daylight,Dry,Fatal,Pedestrian Collisions,Vehicle Owner,unknown, ,0, ,Other, , , , , , , , , ,Yes, ,Yes, , , , ,Yes,Yes,Yes, , ,Yes,"54,55",,,64,,888
-79.32359,43.683345,5381211,1047910,2008,2008-07-14T04:00:00.000Z,1337,13,DANFORTH AVE,COXWELL AVE, ,Major Arterial,Toronto and East York,43.683345,-79.32359,Intersection,At Intersection,Traffic Signal,Clear,Daylight,Dry,Fatal,Pedestrian Collisions,Driver,30 to 34,None,0,North,"Automobile, Station Wagon",Going Ahead,Driving Properly,Normal, , , , , , ,Yes, ,Yes, , , , ,Yes,Yes,Yes, , ,Yes,"54,55",,,64,,889
-79.32359,43.683345,5381212,1047910,2008,2008-07-14T04:00:00.000Z,1337,13,DANFORTH AVE,COXWELL AVE, ,Major Arterial,Toronto and East York,43.683345,-79.32359,Intersection,At Intersection,Traffic Signal,Clear,Daylight,Dry,Fatal,Pedestrian Collisions,Driver,60 to 64,Major,0,West,"Automobile, Station Wagon",Going Ahead,Exceeding Speed Limit,Medical or Physical Disability, , , , , , ,Yes, ,Yes, , , , ,Yes,Yes,Yes, , ,Yes,"54,55",,,64,,890
-79.32359,43.683345,5381213,1047910,2008,2008-07-14T04:00:00.000Z,1337,13,DANFORTH AVE,COXWELL AVE, ,Major Arterial,Toronto and East York,43.683345,-79.32359,Intersection,At Intersection,Traffic Signal,Clear,Daylight,Dry,Fatal,Pedestrian Collisions,Passenger,0 to 4,None,0, ,Other, , , , , , , , , ,Yes, ,Yes, , , , ,Yes,Yes,Yes, , ,Yes,"54,55",,,64,,891
-79.32359,43.683345,5381214,1047910,2008,2008-07-14T04:00:00.000Z,1337,13,DANFORTH AVE,COXWELL AVE, ,Major Arterial,Toronto and East York,43.683345,-79.32359,Intersection,At Intersection,Traffic Signal,Clear,Daylight,Dry,Fatal,Pedestrian Collisions,Passenger,10 to 14,None,0, ,Other, , , , , , , , , ,Yes, ,Yes, , , , ,Yes,Yes,Yes, , ,Yes,"54,55",,,64,,892
-79.32359,43.683345,5381215,1047910,2008,2008-07-14T04:00:00.000Z,1337,13,DANFORTH AVE,COXWELL AVE, ,Major Arterial,Toronto and East York,43.683345,-79.32359,Intersection,At Intersection,Traffic Signal,Clear,Daylight,Dry,Fatal,Pedestrian Collisions,Passenger,0 to 4,None,0, ,Other, , , , , , , , , ,Yes, ,Yes, , , , ,Yes,Yes,Yes, , ,Yes,"54,55",,,64,,893
-79.32359,43.683345,5381216,1047910,2008,2008-07-14T04:00:00.000Z,1337,13,DANFORTH AVE,COXWELL AVE, ,Major Arterial,Toronto and East York,43.683345,-79.32359,Intersection,At Intersection,Traffic Signal,Clear,Daylight,Dry,Fatal,Pedestrian Collisions,Passenger,15 to 19,None,0, ,Other, , , , , , , , , ,Yes, ,Yes, , , , ,Yes,Yes,Yes, , ,Yes,"54,55",,,64,,894
-79.32359,43.683345,5381217,1047910,2008,2008-07-14T04:00:00.000Z,1337,13,DANFORTH AVE,COXWELL AVE, ,Major Arterial,Toronto and East York,43.683345,-79.32359,Intersection,At Intersection,Traffic Signal,Clear,Daylight,Dry,Fatal,Pedestrian Collisions,Vehicle Owner,unknown, ,0, ,Other, , , , , , , , , ,Yes, ,Yes, , , , ,Yes,Yes,Yes, , ,Yes,"54,55",,,64,,895
-79.32359,43.683345,5381218,1047910,2008,2008-07-14T04:00:00.000Z,1337,13,DANFORTH AVE,COXWELL AVE, ,Major Arterial,Toronto and East York,43.683345,-79.32359,Intersection,At Intersection,Traffic Signal,Clear,Daylight,Dry,Fatal,Pedestrian Collisions,Driver,50 to 54,None,0,West,"Automobile, Station Wagon",Stopped,Driving Properly,Normal, , , , , , ,Yes, ,Yes, , , , ,Yes,Yes,Yes, , ,Yes,"54,55",,,64,,896
-79.32359,43.683345,5381219,1047910,2008,2008-07-14T04:00:00.000Z,1337,13,DANFORTH AVE,COXWELL AVE, ,Major Arterial,Toronto and East York,43.683345,-79.32359,Intersection,At Intersection,Traffic Signal,Clear,Daylight,Dry,Fatal,Pedestrian Collisions,Pedestrian,50 to 54,Fatal,33,North,Other, , , ,Vehicle is going straight thru inter.while ped cross with ROW,Crossing with right of way,Normal, , , ,Yes, ,Yes, , , , ,Yes,Yes,Yes, , ,Yes,"54,55",,,64,,897
-79.24239,43.737945,5377815,1046412,2008,2008-07-04T04:00:00.000Z,1345,13,EGLINTON AVE E,BARBADOS BLVD, ,Major Arterial,Scarborough,43.737945,-79.24239,Mid-Block, ,No Control,Clear,Daylight,Dry,Fatal,Approaching,Driver,25 to 29,Minor,0,West,"Automobile, Station Wagon",Going Ahead,Driving Properly,Normal, , , , , , , , ,Yes, , , , , ,Yes,Yes, , , ,43,,,138,,898
-79.24239,43.737945,5377816,1046412,2008,2008-07-04T04:00:00.000Z,1345,13,EGLINTON AVE E,BARBADOS BLVD, ,Major Arterial,Scarborough,43.737945,-79.24239,Mid-Block, ,No Control,Clear,Daylight,Dry,Fatal,Approaching,Driver,80 to 84,Fatal,29,East,"Automobile, Station Wagon",Going Ahead,Lost control,Unknown, , , , , , , , ,Yes, , , , , ,Yes,Yes, , , ,43,,,138,,899
-79.446422,43.666651,80950261,8001625092,2018,2018-09-02T04:00:00.000Z,1346,13,DUPONT ST,LANSDOWNE AVE, ,Major Arterial,Toronto and East York,43.666651,-79.446422,Intersection,At Intersection,Traffic Signal,Clear,Daylight,Dry,Non-Fatal Injury,Turning Movement,Driver,55 to 59,None,0,West,Pick Up Truck,Turning Left,Failed to Yield Right of Way,Normal, , , , , , , , ,Yes, , , , , ,Yes,Yes, , , ,11,,,93,,900
-79.446422,43.666651,80950262,8001625092,2018,2018-09-02T04:00:00.000Z,1346,13,DUPONT ST,LANSDOWNE AVE, ,Major Arterial,Toronto and East York,43.666651,-79.446422,Intersection,At Intersection,Traffic Signal,Clear,Daylight,Dry,Non-Fatal Injury,Turning Movement,Driver,30 to 34,Major,0,North,"Automobile, Station Wagon",Going Ahead,Exceeding Speed Limit,Normal, , , , , , , , ,Yes, , , , , ,Yes,Yes, , , ,11,,,93,,901
-79.19949,43.765445,7644744,1246736,2011,2011-07-24T04:00:00.000Z,1349,13,LAWRENCE AVE E,OVERTURE RD, ,Major Arterial,Scarborough,43.765445,-79.19949,Intersection,At Intersection,Traffic Signal,Clear,Daylight,Dry,Fatal,Approaching,Passenger,unknown,Major,0, ,Other,Other, , , , , , , , , , ,Yes, , , , ,Yes,Yes,Yes, , , ,43,,,136,,902
-79.19949,43.765445,7644745,1246736,2011,2011-07-24T04:00:00.000Z,1349,13,LAWRENCE AVE E,OVERTURE RD, ,Major Arterial,Scarborough,43.765445,-79.19949,Intersection,At Intersection,Traffic Signal,Clear,Daylight,Dry,Fatal,Approaching,Driver,65 to 69,Fatal,15,East,"Automobile, Station Wagon",Going Ahead, , , , , , , , , , ,Yes, , , , ,Yes,Yes,Yes, , , ,43,,,136,,903
-79.19949,43.765445,7644746,1246736,2011,2011-07-24T04:00:00.000Z,1349,13,LAWRENCE AVE E,OVERTURE RD, ,Major Arterial,Scarborough,43.765445,-79.19949,Intersection,At Intersection,Traffic Signal,Clear,Daylight,Dry,Fatal,Approaching,Passenger,unknown,Minimal,0, ,Other,Other, , , , , , , , , , ,Yes, , , , ,Yes,Yes,Yes, , , ,43,,,136,,904
-79.19949,43.765445,7644747,1246736,2011,2011-07-24T04:00:00.000Z,1349,13,LAWRENCE AVE E,OVERTURE RD, ,Major Arterial,Scarborough,43.765445,-79.19949,Intersection,At Intersection,Traffic Signal,Clear,Daylight,Dry,Fatal,Approaching,Passenger,unknown,Minimal,0, ,Other,Other, , , , , , , , , , ,Yes, , , , ,Yes,Yes,Yes, , , ,43,,,136,,905
-79.19949,43.765445,7644748,1246736,2011,2011-07-24T04:00:00.000Z,1349,13,LAWRENCE AVE E,OVERTURE RD, ,Major Arterial,Scarborough,43.765445,-79.19949,Intersection,At Intersection,Traffic Signal,Clear,Daylight,Dry,Fatal,Approaching,Passenger,unknown,Minimal,0, ,Other,Other, , , , , , , , , , ,Yes, , , , ,Yes,Yes,Yes, , , ,43,,,136,,906
-79.19949,43.765445,7644749,1246736,2011,2011-07-24T04:00:00.000Z,1349,13,LAWRENCE AVE E,OVERTURE RD, ,Major Arterial,Scarborough,43.765445,-79.19949,Intersection,At Intersection,Traffic Signal,Clear,Daylight,Dry,Fatal,Approaching,Driver,40 to 44,None,0,West,"Automobile, Station Wagon",Stopped, , , , , , , , , , ,Yes, , , , ,Yes,Yes,Yes, , , ,43,,,136,,907
-79.600063,43.727339,80542267,6000894195,2016,2016-05-24T04:00:00.000Z,1350,13,HIGHWAY 27  N,HUMBER COLLEGE BLVD, ,Major Arterial,Etobicoke York,43.727339,-79.600063,Mid-Block,Non Intersection,No Control,Clear,Daylight,Dry,Fatal,Rear End,Passenger,15 to 19,Minor,0, , , , , , , , , , , , , ,Yes, ,Yes, , ,Yes,Yes,Yes, , , ,23,,,1,,908
-79.600063,43.727339,80542269,6000894195,2016,2016-05-24T04:00:00.000Z,1350,13,HIGHWAY 27  N,HUMBER COLLEGE BLVD, ,Major Arterial,Etobicoke York,43.727339,-79.600063,Mid-Block,Non Intersection,No Control,Clear,Daylight,Dry,Fatal,Rear End,Driver,20 to 24,Minor,0,North,"Automobile, Station Wagon",Going Ahead,Exceeding Speed Limit,"Ability Impaired, Drugs", , , , , , , , ,Yes, ,Yes, , ,Yes,Yes,Yes, , , ,23,,,1,,909
-79.600063,43.727339,80542270,6000894195,2016,2016-05-24T04:00:00.000Z,1350,13,HIGHWAY 27  N,HUMBER COLLEGE BLVD, ,Major Arterial,Etobicoke York,43.727339,-79.600063,Mid-Block,Non Intersection,No Control,Clear,Daylight,Dry,Fatal,Rear End,Driver,55 to 59,Minor,0,North,"Automobile, Station Wagon",Going Ahead,Driving Properly,Normal, , , , , , , , ,Yes, ,Yes, , ,Yes,Yes,Yes, , , ,23,,,1,,910
-79.600063,43.727339,80542271,6000894195,2016,2016-05-24T04:00:00.000Z,1350,13,HIGHWAY 27  N,HUMBER COLLEGE BLVD, ,Major Arterial,Etobicoke York,43.727339,-79.600063,Mid-Block,Non Intersection,No Control,Clear,Daylight,Dry,Fatal,Rear End,Truck Driver,25 to 29,None,0,South,Truck - Dump,Going Ahead,Driving Properly,Normal, , , , , , , , ,Yes, ,Yes, , ,Yes,Yes,Yes, , , ,23,,,1,,911
-79.600063,43.727339,80542277,6000894195,2016,2016-05-24T04:00:00.000Z,1350,13,HIGHWAY 27  N,HUMBER COLLEGE BLVD, ,Major Arterial,Etobicoke York,43.727339,-79.600063,Mid-Block,Non Intersection,No Control,Clear,Daylight,Dry,Fatal,Rear End,Driver,70 to 74,Fatal,32,North,"Automobile, Station Wagon",Going Ahead,Driving Properly,Normal, , , , , , , , ,Yes, ,Yes, , ,Yes,Yes,Yes, , , ,23,,,1,,912
-79.55229,43.749945,5374158,1044781,2008,2008-06-04T04:00:00.000Z,1355,13,FINCH AVE W,MILVAN DR, ,Major Arterial,Etobicoke York,43.749945,-79.55229,Intersection,At Intersection,Traffic Signal,Clear,Daylight,Dry,Non-Fatal Injury,Angle,Vehicle Owner,unknown, ,0, ,Other, , , , , , , , , , , ,Yes, , , , , ,Yes,Yes,Yes, , ,31,,,22,,913
-79.20439,43.797045,7448324,1308216,2012,2012-07-08T04:00:00.000Z,42,0,CINEMART DR,MILNER AVE, ,Collector,Scarborough,43.797045,-79.20439,Mid-Block, ,No Control,Clear,"Dark, artificial",Dry,Non-Fatal Injury,Pedestrian Collisions,Pedestrian,25 to 29,Major,0,Unknown,Other, , , ,Pedestrian hit at mid-block,"Crossing, no Traffic Control", , , , ,Yes, ,Yes, , , , , ,Yes,Yes, , , ,42,,,132,,914
-79.14622,43.798911,80502841,6000501397,2016,2016-03-24T04:00:00.000Z,42,0,KINGSTON RD,SHEPPARD AVE E, ,Major Arterial,Scarborough,43.798911,-79.14622,Intersection,At Intersection,Traffic Signal,Freezing Rain,"Dark, artificial",Slush,Non-Fatal Injury,Angle,Driver,25 to 29,Minor,0,East,"Automobile, Station Wagon",Going Ahead,Disobeyed Traffic Control,"Ability Impaired, Alcohol Over .08", , , , , , , , ,Yes, , , , , ,Yes,Yes,Yes,Yes, ,42,,,133,,915
-79.14622,43.798911,80502842,6000501397,2016,2016-03-24T04:00:00.000Z,42,0,KINGSTON RD,SHEPPARD AVE E, ,Major Arterial,Scarborough,43.798911,-79.14622,Intersection,At Intersection,Traffic Signal,Freezing Rain,"Dark, artificial",Slush,Non-Fatal Injury,Angle,Driver,50 to 54,Major,0,South,"Automobile, Station Wagon",Going Ahead,Driving Properly,Normal, , , , , , , , ,Yes, , , , , ,Yes,Yes,Yes,Yes, ,42,,,133,,916
-79.413097,43.777663,80948656,8001355778,2018,2018-07-25T04:00:00.000Z,45,0,DORIS AVE,HOLMES AVE,42 m South,Minor Arterial,North York,43.777663,-79.413097,Mid-Block,Non Intersection,No Control,Clear,"Dark, artificial",Wet,Fatal,SMV Other,Driver,20 to 24,Fatal,36,North,"Automobile, Station Wagon",Going Ahead,Exceeding Speed Limit,Unknown, , , , , , , , ,Yes, , , , , ,Yes,Yes, , , ,32,,,51,,917
-79.62429,43.753145,5436094,1072032,2008,2008-11-02T04:00:00.000Z,50,0,6931 STEELES AVE W, , ,Major Arterial,Etobicoke York,43.753145,-79.62429,Mid-Block, ,No Control,Clear,Dark,Dry,Non-Fatal Injury,Sideswipe,Passenger,55 to 59,Major,0, ,Other, , , , , , , , , , , ,Yes, , , , ,Yes,Yes,Yes, , , ,23,,,1,,918
-79.62429,43.753145,5436095,1072032,2008,2008-11-02T04:00:00.000Z,50,0,6931 STEELES AVE W, , ,Major Arterial,Etobicoke York,43.753145,-79.62429,Mid-Block, ,No Control,Clear,Dark,Dry,Non-Fatal Injury,Sideswipe,Passenger,25 to 29,Minor,0, ,Other, , , , , , , , , , , ,Yes, , , , ,Yes,Yes,Yes, , , ,23,,,1,,919
-79.62429,43.753145,5436096,1072032,2008,2008-11-02T04:00:00.000Z,50,0,6931 STEELES AVE W, , ,Major Arterial,Etobicoke York,43.753145,-79.62429,Mid-Block, ,No Control,Clear,Dark,Dry,Non-Fatal Injury,Sideswipe,Passenger,65 to 69,Minor,0, ,Other, , , , , , , , , , , ,Yes, , , , ,Yes,Yes,Yes, , , ,23,,,1,,920
-79.62429,43.753145,5436097,1072032,2008,2008-11-02T04:00:00.000Z,50,0,6931 STEELES AVE W, , ,Major Arterial,Etobicoke York,43.753145,-79.62429,Mid-Block, ,No Control,Clear,Dark,Dry,Non-Fatal Injury,Sideswipe,Driver,25 to 29,Minor,0,East,"Automobile, Station Wagon",Changing Lanes,Improper Lane Change,Normal, , , , , , , , ,Yes, , , , ,Yes,Yes,Yes, , , ,23,,,1,,921
-79.62429,43.753145,5436098,1072032,2008,2008-11-02T04:00:00.000Z,50,0,6931 STEELES AVE W, , ,Major Arterial,Etobicoke York,43.753145,-79.62429,Mid-Block, ,No Control,Clear,Dark,Dry,Non-Fatal Injury,Sideswipe,Driver,15 to 19,Minor,0,East,"Automobile, Station Wagon",Going Ahead,Exceeding Speed Limit,Had Been Drinking, , , , , , , , ,Yes, , , , ,Yes,Yes,Yes, , , ,23,,,1,,922
-79.53769,43.718745,7834839,1363269,2013,2013-05-11T04:00:00.000Z,50,0,WESTON RD,WALLASEY AVE, ,Major Arterial,Etobicoke York,43.718745,-79.53769,Intersection, ,No Control,"Fog, Mist, Smoke, Dust",Dark,Wet,Non-Fatal Injury,SMV Other,Driver,30 to 34,Major,0,South,"Automobile, Station Wagon",Going Ahead,Speed too Fast For Condition,Had Been Drinking, , , , , , , , ,Yes, , , , , ,Yes,Yes, , , ,31,,,23,,923
-79.53769,43.718745,7834840,1363269,2013,2013-05-11T04:00:00.000Z,50,0,WESTON RD,WALLASEY AVE, ,Major Arterial,Etobicoke York,43.718745,-79.53769,Intersection, ,No Control,"Fog, Mist, Smoke, Dust",Dark,Wet,Non-Fatal Injury,SMV Other,Other Property Owner,unknown, ,0, ,Other, , , , , , , , , , , ,Yes, , , , , ,Yes,Yes, , , ,31,,,23,,924
-79.53769,43.718745,7834841,1363269,2013,2013-05-11T04:00:00.000Z,50,0,WESTON RD,WALLASEY AVE, ,Major Arterial,Etobicoke York,43.718745,-79.53769,Intersection, ,No Control,"Fog, Mist, Smoke, Dust",Dark,Wet,Non-Fatal Injury,SMV Other,Other Property Owner,unknown, ,0, ,Other, , , , , , , , , , , ,Yes, , , , , ,Yes,Yes, , , ,31,,,23,,925
-79.53769,43.718745,7834842,1363269,2013,2013-05-11T04:00:00.000Z,50,0,WESTON RD,WALLASEY AVE, ,Major Arterial,Etobicoke York,43.718745,-79.53769,Intersection, ,No Control,"Fog, Mist, Smoke, Dust",Dark,Wet,Non-Fatal Injury,SMV Other,Other Property Owner,unknown, ,0, ,Other, , , , , , , , , , , ,Yes, , , , , ,Yes,Yes, , , ,31,,,23,,926
-79.488162,43.674117,80898080,7001725049,2017,2017-09-23T04:00:00.000Z,50,0,ROCKCLIFFE BLVD,WOOLNER AVE,150 m North of,Collector,Etobicoke York,43.674117,-79.488162,Mid-Block,Non Intersection,No Control,Clear,"Dark, artificial",Dry,Non-Fatal Injury,SMV Other,Passenger,15 to 19,Major,0, , , , , , , , , , , , , ,Yes, , , , ,Yes,Yes,Yes, , , ,12,,,111,,927
-79.488162,43.674117,80898081,7001725049,2017,2017-09-23T04:00:00.000Z,50,0,ROCKCLIFFE BLVD,WOOLNER AVE,150 m North of,Collector,Etobicoke York,43.674117,-79.488162,Mid-Block,Non Intersection,No Control,Clear,"Dark, artificial",Dry,Non-Fatal Injury,SMV Other,Passenger,15 to 19,Major,0, , , , , , , , , , , , , ,Yes, , , , ,Yes,Yes,Yes, , , ,12,,,111,,928
-79.488162,43.674117,80898082,7001725049,2017,2017-09-23T04:00:00.000Z,50,0,ROCKCLIFFE BLVD,WOOLNER AVE,150 m North of,Collector,Etobicoke York,43.674117,-79.488162,Mid-Block,Non Intersection,No Control,Clear,"Dark, artificial",Dry,Non-Fatal Injury,SMV Other,Passenger,15 to 19,Minor,0, , , , , , , , , , , , , ,Yes, , , , ,Yes,Yes,Yes, , , ,12,,,111,,929
-79.488162,43.674117,80898083,7001725049,2017,2017-09-23T04:00:00.000Z,50,0,ROCKCLIFFE BLVD,WOOLNER AVE,150 m North of,Collector,Etobicoke York,43.674117,-79.488162,Mid-Block,Non Intersection,No Control,Clear,"Dark, artificial",Dry,Non-Fatal Injury,SMV Other,Passenger,15 to 19,None,0, , , , , , , , , , , , , ,Yes, , , , ,Yes,Yes,Yes, , , ,12,,,111,,930
-79.488162,43.674117,80898084,7001725049,2017,2017-09-23T04:00:00.000Z,50,0,ROCKCLIFFE BLVD,WOOLNER AVE,150 m North of,Collector,Etobicoke York,43.674117,-79.488162,Mid-Block,Non Intersection,No Control,Clear,"Dark, artificial",Dry,Non-Fatal Injury,SMV Other,Passenger,15 to 19,Minor,0, , , , , , , , , , , , , ,Yes, , , , ,Yes,Yes,Yes, , , ,12,,,111,,931
-79.488162,43.674117,80898085,7001725049,2017,2017-09-23T04:00:00.000Z,50,0,ROCKCLIFFE BLVD,WOOLNER AVE,150 m North of,Collector,Etobicoke York,43.674117,-79.488162,Mid-Block,Non Intersection,No Control,Clear,"Dark, artificial",Dry,Non-Fatal Injury,SMV Other,Passenger,15 to 19,Minimal,0, , , , , , , , , , , , , ,Yes, , , , ,Yes,Yes,Yes, , , ,12,,,111,,932
-79.488162,43.674117,80898086,7001725049,2017,2017-09-23T04:00:00.000Z,50,0,ROCKCLIFFE BLVD,WOOLNER AVE,150 m North of,Collector,Etobicoke York,43.674117,-79.488162,Mid-Block,Non Intersection,No Control,Clear,"Dark, artificial",Dry,Non-Fatal Injury,SMV Other,Driver,20 to 24,Minimal,0,South,Passenger Van,Going Ahead,Lost control,Unknown, , , , , , , , ,Yes, , , , ,Yes,Yes,Yes, , , ,12,,,111,,933
-79.394183,43.795054,80240420,5000926071,2015,2015-06-03T04:00:00.000Z,51,0,BAYVIEW AVE,BOWAN CRT, ,Major Arterial,North York,43.795054,-79.394183,Intersection,At Intersection,Stop Sign,Clear,"Dark, artificial",Dry,Non-Fatal Injury,Turning Movement,Driver,35 to 39,Major,0,North,"Automobile, Station Wagon",Going Ahead,Exceeding Speed Limit,Had Been Drinking, , , , , , , , ,Yes, , ,Yes, ,Yes,Yes,Yes, , , ,"33,32",,,49,,934
-79.394183,43.795054,80240421,5000926071,2015,2015-06-03T04:00:00.000Z,51,0,BAYVIEW AVE,BOWAN CRT, ,Major Arterial,North York,43.795054,-79.394183,Intersection,At Intersection,Stop Sign,Clear,"Dark, artificial",Dry,Non-Fatal Injury,Turning Movement,Driver,55 to 59,None,0,West,"Bus (Other) (Go Bus, Gray Coach)",Turning Left,Other,Had Been Drinking, , , , , , , , ,Yes, , ,Yes, ,Yes,Yes,Yes, , , ,"33,32",,,49,,935
-79.394183,43.795054,80240422,5000926071,2015,2015-06-03T04:00:00.000Z,51,0,BAYVIEW AVE,BOWAN CRT, ,Major Arterial,North York,43.795054,-79.394183,Intersection,At Intersection,Stop Sign,Clear,"Dark, artificial",Dry,Non-Fatal Injury,Turning Movement,Passenger,30 to 34,Major,0, , , , , , , , , , , , , ,Yes, , ,Yes, ,Yes,Yes,Yes, , , ,"33,32",,,49,,936
-79.24809,43.824545,5232959,1101573,2009,2009-04-09T04:00:00.000Z,52,0,MCNICOLL AVE,MARKHAM RD, ,Major Arterial,Scarborough,43.824545,-79.24809,Mid-Block, ,No Control,Clear,Dark,Dry,Non-Fatal Injury,Angle,Passenger,45 to 49,Major,0, ,Other, , , , , , , , , , , ,Yes, , , , ,Yes,Yes,Yes, , , ,42,,,130,,937
-79.24809,43.824545,5232960,1101573,2009,2009-04-09T04:00:00.000Z,52,0,MCNICOLL AVE,MARKHAM RD, ,Major Arterial,Scarborough,43.824545,-79.24809,Mid-Block, ,No Control,Clear,Dark,Dry,Non-Fatal Injury,Angle,Driver,50 to 54,None,0,North,"Automobile, Station Wagon",Going Ahead,Failed to Yield Right of Way,Normal, , , , , , , , ,Yes, , , , ,Yes,Yes,Yes, , , ,42,,,130,,938
-79.24809,43.824545,5232961,1101573,2009,2009-04-09T04:00:00.000Z,52,0,MCNICOLL AVE,MARKHAM RD, ,Major Arterial,Scarborough,43.824545,-79.24809,Mid-Block, ,No Control,Clear,Dark,Dry,Non-Fatal Injury,Angle,Passenger,unknown,Minimal,0, ,Other, , , , , , , , , , , ,Yes, , , , ,Yes,Yes,Yes, , , ,42,,,130,,939
-79.24809,43.824545,5232962,1101573,2009,2009-04-09T04:00:00.000Z,52,0,MCNICOLL AVE,MARKHAM RD, ,Major Arterial,Scarborough,43.824545,-79.24809,Mid-Block, ,No Control,Clear,Dark,Dry,Non-Fatal Injury,Angle,Driver,25 to 29,None,0,East,"Automobile, Station Wagon",Going Ahead,Exceeding Speed Limit,Normal, , , , , , , , ,Yes, , , , ,Yes,Yes,Yes, , , ,42,,,130,,940
-79.49609,43.765945,5288400,1126015,2009,2009-09-22T04:00:00.000Z,52,0,MURRAY ROSS PKWY,LEITCH AVE, ,Collector,Etobicoke York,43.765945,-79.49609,Intersection, ,No Control,Clear,Dark,Wet,Non-Fatal Injury,Pedestrian Collisions,Passenger,20 to 24,None,0, ,Other, , , , , , , , , ,Yes, ,Yes, , , , ,Yes,Yes,Yes, , , ,31,,,27,,941