X,Y,Index_,ACCNUM,YEAR,DATE,TIME,Hour,STREET1,STREET2,OFFSET,ROAD_CLASS,District,LATITUDE,LONGITUDE,LOCCOORD,ACCLOC,TRAFFCTL,VISIBILITY,LIGHT,RDSFCOND,ACCLASS,IMPACTYPE,INVTYPE,INVAGE,INJURY,FATAL_NO,INITDIR,VEHTYPE,MANOEUVER,DRIVACT,DRIVCOND,PEDTYPE,PEDACT,PEDCOND,CYCLISTYPE,CYCACT,CYCCOND,PEDESTRIAN,CYCLIST,AUTOMOBILE,MOTORCYCLE,TRUCK,TRSN_CITY_,EMERG_VEH,PASSENGER,SPEEDING,AG_DRIV,REDLIGHT,ALCOHOL,DISABILITY,Division,Ward_Name,Ward_ID,Hood_ID,Hood_Name,ObjectId
-79.49609,43.765945,5288401,1126015,2009,2009-09-22T04:00:00.000Z,52,0,MURRAY ROSS PKWY,LEITCH AVE, ,Collector,Etobicoke York,43.765945,-79.49609,Intersection, ,No Control,Clear,Dark,Wet,Non-Fatal Injury,Pedestrian Collisions,Driver,25 to 29,None,0,West,"Automobile, Station Wagon",Going Ahead,Exceeding Speed Limit,Unknown, , , , , , ,Yes, ,Yes, , , , ,Yes,Yes,Yes, , , ,31,,,27,,942
-79.49609,43.765945,5288402,1126015,2009,2009-09-22T04:00:00.000Z,52,0,MURRAY ROSS PKWY,LEITCH AVE, ,Collector,Etobicoke York,43.765945,-79.49609,Intersection, ,No Control,Clear,Dark,Wet,Non-Fatal Injury,Pedestrian Collisions,Pedestrian,20 to 24,Major,0, ,Other, , , ,Pedestrian hit on sidewalk or shoulder,On Sidewalk or Shoulder,Normal, , , ,Yes, ,Yes, , , , ,Yes,Yes,Yes, , , ,31,,,27,,943
-79.35619,43.665345,5449937,1078367,2008,2008-12-31T05:00:00.000Z,52,0,DON VALLEY PARKWAY  S,GERRARD ST E, ,Expressway,Toronto and East York,43.665345,-79.35619,Mid-Block, ,No Control,Snow,Dark,Loose Snow,Non-Fatal Injury,SMV Other,Vehicle Owner,unknown, ,0, ,Other, , , , , , , , , , , ,Yes, , , , ,Yes,Yes,Yes, , , ,55,,,68,,944
-79.35619,43.665345,5449938,1078367,2008,2008-12-31T05:00:00.000Z,52,0,DON VALLEY PARKWAY  S,GERRARD ST E, ,Expressway,Toronto and East York,43.665345,-79.35619,Mid-Block, ,No Control,Snow,Dark,Loose Snow,Non-Fatal Injury,SMV Other,Driver,30 to 34,None,0,South,"Automobile, Station Wagon",Going Ahead,Driving Properly,Normal, , , , , , , , ,Yes, , , , ,Yes,Yes,Yes, , , ,55,,,68,,945
-79.35619,43.665345,5449939,1078367,2008,2008-12-31T05:00:00.000Z,52,0,DON VALLEY PARKWAY  S,GERRARD ST E, ,Expressway,Toronto and East York,43.665345,-79.35619,Mid-Block, ,No Control,Snow,Dark,Loose Snow,Non-Fatal Injury,SMV Other,Vehicle Owner,unknown, ,0, ,Other, , , , , , , , , , , ,Yes, , , , ,Yes,Yes,Yes, , , ,55,,,68,,946
-79.35619,43.665345,5449940,1078367,2008,2008-12-31T05:00:00.000Z,52,0,DON VALLEY PARKWAY  S,GERRARD ST E, ,Expressway,Toronto and East York,43.665345,-79.35619,Mid-Block, ,No Control,Snow,Dark,Loose Snow,Non-Fatal Injury,SMV Other,Driver,20 to 24,Minimal,0,South,"Automobile, Station Wagon",Going Ahead,Speed too Fast For Condition,Normal, , , , , , , , ,Yes, , , , ,Yes,Yes,Yes, , , ,55,,,68,,947
-79.35619,43.665345,5449941,1078367,2008,2008-12-31T05:00:00.000Z,52,0,DON VALLEY PARKWAY  S,GERRARD ST E, ,Expressway,Toronto and East York,43.665345,-79.35619,Mid-Block, ,No Control,Snow,Dark,Loose Snow,Non-Fatal Injury,SMV Other,Passenger,45 to 49,None,0, ,Other, , , , , , , , , , , ,Yes, , , , ,Yes,Yes,Yes, , , ,55,,,68,,948
-79.35619,43.665345,5449942,1078367,2008,2008-12-31T05:00:00.000Z,52,0,DON VALLEY PARKWAY  S,GERRARD ST E, ,Expressway,Toronto and East York,43.665345,-79.35619,Mid-Block, ,No Control,Snow,Dark,Loose Snow,Non-Fatal Injury,SMV Other,Passenger,45 to 49,Minimal,0, ,Other, , , , , , , , , , , ,Yes, , , , ,Yes,Yes,Yes, , , ,55,,,68,,949
-79.35619,43.665345,5449943,1078367,2008,2008-12-31T05:00:00.000Z,52,0,DON VALLEY PARKWAY  S,GERRARD ST E, ,Expressway,Toronto and East York,43.665345,-79.35619,Mid-Block, ,No Control,Snow,Dark,Loose Snow,Non-Fatal Injury,SMV Other,Passenger,40 to 44,Major,0, ,Other, , , , , , , , , , , ,Yes, , , , ,Yes,Yes,Yes, , , ,55,,,68,,950
-79.35619,43.665345,5449944,1078367,2008,2008-12-31T05:00:00.000Z,52,0,DON VALLEY PARKWAY  S,GERRARD ST E, ,Expressway,Toronto and East York,43.665345,-79.35619,Mid-Block, ,No Control,Snow,Dark,Loose Snow,Non-Fatal Injury,SMV Other,Driver,40 to 44,None,0,South,"Automobile, Station Wagon",Going Ahead,Driving Properly,Normal, , , , , , , , ,Yes, , , , ,Yes,Yes,Yes, , , ,55,,,68,,951
-79.35619,43.665345,5449945,1078367,2008,2008-12-31T05:00:00.000Z,52,0,DON VALLEY PARKWAY  S,GERRARD ST E, ,Expressway,Toronto and East York,43.665345,-79.35619,Mid-Block, ,No Control,Snow,Dark,Loose Snow,Non-Fatal Injury,SMV Other,Other,unknown,None,0, ,Other, , , , , , , , , , , ,Yes, , , , ,Yes,Yes,Yes, , , ,55,,,68,,952
-79.40189,43.636045,5375121,1045221,2008,2008-06-27T04:00:00.000Z,53,0,FLEET ST,STADIUM RD, ,Major Arterial,Toronto and East York,43.636045,-79.40189,Intersection, ,No Control,Clear,Dark,Dry,Fatal,Approaching,Vehicle Owner,unknown, ,0, ,Other, , , , , , , , , , , ,Yes, , ,Yes, ,Yes,Yes,Yes, ,Yes, ,14,,,82,,953
-79.40189,43.636045,5375122,1045221,2008,2008-06-27T04:00:00.000Z,53,0,FLEET ST,STADIUM RD, ,Major Arterial,Toronto and East York,43.636045,-79.40189,Intersection, ,No Control,Clear,Dark,Dry,Fatal,Approaching,Driver,30 to 34,None,0,East,Municipal Transit Bus (TTC),Going Ahead,Driving Properly,Normal, , , , , , , , ,Yes, , ,Yes, ,Yes,Yes,Yes, ,Yes, ,14,,,82,,954
-79.40189,43.636045,5375123,1045221,2008,2008-06-27T04:00:00.000Z,53,0,FLEET ST,STADIUM RD, ,Major Arterial,Toronto and East York,43.636045,-79.40189,Intersection, ,No Control,Clear,Dark,Dry,Fatal,Approaching,Passenger,20 to 24,Major,0, ,Other, , , , , , , , , , , ,Yes, , ,Yes, ,Yes,Yes,Yes, ,Yes, ,14,,,82,,955
-79.40189,43.636045,5375124,1045221,2008,2008-06-27T04:00:00.000Z,53,0,FLEET ST,STADIUM RD, ,Major Arterial,Toronto and East York,43.636045,-79.40189,Intersection, ,No Control,Clear,Dark,Dry,Fatal,Approaching,Driver,20 to 24,Fatal,28,West,"Automobile, Station Wagon",Going Ahead,Wrong Way on One Way Road,"Ability Impaired, Alcohol", , , , , , , , ,Yes, , ,Yes, ,Yes,Yes,Yes, ,Yes, ,14,,,82,,956
-79.325191,43.741919,80493171,5001995659,2015,2015-11-21T05:00:00.000Z,55,0,UNDERHILL DR,ROANOKE RD, ,Collector,North York,43.741919,-79.325191,Intersection,Intersection Related,Stop Sign,Clear,"Dark, artificial",Dry,Non-Fatal Injury,Turning Movement,Driver,70 to 74,Major,0,South,"Automobile, Station Wagon",Going Ahead,Speed too Fast For Condition,"Ability Impaired, Alcohol Over .08", , , , , , , , ,Yes, , , , , ,Yes,Yes, ,Yes, ,33,,,45,,957
-79.325191,43.741919,80493172,5001995659,2015,2015-11-21T05:00:00.000Z,55,0,UNDERHILL DR,ROANOKE RD, ,Collector,North York,43.741919,-79.325191,Intersection,Intersection Related,Stop Sign,Clear,"Dark, artificial",Dry,Non-Fatal Injury,Turning Movement,Driver,25 to 29,Minimal,0,East,"Automobile, Station Wagon",Turning Left,Improper Turn,Normal, , , , , , , , ,Yes, , , , , ,Yes,Yes, ,Yes, ,33,,,45,,958
-79.36584,43.671626,80000126,5000756531,2015,2015-05-07T04:00:00.000Z,100,1,ROSEDALE VALLEY RD,BAYVIEW AVE, ,Minor Arterial,Toronto and East York,43.671626,-79.36584,Mid-Block,Non Intersection,No Control,Clear,"Dark, artificial",Dry,Fatal,SMV Other,Motorcycle Passenger,20 to 24,Major,0, , , , , , , , , , , , , , ,Yes, , , ,Yes,Yes,Yes, , , ,51,,,71,,959
-79.36584,43.671626,80000127,5000756531,2015,2015-05-07T04:00:00.000Z,100,1,ROSEDALE VALLEY RD,BAYVIEW AVE, ,Minor Arterial,Toronto and East York,43.671626,-79.36584,Mid-Block,Non Intersection,No Control,Clear,"Dark, artificial",Dry,Fatal,SMV Other,Motorcycle Driver,25 to 29,Fatal,20,West,Motorcycle,Going Ahead,Lost control,Unknown, , , , , , , , , ,Yes, , , ,Yes,Yes,Yes, , , ,51,,,71,,960
-79.310367,43.671492,80236768,5000663068,2015,2015-04-22T04:00:00.000Z,100,1,KINGSTON RD,COLUMBINE AVE,9 m West of,Major Arterial,Toronto and East York,43.671492,-79.310367,Intersection,Non Intersection,No Control,Rain,Dark,Wet,Non-Fatal Injury,SMV Unattended Vehicle,Driver,45 to 49,Major,0,West,"Automobile, Station Wagon",Going Ahead,Lost control,Unknown, , , , , , , , ,Yes, , , , , ,Yes,Yes, , , ,55,,,63,,961
-79.53449,43.594245,5331655,1025521,2008,2008-02-18T05:00:00.000Z,103,1,LAKE SHORE BLVD W,THIRTY FIFTH ST, ,Major Arterial,Etobicoke York,43.594245,-79.53449,Mid-Block, ,No Control,Rain,Dark,Wet,Non-Fatal Injury,SMV Other,Driver,60 to 64,Major,0,East,"Automobile, Station Wagon",Other,Lost control,"Ability Impaired, Alcohol Over .08", , , , , , , , ,Yes, , , , , ,Yes,Yes, ,Yes, ,22,,,19,,962
-79.370799,43.65774,80496364,5000286208,2015,2015-02-18T05:00:00.000Z,104,1,SHERBOURNE ST,DUNDAS ST E,50 m South of,Minor Arterial,Toronto and East York,43.65774,-79.370799,Mid-Block,Intersection Related,No Control,Clear,"Dark, artificial",Wet,Fatal,Pedestrian Collisions,Driver,30 to 34,None,0,South,"Automobile, Station Wagon",Going Ahead,Exceeding Speed Limit,Had Been Drinking, , , , , , ,Yes, ,Yes, , , , , ,Yes,Yes, , , ,51,,,73,,963
-79.370799,43.65774,80496365,5000286208,2015,2015-02-18T05:00:00.000Z,104,1,SHERBOURNE ST,DUNDAS ST E,50 m South of,Minor Arterial,Toronto and East York,43.65774,-79.370799,Mid-Block,Intersection Related,No Control,Clear,"Dark, artificial",Wet,Fatal,Pedestrian Collisions,Pedestrian,55 to 59,Fatal,7,Unknown, , , , ,Pedestrian hit at mid-block,"Crossing, no Traffic Control",Other, , , ,Yes, ,Yes, , , , , ,Yes,Yes, , , ,51,,,73,,964
-79.25149,43.772045,6178878,1184369,2010,2010-07-12T04:00:00.000Z,105,1,ELLESMERE Road,MCCOWAN Road, ,Major Arterial,Scarborough,43.772045,-79.25149,Intersection,At Intersection,Traffic Signal,Clear,Dark,Dry,Non-Fatal Injury,SMV Other,Driver,20 to 24,Major,0,East,"Automobile, Station Wagon",Going Ahead,Exceeding Speed Limit,Had Been Drinking, , , , , , , , ,Yes, , , , , ,Yes,Yes, , , ,43,,,127,,965
-79.25149,43.772045,6178879,1184369,2010,2010-07-12T04:00:00.000Z,105,1,ELLESMERE Road,MCCOWAN Road, ,Major Arterial,Scarborough,43.772045,-79.25149,Intersection,At Intersection,Traffic Signal,Clear,Dark,Dry,Non-Fatal Injury,SMV Other,Other Property Owner,unknown, ,0, ,Other, , , , , , , , , , , ,Yes, , , , , ,Yes,Yes, , , ,43,,,127,,966
-79.25149,43.772145,6581562,1210132,2011,2011-01-02T05:00:00.000Z,105,1,MCCOWAN RD,ELLESMERE RD, ,Major Arterial,Scarborough,43.772145,-79.25149,Intersection,At Intersection,Traffic Signal,Clear,Dark,Dry,Non-Fatal Injury,Turning Movement,Driver,55 to 59,None,0,South,"Automobile, Station Wagon",Turning Left,Improper Turn,Normal, , , , , , , , ,Yes,Yes, , , , ,Yes,Yes, , , ,43,,,137,,967
-79.25149,43.772145,6581563,1210132,2011,2011-01-02T05:00:00.000Z,105,1,MCCOWAN RD,ELLESMERE RD, ,Major Arterial,Scarborough,43.772145,-79.25149,Intersection,At Intersection,Traffic Signal,Clear,Dark,Dry,Non-Fatal Injury,Turning Movement,Motorcycle Driver,20 to 24,Major,0,North,Motorcycle,Going Ahead,Exceeding Speed Limit,Normal, , , , , , , , ,Yes,Yes, , , , ,Yes,Yes, , , ,43,,,137,,968
-79.523265,43.698176,80973692,8000743389,2018,2018-04-26T04:00:00.000Z,105,1,SCARLETT RD,LAWRENCE AVE E, ,Major Arterial,Etobicoke York,43.698176,-79.523265,Intersection,At Intersection,Traffic Signal,Rain,"Dark, artificial",Wet,Non-Fatal Injury,Turning Movement,Driver,20 to 24,Major,0,North,"Automobile, Station Wagon",Going Ahead,Exceeding Speed Limit,Inattentive, , , , , , , , ,Yes, , ,Yes, ,Yes,Yes,Yes, , , ,23,,,8,,969
-79.523265,43.698176,80973693,8000743389,2018,2018-04-26T04:00:00.000Z,105,1,SCARLETT RD,LAWRENCE AVE E, ,Major Arterial,Etobicoke York,43.698176,-79.523265,Intersection,At Intersection,Traffic Signal,Rain,"Dark, artificial",Wet,Non-Fatal Injury,Turning Movement,Driver,50 to 54,None,0,South,Municipal Transit Bus (TTC),Turning Left,Driving Properly,Normal, , , , , , , , ,Yes, , ,Yes, ,Yes,Yes,Yes, , , ,23,,,8,,970
-79.523265,43.698176,80973694,8000743389,2018,2018-04-26T04:00:00.000Z,105,1,SCARLETT RD,LAWRENCE AVE E, ,Major Arterial,Etobicoke York,43.698176,-79.523265,Intersection,At Intersection,Traffic Signal,Rain,"Dark, artificial",Wet,Non-Fatal Injury,Turning Movement,Passenger,0 to 4,Minor,0, , , , , , , , , , , , , ,Yes, , ,Yes, ,Yes,Yes,Yes, , , ,23,,,8,,971
-79.523265,43.698176,80973695,8000743389,2018,2018-04-26T04:00:00.000Z,105,1,SCARLETT RD,LAWRENCE AVE E, ,Major Arterial,Etobicoke York,43.698176,-79.523265,Intersection,At Intersection,Traffic Signal,Rain,"Dark, artificial",Wet,Non-Fatal Injury,Turning Movement,Passenger,20 to 24,Minor,0, , , , , , , , , , , , , ,Yes, , ,Yes, ,Yes,Yes,Yes, , , ,23,,,8,,972
-79.523265,43.698176,80973696,8000743389,2018,2018-04-26T04:00:00.000Z,105,1,SCARLETT RD,LAWRENCE AVE E, ,Major Arterial,Etobicoke York,43.698176,-79.523265,Intersection,At Intersection,Traffic Signal,Rain,"Dark, artificial",Wet,Non-Fatal Injury,Turning Movement,Passenger,60 to 64,Minor,0, , , , , , , , , , , , , ,Yes, , ,Yes, ,Yes,Yes,Yes, , , ,23,,,8,,973
-79.493755,43.603362,80489685,5001648951,2015,2015-09-24T04:00:00.000Z,110,1,LAKE SHORE BLVD W,ROYAL YORK RD,40 m West of,Major Arterial,Etobicoke York,43.603362,-79.493755,Mid-Block,Non Intersection,No Control,Clear,"Dark, artificial",Dry,Non-Fatal Injury,SMV Other,Driver,30 to 34,Major,0,West,Pick Up Truck,Going Ahead,Speed too Fast For Condition,Unknown, , , , , , , , ,Yes, , , , , ,Yes,Yes, , , ,22,,,17,,974
-79.39159,43.665745,6114342,1156323,2010,2010-01-19T05:00:00.000Z,115,1,QUEENS PARK CRES E,ST JOSEPH ST, ,Major Arterial,Toronto and East York,43.665745,-79.39159,Mid-Block, ,No Control,Clear,Dark,Wet,Non-Fatal Injury,SMV Other,Driver,40 to 44,Major,0,North,"Automobile, Station Wagon",Going Ahead,Speed too Fast For Condition,Had Been Drinking, , , , , , , , ,Yes, , , , , ,Yes,Yes, , , ,52,,,76,,975
-79.364406,43.671145,80196653,5000756568,2015,2015-05-07T04:00:00.000Z,115,1,ROSEDALE VALLEY RD,BAYVIEW AVE, ,Minor Arterial,Toronto and East York,43.671145,-79.364406,Mid-Block,Non Intersection,No Control,Clear,"Dark, artificial",Dry,Non-Fatal Injury,SMV Other,Motorcycle Passenger,20 to 24,Major,0, , , , , , , , , , , , , , ,Yes, , , ,Yes,Yes,Yes, , , ,51,,,71,,976
-79.364406,43.671145,80196654,5000756568,2015,2015-05-07T04:00:00.000Z,115,1,ROSEDALE VALLEY RD,BAYVIEW AVE, ,Minor Arterial,Toronto and East York,43.671145,-79.364406,Mid-Block,Non Intersection,No Control,Clear,"Dark, artificial",Dry,Non-Fatal Injury,SMV Other,Motorcycle Driver,25 to 29,Major,0,West,Motorcycle,Going Ahead,Exceeding Speed Limit,Normal, , , , , , , , , ,Yes, , , ,Yes,Yes,Yes, , , ,51,,,71,,977
-79.292262,43.713065,80950450,8001595420,2018,2018-08-29T04:00:00.000Z,115,1,PHARMACY AVE,DORINE CRES,37 m North of,Minor Arterial,Scarborough,43.713065,-79.292262,Mid-Block,Non Intersection,No Control,Clear,"Dark, artificial",Dry,Non-Fatal Injury,SMV Other,Driver,20 to 24,Major,0,South,"Automobile, Station Wagon",Going Ahead,Lost control,Unknown, , , , , , , , ,Yes, , , , ,Yes,Yes,Yes, , , ,41,,,120,,978
-79.292262,43.713065,80950451,8001595420,2018,2018-08-29T04:00:00.000Z,115,1,PHARMACY AVE,DORINE CRES,37 m North of,Minor Arterial,Scarborough,43.713065,-79.292262,Mid-Block,Non Intersection,No Control,Clear,"Dark, artificial",Dry,Non-Fatal Injury,SMV Other,Passenger,20 to 24,Major,0, , , , , , , , , , , , , ,Yes, , , , ,Yes,Yes,Yes, , , ,41,,,120,,979
-79.544833,43.75149,80914555,7001508706,2017,2017-08-21T04:00:00.000Z,118,1,FINCH AVE W,WESTON RD,213 m West of,Major Arterial,Etobicoke York,43.75149,-79.544833,Mid-Block,Non Intersection,No Control,Clear,"Dark, artificial",Dry,Non-Fatal Injury,Turning Movement,Driver,unknown,None,0,West,"Automobile, Station Wagon",Going Ahead,Speed too Fast For Condition,Normal, , , , , , , , ,Yes, , , , , ,Yes,Yes, , , ,31,,,22,,980
-79.544833,43.75149,80914556,7001508706,2017,2017-08-21T04:00:00.000Z,118,1,FINCH AVE W,WESTON RD,213 m West of,Major Arterial,Etobicoke York,43.75149,-79.544833,Mid-Block,Non Intersection,No Control,Clear,"Dark, artificial",Dry,Non-Fatal Injury,Turning Movement,Driver,15 to 19,Major,0,East,"Automobile, Station Wagon",Turning Left,Failed to Yield Right of Way,Unknown, , , , , , , , ,Yes, , , , , ,Yes,Yes, , , ,31,,,22,,981
-79.40569,43.678045,6702155,1265542,2011,2011-09-18T04:00:00.000Z,120,1,DAVENPORT RD,HURON ST, ,Minor Arterial,Toronto and East York,43.678045,-79.40569,Intersection,At Intersection,Stop Sign,Clear,Dark,Dry,Non-Fatal Injury,SMV Other,Motorcycle Driver,30 to 34,Major,0,West,Motorcycle,Going Ahead,Speed too Fast For Condition,Had Been Drinking, , , , , , , , , ,Yes, , , , ,Yes,Yes, , , ,53,,,96,,982
-79.213184,43.814582,80501585,5001530826,2015,2015-09-05T04:00:00.000Z,120,1,SEWELLS RD,HUPFIELD TRL,20 m West of,Minor Arterial,Scarborough,43.814582,-79.213184,Intersection,Intersection Related,No Control,Clear,"Dark, artificial",Dry,Non-Fatal Injury,SMV Other,Driver,20 to 24,None,0,East,"Automobile, Station Wagon",Going Ahead,Lost control,Unknown, , , , , , , , ,Yes, , , , ,Yes,Yes,Yes, , , ,42,,,132,,983
-79.213184,43.814582,80501586,5001530826,2015,2015-09-05T04:00:00.000Z,120,1,SEWELLS RD,HUPFIELD TRL,20 m West of,Minor Arterial,Scarborough,43.814582,-79.213184,Intersection,Intersection Related,No Control,Clear,"Dark, artificial",Dry,Non-Fatal Injury,SMV Other,Passenger,20 to 24,Minor,0, , , , , , , , , , , , , ,Yes, , , , ,Yes,Yes,Yes, , , ,42,,,132,,984
-79.213184,43.814582,80501587,5001530826,2015,2015-09-05T04:00:00.000Z,120,1,SEWELLS RD,HUPFIELD TRL,20 m West of,Minor Arterial,Scarborough,43.814582,-79.213184,Intersection,Intersection Related,No Control,Clear,"Dark, artificial",Dry,Non-Fatal Injury,SMV Other,Passenger,15 to 19,Major,0, , , , , , , , , , , , , ,Yes, , , , ,Yes,Yes,Yes, , , ,42,,,132,,985
-79.268276,43.787505,80887678,7001386186,2017,2017-08-02T04:00:00.000Z,123,1,BRIMLEY RD,SHEPPARD AVE E, ,Major Arterial,Scarborough,43.787505,-79.268276,Intersection,At Intersection,Traffic Signal,Clear,"Dark, artificial",Dry,Non-Fatal Injury,Turning Movement,Driver,20 to 24,None,0,North,"Automobile, Station Wagon",Going Ahead,Driving Properly,Normal, , , , , , , , ,Yes, , , , , ,Yes,Yes, , , ,42,,,128,,986
-79.268276,43.787505,80887679,7001386186,2017,2017-08-02T04:00:00.000Z,123,1,BRIMLEY RD,SHEPPARD AVE E, ,Major Arterial,Scarborough,43.787505,-79.268276,Intersection,At Intersection,Traffic Signal,Clear,"Dark, artificial",Dry,Non-Fatal Injury,Turning Movement,Driver,55 to 59,Major,0,South,"Automobile, Station Wagon",Turning Left,Improper Turn,Inattentive, , , , , , , , ,Yes, , , , , ,Yes,Yes, , , ,42,,,128,,987
-79.589862,43.759535,80945392,8001179636,2018,2018-06-29T04:00:00.000Z,123,1,STEELES AVE W,KIPLING AVE, ,Major Arterial,Etobicoke York,43.759535,-79.589862,Intersection,At Intersection,Traffic Signal,Clear,Dark,Dry,Fatal,Pedestrian Collisions,Driver,25 to 29,None,0,East,"Automobile, Station Wagon",Going Ahead, ,Unknown, , , , , , ,Yes, ,Yes, , , , , ,Yes,Yes, , , ,23,,,2,,988
-79.589862,43.759535,80945875,8001179636,2018,2018-06-29T04:00:00.000Z,123,1,STEELES AVE W,KIPLING AVE, ,Major Arterial,Etobicoke York,43.759535,-79.589862,Intersection,At Intersection,Traffic Signal,Clear,Dark,Dry,Fatal,Pedestrian Collisions,Driver,25 to 29,None,0,North,"Automobile, Station Wagon",Stopped,Driving Properly,"Ability Impaired, Drugs", , , , , , ,Yes, ,Yes, , , , , ,Yes,Yes, , , ,23,,,2,,989
-79.589862,43.759535,80945876,8001179636,2018,2018-06-29T04:00:00.000Z,123,1,STEELES AVE W,KIPLING AVE, ,Major Arterial,Etobicoke York,43.759535,-79.589862,Intersection,At Intersection,Traffic Signal,Clear,Dark,Dry,Fatal,Pedestrian Collisions,Driver,55 to 59,None,0,West,"Automobile, Station Wagon",Turning Left, ,Unknown, , , , , , ,Yes, ,Yes, , , , , ,Yes,Yes, , , ,23,,,2,,990
-79.589862,43.759535,80948655,8001179636,2018,2018-06-29T04:00:00.000Z,123,1,STEELES AVE W,KIPLING AVE, ,Major Arterial,Etobicoke York,43.759535,-79.589862,Intersection,At Intersection,Traffic Signal,Clear,Dark,Dry,Fatal,Pedestrian Collisions,Pedestrian,15 to 19,Fatal,35,Unknown, , , , ,Pedestrian hit on sidewalk or shoulder,On Sidewalk or Shoulder,Normal, , , ,Yes, ,Yes, , , , , ,Yes,Yes, , , ,23,,,2,,991
-79.29839,43.754345,7496961,1328909,2012,2012-11-29T05:00:00.000Z,125,1,WARDEN AVE,TOWER DR, ,Major Arterial,Scarborough,43.754345,-79.29839,Intersection,At Intersection,Traffic Signal,Clear,Dark,Dry,Non-Fatal Injury,Rear End,Vehicle Owner,unknown, ,0, ,Other, , , , , , , , , , , ,Yes, , , , , ,Yes,Yes, , , ,41,,,119,,992
-79.29839,43.754345,7496962,1328909,2012,2012-11-29T05:00:00.000Z,125,1,WARDEN AVE,TOWER DR, ,Major Arterial,Scarborough,43.754345,-79.29839,Intersection,At Intersection,Traffic Signal,Clear,Dark,Dry,Non-Fatal Injury,Rear End,Driver,20 to 24,Minor,0,South,"Automobile, Station Wagon",Stopped,Driving Properly,Normal, , , , , , , , ,Yes, , , , , ,Yes,Yes, , , ,41,,,119,,993
-79.29839,43.754345,7496963,1328909,2012,2012-11-29T05:00:00.000Z,125,1,WARDEN AVE,TOWER DR, ,Major Arterial,Scarborough,43.754345,-79.29839,Intersection,At Intersection,Traffic Signal,Clear,Dark,Dry,Non-Fatal Injury,Rear End,Vehicle Owner,unknown, ,0, ,Other, , , , , , , , , , , ,Yes, , , , , ,Yes,Yes, , , ,41,,,119,,994
-79.29839,43.754345,7496964,1328909,2012,2012-11-29T05:00:00.000Z,125,1,WARDEN AVE,TOWER DR, ,Major Arterial,Scarborough,43.754345,-79.29839,Intersection,At Intersection,Traffic Signal,Clear,Dark,Dry,Non-Fatal Injury,Rear End,Driver,30 to 34,Major,0,South,"Automobile, Station Wagon",Going Ahead,Exceeding Speed Limit,Fatigue, , , , , , , , ,Yes, , , , , ,Yes,Yes, , , ,41,,,119,,995
-79.361987,43.692008,80792372,8000000539,2018,2018-01-01T05:00:00.000Z,125,1,BAYVIEW AVE,POTTERY RD,403 m N of,Major Arterial,Toronto and East York,43.692008,-79.361987,Mid-Block,Non Intersection,No Control,Clear,"Dark, artificial",Dry,Fatal,SMV Other,Driver,35 to 39,Fatal,1,South,"Automobile, Station Wagon",Going Ahead,Speed too Fast For Condition,Unknown, , , , , , , , ,Yes, , , , , ,Yes,Yes, , , ,53,,,56,,996
-79.131595,43.780631,80972657,8001845570,2018,2018-10-06T04:00:00.000Z,125,1,LAWRENCE AVE E,EAST AVE, ,Collector,Scarborough,43.780631,-79.131595,Intersection,At Intersection,Traffic Signal,Clear,"Dark, artificial",Dry,Non-Fatal Injury,SMV Other,Driver,20 to 24,Major,0,East,"Automobile, Station Wagon",Unknown,Lost control,Unknown, , , , , , , , ,Yes, , , , ,Yes,Yes,Yes, , , ,43,,,131,,997
-79.131595,43.780631,80972658,8001845570,2018,2018-10-06T04:00:00.000Z,125,1,LAWRENCE AVE E,EAST AVE, ,Collector,Scarborough,43.780631,-79.131595,Intersection,At Intersection,Traffic Signal,Clear,"Dark, artificial",Dry,Non-Fatal Injury,SMV Other,Passenger,20 to 24,Minor,0, , , , , , , , , , , , , ,Yes, , , , ,Yes,Yes,Yes, , , ,43,,,131,,998
-79.471133,43.72782,80198452,3001022701,2013,2013-11-23T05:00:00.000Z,130,1,WINSTON PARK BLVD,ANTHONY RD, ,Local,North York,43.72782,-79.471133,Intersection,At/Near Private Drive,Stop Sign,Clear,"Dark, artificial",Dry,Non-Fatal Injury,SMV Unattended Vehicle,Driver,25 to 29,Major,0,West,"Automobile, Station Wagon",Turning Left,Lost control,Unknown, , , , , , , , ,Yes, , , , , ,Yes,Yes, , , ,32,,,26,,999
-79.451022,43.665156,80902355,7001021387,2017,2017-06-09T04:00:00.000Z,135,1,SYMINGTON AVE,DUPONT ST,50 m South of,Collector,Toronto and East York,43.665156,-79.451022,Mid-Block,Non Intersection,No Control,Clear,"Dark, artificial",Dry,Non-Fatal Injury,SMV Unattended Vehicle,Driver,20 to 24,Major,0,South,"Automobile, Station Wagon",Going Ahead,Lost control,Unknown, , , , , , , , ,Yes, , , , , ,Yes,Yes, , , ,11,,,93,,1000